(;01.01;t_t;Análise E Desenvolvimento De Sistemas.;t_t;1.1502.10.00;t_t;Serviços de projeto, desenvolvimento e instalação de aplicativos e programas não personalizados (não customizados) ;t_t;100301;t_t;Domicílio principal do adquirente;t_t;000001;t_t;Situações tributadas integralmente pelo IBS e CBS.;)_g
(;01.01;t_t;Análise E Desenvolvimento De Sistemas.;t_t;1.1502.20.00;t_t;Serviços de projeto e desenvolvimento, adaptação e instalação de aplicativos e programas personalizados (customizados) ;t_t;100301;t_t;Domicílio principal do adquirente;t_t;000001;t_t;Situações tributadas integralmente pelo IBS e CBS.;)_g
(;01.01;t_t;Análise E Desenvolvimento De Sistemas.;t_t;1.1502.40.00;t_t;Serviços de projeto e desenvolvimento de estruturas e conteúdo de bancos de dados ;t_t;100301;t_t;Domicílio principal do adquirente;t_t;000001;t_t;Situações tributadas integralmente pelo IBS e CBS.;)_g
(;01.01;t_t;Análise E Desenvolvimento De Sistemas.;t_t;1.1502.50.00;t_t;Serviços de integração de sistemas em tecnologia da informação (TI) ;t_t;100301;t_t;Domicílio principal do adquirente;t_t;000001;t_t;Situações tributadas integralmente pelo IBS e CBS.;)_g
(;01.01;t_t;Análise E Desenvolvimento De Sistemas.;t_t;1.1502.90.00;t_t;Serviços de projeto e desenvolvimento de aplicativos e programas em tecnologia da informação (TI) não classificados em subposições anteriores;t_t;100301;t_t;Domicílio principal do adquirente;t_t;000001;t_t;Situações tributadas integralmente pelo IBS e CBS.;)_g
(;01.01;t_t;Análise E Desenvolvimento De Sistemas.;t_t;1.1502.90.00;t_t;Serviços de projeto e desenvolvimento de aplicativos e programas em tecnologia da informação (TI) não classificados em subposições anteriores;t_t;100301;t_t;Domicílio principal do adquirente;t_t;200043;t_t;Fornecimento à administração pública dos serviços e dos bens relativos à soberania (Anexo XI);)_g
(;01.01;t_t;Análise E Desenvolvimento De Sistemas.;t_t;1.1502.90.00;t_t;Serviços de projeto e desenvolvimento de aplicativos e programas em tecnologia da informação (TI) não classificados em subposições anteriores;t_t;100301;t_t;Domicílio principal do adquirente;t_t;200044;t_t;Operações e prestações de serviços de segurança da informação e segurança cibernética desenvolvidos por sociedade que tenha sócio brasileiro (Anexo XI);)_g
(;01.01;t_t;Análise E Desenvolvimento De Sistemas.;t_t;1.1503.00.00;t_t;Serviços de projeto e desenvolvimento de redes em tecnologia da informação (TI) ;t_t;100301;t_t;Domicílio principal do adquirente;t_t;000001;t_t;Situações tributadas integralmente pelo IBS e CBS.;)_g
(;01.01;t_t;Análise E Desenvolvimento De Sistemas.;t_t;1.1504.00.00;t_t;Serviços de projeto e desenvolvimento de topografias de circuitos integrados ;t_t;100301;t_t;Domicílio principal do adquirente;t_t;000001;t_t;Situações tributadas integralmente pelo IBS e CBS.;)_g
(;01.01;t_t;Análise E Desenvolvimento De Sistemas.;t_t;1.1505.00.00;t_t;Serviços de projeto de circuitos integrados ;t_t;100301;t_t;Domicílio principal do adquirente;t_t;000001;t_t;Situações tributadas integralmente pelo IBS e CBS.;)_g
(;01.01;t_t;Análise E Desenvolvimento De Sistemas.;t_t;1.1507.10.00;t_t;Serviços de gerenciamento de redes em tecnologia da informação (TI);t_t;100301;t_t;Domicílio principal do adquirente;t_t;000001;t_t;Situações tributadas integralmente pelo IBS e CBS.;)_g
(;01.01;t_t;Análise E Desenvolvimento De Sistemas.;t_t;1.1507.20.00;t_t;Serviços de gerenciamento de sistemas computacionais ;t_t;100301;t_t;Domicílio principal do adquirente;t_t;000001;t_t;Situações tributadas integralmente pelo IBS e CBS.;)_g
(;01.01;t_t;Análise E Desenvolvimento De Sistemas.;t_t;1.1507.90.00;t_t;Serviços de gerenciamento de infraestrutura em tecnologia da informação (TI) não classificados em subposições anteriores;t_t;100301;t_t;Domicílio principal do adquirente;t_t;000001;t_t;Situações tributadas integralmente pelo IBS e CBS.;)_g
(;01.02;t_t;Programação.;t_t;1.1502.10.00;t_t;Serviços de projeto, desenvolvimento e instalação de aplicativos e programas não personalizados (não customizados) ;t_t;100301;t_t;Domicílio principal do adquirente;t_t;000001;t_t;Situações tributadas integralmente pelo IBS e CBS.;)_g
(;01.02;t_t;Programação.;t_t;1.1502.20.00;t_t;Serviços de projeto e desenvolvimento, adaptação e instalação de aplicativos e programas personalizados (customizados) ;t_t;100301;t_t;Domicílio principal do adquirente;t_t;000001;t_t;Situações tributadas integralmente pelo IBS e CBS.;)_g
(;01.02;t_t;Programação.;t_t;1.1502.90.00;t_t;Serviços de projeto e desenvolvimento de aplicativos e programas em tecnologia da informação (TI) não classificados em subposições anteriores;t_t;100301;t_t;Domicílio principal do adquirente;t_t;000001;t_t;Situações tributadas integralmente pelo IBS e CBS.;)_g
(;01.02;t_t;Programação.;t_t;1.1502.90.00;t_t;Serviços de projeto e desenvolvimento de aplicativos e programas em tecnologia da informação (TI) não classificados em subposições anteriores;t_t;100301;t_t;Domicílio principal do adquirente;t_t;200043;t_t;Fornecimento à administração pública dos serviços e dos bens relativos à soberania (Anexo XI);)_g
(;01.02;t_t;Programação.;t_t;1.1502.90.00;t_t;Serviços de projeto e desenvolvimento de aplicativos e programas em tecnologia da informação (TI) não classificados em subposições anteriores;t_t;100301;t_t;Domicílio principal do adquirente;t_t;200044;t_t;Operações e prestações de serviços de segurança da informação e segurança cibernética desenvolvidos por sociedade que tenha sócio brasileiro (Anexo XI);)_g
(;01.03;t_t;Processamento, Armazenamento Ou Hospedagem De Dados, Textos, Imagens, Vídeos, Páginas Eletrônicas, Aplicativos E Sistemas De Informação, Entre Outros Formatos, E Congêneres. (Redação Dada Pela Lei Complementar Nº 157, De 2016);t_t;1.1506.10.00;t_t;Serviços de hospedagem de sítios eletrônicos na rede mundial de computadores ;t_t;100301;t_t;Domicílio principal do adquirente;t_t;000001;t_t;Situações tributadas integralmente pelo IBS e CBS.;)_g
(;01.03;t_t;Processamento, Armazenamento Ou Hospedagem De Dados, Textos, Imagens, Vídeos, Páginas Eletrônicas, Aplicativos E Sistemas De Informação, Entre Outros Formatos, E Congêneres. (Redação Dada Pela Lei Complementar Nº 157, De 2016);t_t;1.1506.21.00;t_t;Serviços de hospedagem de aplicativos e programas software como serviço (SaaS);t_t;100301;t_t;Domicílio principal do adquirente;t_t;000001;t_t;Situações tributadas integralmente pelo IBS e CBS.;)_g
(;01.03;t_t;Processamento, Armazenamento Ou Hospedagem De Dados, Textos, Imagens, Vídeos, Páginas Eletrônicas, Aplicativos E Sistemas De Informação, Entre Outros Formatos, E Congêneres. (Redação Dada Pela Lei Complementar Nº 157, De 2016);t_t;1.1506.22.00;t_t;Serviços de fornecimento de infraestrutura como serviço (IaaS);t_t;100301;t_t;Domicílio principal do adquirente;t_t;000001;t_t;Situações tributadas integralmente pelo IBS e CBS.;)_g
(;01.03;t_t;Processamento, Armazenamento Ou Hospedagem De Dados, Textos, Imagens, Vídeos, Páginas Eletrônicas, Aplicativos E Sistemas De Informação, Entre Outros Formatos, E Congêneres. (Redação Dada Pela Lei Complementar Nº 157, De 2016);t_t;1.1506.23.00;t_t;Serviços de fornecimento de plataformas como serviço (PaaS);t_t;100301;t_t;Domicílio principal do adquirente;t_t;000001;t_t;Situações tributadas integralmente pelo IBS e CBS.;)_g
(;01.03;t_t;Processamento, Armazenamento Ou Hospedagem De Dados, Textos, Imagens, Vídeos, Páginas Eletrônicas, Aplicativos E Sistemas De Informação, Entre Outros Formatos, E Congêneres. (Redação Dada Pela Lei Complementar Nº 157, De 2016);t_t;1.1506.29.00;t_t;Serviços de hospedagem de aplicativos e programas não classificados em subposições anteriores;t_t;100301;t_t;Domicílio principal do adquirente;t_t;000001;t_t;Situações tributadas integralmente pelo IBS e CBS.;)_g
(;01.03;t_t;Processamento, Armazenamento Ou Hospedagem De Dados, Textos, Imagens, Vídeos, Páginas Eletrônicas, Aplicativos E Sistemas De Informação, Entre Outros Formatos, E Congêneres. (Redação Dada Pela Lei Complementar Nº 157, De 2016);t_t;1.1506.90.00;t_t;Serviços de hospedagem e de disponibilização de infraestrutura em tecnologia da informação (TI) não classificados em subposições anteriores;t_t;100301;t_t;Domicílio principal do adquirente;t_t;000001;t_t;Situações tributadas integralmente pelo IBS e CBS.;)_g
(;01.03;t_t;Processamento, Armazenamento Ou Hospedagem De Dados, Textos, Imagens, Vídeos, Páginas Eletrônicas, Aplicativos E Sistemas De Informação, Entre Outros Formatos, E Congêneres. (Redação Dada Pela Lei Complementar Nº 157, De 2016);t_t;1.1509.00.00;t_t;Serviços de processamento de dados ;t_t;100301;t_t;Domicílio principal do adquirente;t_t;000001;t_t;Situações tributadas integralmente pelo IBS e CBS.;)_g
(;01.04;t_t;Elaboração De Programas De Computadores, Inclusive De Jogos Eletrônicos, Independentemente Da Arquitetura Construtiva Da Máquina Em Que O Programa Será Executado, Incluindo Tablets, Smartphones E Congêneres. (Redação Dada Pela Lei Complementar Nº 157, De 2016);t_t;1.1502.10.00;t_t;Serviços de projeto, desenvolvimento e instalação de aplicativos e programas não personalizados (não customizados) ;t_t;100301;t_t;Domicílio principal do adquirente;t_t;000001;t_t;Situações tributadas integralmente pelo IBS e CBS.;)_g
(;01.04;t_t;Elaboração De Programas De Computadores, Inclusive De Jogos Eletrônicos, Independentemente Da Arquitetura Construtiva Da Máquina Em Que O Programa Será Executado, Incluindo Tablets, Smartphones E Congêneres. (Redação Dada Pela Lei Complementar Nº 157, De 2016);t_t;1.1502.20.00;t_t;Serviços de projeto e desenvolvimento, adaptação e instalação de aplicativos e programas personalizados (customizados) ;t_t;100301;t_t;Domicílio principal do adquirente;t_t;000001;t_t;Situações tributadas integralmente pelo IBS e CBS.;)_g
(;01.04;t_t;Elaboração De Programas De Computadores, Inclusive De Jogos Eletrônicos, Independentemente Da Arquitetura Construtiva Da Máquina Em Que O Programa Será Executado, Incluindo Tablets, Smartphones E Congêneres. (Redação Dada Pela Lei Complementar Nº 157, De 2016);t_t;1.1502.90.00;t_t;Serviços de projeto e desenvolvimento de aplicativos e programas em tecnologia da informação (TI) não classificados em subposições anteriores;t_t;100301;t_t;Domicílio principal do adquirente;t_t;000001;t_t;Situações tributadas integralmente pelo IBS e CBS.;)_g
(;01.04;t_t;Elaboração De Programas De Computadores, Inclusive De Jogos Eletrônicos, Independentemente Da Arquitetura Construtiva Da Máquina Em Que O Programa Será Executado, Incluindo Tablets, Smartphones E Congêneres. (Redação Dada Pela Lei Complementar Nº 157, De 2016);t_t;0.0000.00.00;t_t;--;t_t;100301;t_t;Domicílio principal do adquirente;t_t;200043;t_t;Fornecimento à administração pública dos serviços e dos bens relativos à soberania (Anexo XI);)_g
(;01.04;t_t;Elaboração De Programas De Computadores, Inclusive De Jogos Eletrônicos, Independentemente Da Arquitetura Construtiva Da Máquina Em Que O Programa Será Executado, Incluindo Tablets, Smartphones E Congêneres. (Redação Dada Pela Lei Complementar Nº 157, De 2016);t_t;0.0000.00.00;t_t;--;t_t;100301;t_t;Domicílio principal do adquirente;t_t;200044;t_t;Operações e prestações de serviços de segurança da informação e segurança cibernética desenvolvidos por sociedade que tenha sócio brasileiro (Anexo XI);)_g
(;01.05;t_t;Licenciamento Ou Cessão De Direito De Uso De Programas De Computação.;t_t;1.1103.21.00;t_t;Licenciamento de direitos de produção, distribuição ou comercialização de programas de computador (software);t_t;100501;t_t;Domicílio principal do adquirente;t_t;000001;t_t;Situações tributadas integralmente pelo IBS e CBS.;)_g
(;01.05;t_t;Licenciamento Ou Cessão De Direito De Uso De Programas De Computação.;t_t;1.1103.22.00;t_t;Licenciamento de direitos de uso de programas de computador (software);t_t;100501;t_t;Domicílio principal do adquirente;t_t;000001;t_t;Situações tributadas integralmente pelo IBS e CBS.;)_g
(;01.05;t_t;Licenciamento Ou Cessão De Direito De Uso De Programas De Computação.;t_t;1.1103.23.00;t_t;Licenciamento de direitos sobre bancos de dados;t_t;100501;t_t;Domicílio principal do adquirente;t_t;000001;t_t;Situações tributadas integralmente pelo IBS e CBS.;)_g
(;01.05;t_t;Licenciamento Ou Cessão De Direito De Uso De Programas De Computação.;t_t;1.1103.29.00;t_t;Licenciamento de direitos sobre programas de computador (software) e bancos de dados não classificado em subposições anteriores;t_t;100501;t_t;Domicílio principal do adquirente;t_t;000001;t_t;Situações tributadas integralmente pelo IBS e CBS.;)_g
(;01.05;t_t;Licenciamento Ou Cessão De Direito De Uso De Programas De Computação.;t_t;1.1106.20.00;t_t;Cessão temporária de direitos sobre programas de computador (software);t_t;100501;t_t;Domicílio principal do adquirente;t_t;000001;t_t;Situações tributadas integralmente pelo IBS e CBS.;)_g
(;01.05;t_t;Licenciamento Ou Cessão De Direito De Uso De Programas De Computação.;t_t;1.1107.20.00;t_t;Cessão definitiva de direitos sobre programas de computador (software);t_t;100501;t_t;Domicílio principal do adquirente;t_t;000001;t_t;Situações tributadas integralmente pelo IBS e CBS.;)_g
(;01.06;t_t;Assessoria E Consultoria Em Informática.;t_t;1.1501.10.00;t_t;Serviços de consultoria em tecnologia da informação (TI) ;t_t;100301;t_t;Domicílio principal do adquirente;t_t;000001;t_t;Situações tributadas integralmente pelo IBS e CBS.;)_g
(;01.06;t_t;Assessoria E Consultoria Em Informática.;t_t;1.1501.20.00;t_t;Serviços de segurança em tecnologia da informação (TI) ;t_t;100301;t_t;Domicílio principal do adquirente;t_t;000001;t_t;Situações tributadas integralmente pelo IBS e CBS.;)_g
(;01.06;t_t;Assessoria E Consultoria Em Informática.;t_t;1.1501.20.00;t_t;Serviços de segurança em tecnologia da informação (TI) ;t_t;100301;t_t;Domicílio principal do adquirente;t_t;200043;t_t;Fornecimento à administração pública dos serviços e dos bens relativos à soberania (Anexo XI);)_g
(;01.06;t_t;Assessoria E Consultoria Em Informática.;t_t;1.1501.20.00;t_t;Serviços de segurança em tecnologia da informação (TI) ;t_t;100301;t_t;Domicílio principal do adquirente;t_t;200044;t_t;Operações e prestações de serviços de segurança da informação e segurança cibernética desenvolvidos por sociedade que tenha sócio brasileiro (Anexo XI);)_g
(;01.06;t_t;Assessoria E Consultoria Em Informática.;t_t;1.1507.10.00;t_t;Serviços de gerenciamento de redes em tecnologia da informação (TI);t_t;100301;t_t;Domicílio principal do adquirente;t_t;000001;t_t;Situações tributadas integralmente pelo IBS e CBS.;)_g
(;01.06;t_t;Assessoria E Consultoria Em Informática.;t_t;1.1507.20.00;t_t;Serviços de gerenciamento de sistemas computacionais ;t_t;100301;t_t;Domicílio principal do adquirente;t_t;000001;t_t;Situações tributadas integralmente pelo IBS e CBS.;)_g
(;01.06;t_t;Assessoria E Consultoria Em Informática.;t_t;1.1507.90.00;t_t;Serviços de gerenciamento de infraestrutura em tecnologia da informação (TI) não classificados em subposições anteriores;t_t;100301;t_t;Domicílio principal do adquirente;t_t;000001;t_t;Situações tributadas integralmente pelo IBS e CBS.;)_g
(;01.06;t_t;Assessoria E Consultoria Em Informática.;t_t;1.1510.00.00;t_t;Serviços de tecnologia da informação (TI) não classificados em subposições anteriores;t_t;100301;t_t;Domicílio principal do adquirente;t_t;000001;t_t;Situações tributadas integralmente pelo IBS e CBS.;)_g
(;01.06;t_t;Assessoria E Consultoria Em Informática.;t_t;1.1510.00.00;t_t;Serviços de tecnologia da informação (TI) não classificados em subposições anteriores;t_t;100301;t_t;Domicílio principal do adquirente;t_t;200043;t_t;Fornecimento à administração pública dos serviços e dos bens relativos à soberania (Anexo XI);)_g
(;01.06;t_t;Assessoria E Consultoria Em Informática.;t_t;1.1510.00.00;t_t;Serviços de tecnologia da informação (TI) não classificados em subposições anteriores;t_t;100301;t_t;Domicílio principal do adquirente;t_t;200044;t_t;Operações e prestações de serviços de segurança da informação e segurança cibernética desenvolvidos por sociedade que tenha sócio brasileiro (Anexo XI);)_g
(;01.07;t_t;Suporte Técnico Em Informática, Inclusive Instalação, Configuração E Manutenção De Programas De Computação E Bancos De Dados.;t_t;1.1501.30.00;t_t;Serviços de suporte em tecnologia da informação (TI) ;t_t;050101;t_t;local da prestação;t_t;000001;t_t;Situações tributadas integralmente pelo IBS e CBS.;)_g
(;01.07;t_t;Suporte Técnico Em Informática, Inclusive Instalação, Configuração E Manutenção De Programas De Computação E Bancos De Dados.;t_t;1.1501.30.00;t_t;Serviços de suporte em tecnologia da informação (TI) ;t_t;050102;t_t;local da prestação;t_t;000001;t_t;Situações tributadas integralmente pelo IBS e CBS.;)_g
(;01.07;t_t;Suporte Técnico Em Informática, Inclusive Instalação, Configuração E Manutenção De Programas De Computação E Bancos De Dados.;t_t;1.1501.30.00;t_t;Serviços de suporte em tecnologia da informação (TI) ;t_t;050103;t_t;local da prestação;t_t;000001;t_t;Situações tributadas integralmente pelo IBS e CBS.;)_g
(;01.07;t_t;Suporte Técnico Em Informática, Inclusive Instalação, Configuração E Manutenção De Programas De Computação E Bancos De Dados.;t_t;1.1501.30.00;t_t;Serviços de suporte em tecnologia da informação (TI) ;t_t;050104;t_t;local da prestação;t_t;000001;t_t;Situações tributadas integralmente pelo IBS e CBS.;)_g
(;01.07;t_t;Suporte Técnico Em Informática, Inclusive Instalação, Configuração E Manutenção De Programas De Computação E Bancos De Dados.;t_t;1.1501.30.00;t_t;Serviços de suporte em tecnologia da informação (TI) ;t_t;100301;t_t;Domicílio principal do adquirente;t_t;000001;t_t;Situações tributadas integralmente pelo IBS e CBS.;)_g
(;01.07;t_t;Suporte Técnico Em Informática, Inclusive Instalação, Configuração E Manutenção De Programas De Computação E Bancos De Dados.;t_t;1.1508.00.00;t_t;Serviços de manutenção de aplicativos e programas ;t_t;100301;t_t;Domicílio principal do adquirente;t_t;000001;t_t;Situações tributadas integralmente pelo IBS e CBS.;)_g
(;01.07;t_t;Suporte Técnico Em Informática, Inclusive Instalação, Configuração E Manutenção De Programas De Computação E Bancos De Dados.;t_t;1.1502.10.00;t_t;Serviços de projeto, desenvolvimento e instalação de aplicativos e programas não personalizados (não customizados) ;t_t;100301;t_t;Domicílio principal do adquirente;t_t;000001;t_t;Situações tributadas integralmente pelo IBS e CBS.;)_g
(;01.07;t_t;Suporte Técnico Em Informática, Inclusive Instalação, Configuração E Manutenção De Programas De Computação E Bancos De Dados.;t_t;1.1502.20.00;t_t;Serviços de projeto e desenvolvimento, adaptação e instalação de aplicativos e programas personalizados (customizados) ;t_t;100301;t_t;Domicílio principal do adquirente;t_t;000001;t_t;Situações tributadas integralmente pelo IBS e CBS.;)_g
(;01.08;t_t;Planejamento, Confecção, Manutenção E Atualização De Páginas Eletrônicas.;t_t;1.1502.30.00;t_t;Serviços de projeto e desenvolvimento de estruturas e conteúdo de páginas eletrônicas;t_t;100301;t_t;Domicílio principal do adquirente;t_t;000001;t_t;Situações tributadas integralmente pelo IBS e CBS.;)_g
(;01.08;t_t;Planejamento, Confecção, Manutenção E Atualização De Páginas Eletrônicas.;t_t;1.1502.30.00;t_t;Serviços de projeto e desenvolvimento de estruturas e conteúdo de páginas eletrônicas;t_t;100301;t_t;Domicílio principal do adquirente;t_t;200040;t_t;Fornecimento de serviços de comunicação institucional à administração pública;)_g
(;01.09;t_t;Disponibilização, Sem Cessão Definitiva, De Conteúdos De Áudio, Vídeo, Imagem E Texto Por Meio Da Internet, Respeitada A Imunidade De Livros, Jornais E Periódicos (Exceto A Distribuição De Conteúdos Pelas Prestadoras De Serviço De Acesso Condicionado, De Que Trata A Lei No 12.485, De 12 De Setembro De 2011, Sujeita Ao ICMS). (Incluído Pela Lei Complementar Nº 157, De 2016);t_t;1.1703.10.00;t_t;Serviços de oferta de livros, jornais, periódicos, diretórios e malas diretas de acesso imediato (on-line);t_t;100301;t_t;Domicílio principal do adquirente;t_t;000001;t_t;Situações tributadas integralmente pelo IBS e CBS.;)_g
(;01.09;t_t;Disponibilização, Sem Cessão Definitiva, De Conteúdos De Áudio, Vídeo, Imagem E Texto Por Meio Da Internet, Respeitada A Imunidade De Livros, Jornais E Periódicos (Exceto A Distribuição De Conteúdos Pelas Prestadoras De Serviço De Acesso Condicionado, De Que Trata A Lei No 12.485, De 12 De Setembro De 2011, Sujeita Ao ICMS). (Incluído Pela Lei Complementar Nº 157, De 2016);t_t;1.1703.21.00;t_t;Serviços de oferta de áudio para download;t_t;100301;t_t;Domicílio principal do adquirente;t_t;000001;t_t;Situações tributadas integralmente pelo IBS e CBS.;)_g
(;01.09;t_t;Disponibilização, Sem Cessão Definitiva, De Conteúdos De Áudio, Vídeo, Imagem E Texto Por Meio Da Internet, Respeitada A Imunidade De Livros, Jornais E Periódicos (Exceto A Distribuição De Conteúdos Pelas Prestadoras De Serviço De Acesso Condicionado, De Que Trata A Lei No 12.485, De 12 De Setembro De 2011, Sujeita Ao ICMS). (Incluído Pela Lei Complementar Nº 157, De 2016);t_t;1.1703.22.00;t_t;Serviços de oferta de áudio de conteúdo contínuo (streaming);t_t;100301;t_t;Domicílio principal do adquirente;t_t;000001;t_t;Situações tributadas integralmente pelo IBS e CBS.;)_g
(;01.09;t_t;Disponibilização, Sem Cessão Definitiva, De Conteúdos De Áudio, Vídeo, Imagem E Texto Por Meio Da Internet, Respeitada A Imunidade De Livros, Jornais E Periódicos (Exceto A Distribuição De Conteúdos Pelas Prestadoras De Serviço De Acesso Condicionado, De Que Trata A Lei No 12.485, De 12 De Setembro De 2011, Sujeita Ao ICMS). (Incluído Pela Lei Complementar Nº 157, De 2016);t_t;1.1703.31.00;t_t;Serviços de oferta de arquivos contendo filmes e vídeos para download;t_t;100301;t_t;Domicílio principal do adquirente;t_t;000001;t_t;Situações tributadas integralmente pelo IBS e CBS.;)_g
(;01.09;t_t;Disponibilização, Sem Cessão Definitiva, De Conteúdos De Áudio, Vídeo, Imagem E Texto Por Meio Da Internet, Respeitada A Imunidade De Livros, Jornais E Periódicos (Exceto A Distribuição De Conteúdos Pelas Prestadoras De Serviço De Acesso Condicionado, De Que Trata A Lei No 12.485, De 12 De Setembro De 2011, Sujeita Ao ICMS). (Incluído Pela Lei Complementar Nº 157, De 2016);t_t;1.1703.32.00;t_t;Serviços de oferta de filmes e vídeos de conteúdo contínuo (streaming);t_t;100301;t_t;Domicílio principal do adquirente;t_t;000001;t_t;Situações tributadas integralmente pelo IBS e CBS.;)_g
(;01.09;t_t;Disponibilização, Sem Cessão Definitiva, De Conteúdos De Áudio, Vídeo, Imagem E Texto Por Meio Da Internet, Respeitada A Imunidade De Livros, Jornais E Periódicos (Exceto A Distribuição De Conteúdos Pelas Prestadoras De Serviço De Acesso Condicionado, De Que Trata A Lei No 12.485, De 12 De Setembro De 2011, Sujeita Ao ICMS). (Incluído Pela Lei Complementar Nº 157, De 2016);t_t;1.1703.91.00;t_t;Serviços de oferta de jogos de acesso imediato (on-line) ;t_t;100301;t_t;Domicílio principal do adquirente;t_t;000001;t_t;Situações tributadas integralmente pelo IBS e CBS.;)_g
(;01.09;t_t;Disponibilização, Sem Cessão Definitiva, De Conteúdos De Áudio, Vídeo, Imagem E Texto Por Meio Da Internet, Respeitada A Imunidade De Livros, Jornais E Periódicos (Exceto A Distribuição De Conteúdos Pelas Prestadoras De Serviço De Acesso Condicionado, De Que Trata A Lei No 12.485, De 12 De Setembro De 2011, Sujeita Ao ICMS). (Incluído Pela Lei Complementar Nº 157, De 2016);t_t;1.1703.92.00;t_t;Serviços de oferta de conteúdo de portais de busca na rede mundial de computadores;t_t;100301;t_t;Domicílio principal do adquirente;t_t;000001;t_t;Situações tributadas integralmente pelo IBS e CBS.;)_g
(;01.09;t_t;Disponibilização, Sem Cessão Definitiva, De Conteúdos De Áudio, Vídeo, Imagem E Texto Por Meio Da Internet, Respeitada A Imunidade De Livros, Jornais E Periódicos (Exceto A Distribuição De Conteúdos Pelas Prestadoras De Serviço De Acesso Condicionado, De Que Trata A Lei No 12.485, De 12 De Setembro De 2011, Sujeita Ao ICMS). (Incluído Pela Lei Complementar Nº 157, De 2016);t_t;1.1703.99.00;t_t;Serviços de oferta de outros conteúdos de acesso imediato (on-line) não classificados em subposições anteriores;t_t;100301;t_t;Domicílio principal do adquirente;t_t;000001;t_t;Situações tributadas integralmente pelo IBS e CBS.;)_g
(;02.01;t_t;Serviços De Pesquisas E Desenvolvimento De Qualquer Natureza.;t_t;1.1201.11.00;t_t;Serviços de pesquisa e desenvolvimento em ciências físicas;t_t;100301;t_t;Domicílio principal do adquirente;t_t;000001;t_t;Situações tributadas integralmente pelo IBS e CBS.;)_g
(;02.01;t_t;Serviços De Pesquisas E Desenvolvimento De Qualquer Natureza.;t_t;1.1201.11.00;t_t;Serviços de pesquisa e desenvolvimento em ciências físicas;t_t;100301;t_t;Domicílio principal do adquirente;t_t;200016;t_t;Prestação de serviços de pesquisa e desenvolvimento por Instituição Científica, Tecnológica e de Inovação (ICT);)_g
(;02.01;t_t;Serviços De Pesquisas E Desenvolvimento De Qualquer Natureza.;t_t;1.1201.12.00;t_t;Serviços de pesquisa e desenvolvimento em química e biologia;t_t;100301;t_t;Domicílio principal do adquirente;t_t;000001;t_t;Situações tributadas integralmente pelo IBS e CBS.;)_g
(;02.01;t_t;Serviços De Pesquisas E Desenvolvimento De Qualquer Natureza.;t_t;1.1201.12.00;t_t;Serviços de pesquisa e desenvolvimento em química e biologia;t_t;100301;t_t;Domicílio principal do adquirente;t_t;200016;t_t;Prestação de serviços de pesquisa e desenvolvimento por Instituição Científica, Tecnológica e de Inovação (ICT);)_g
(;02.01;t_t;Serviços De Pesquisas E Desenvolvimento De Qualquer Natureza.;t_t;1.1201.19.00;t_t;Serviços de pesquisa e desenvolvimento em ciências não classificadas em subposições anteriores;t_t;100301;t_t;Domicílio principal do adquirente;t_t;000001;t_t;Situações tributadas integralmente pelo IBS e CBS.;)_g
(;02.01;t_t;Serviços De Pesquisas E Desenvolvimento De Qualquer Natureza.;t_t;1.1201.19.00;t_t;Serviços de pesquisa e desenvolvimento em ciências não classificadas em subposições anteriores;t_t;100301;t_t;Domicílio principal do adquirente;t_t;200016;t_t;Prestação de serviços de pesquisa e desenvolvimento por Instituição Científica, Tecnológica e de Inovação (ICT);)_g
(;02.01;t_t;Serviços De Pesquisas E Desenvolvimento De Qualquer Natureza.;t_t;1.1201.20.00;t_t;Serviços de pesquisa e desenvolvimento em biotecnologia;t_t;100301;t_t;Domicílio principal do adquirente;t_t;000001;t_t;Situações tributadas integralmente pelo IBS e CBS.;)_g
(;02.01;t_t;Serviços De Pesquisas E Desenvolvimento De Qualquer Natureza.;t_t;1.1201.20.00;t_t;Serviços de pesquisa e desenvolvimento em biotecnologia;t_t;100301;t_t;Domicílio principal do adquirente;t_t;200016;t_t;Prestação de serviços de pesquisa e desenvolvimento por Instituição Científica, Tecnológica e de Inovação (ICT);)_g
(;02.01;t_t;Serviços De Pesquisas E Desenvolvimento De Qualquer Natureza.;t_t;1.1201.31.00;t_t;Serviços de pesquisa e desenvolvimento em Tecnologia da Informação e Comunicação (TIC);t_t;100301;t_t;Domicílio principal do adquirente;t_t;000001;t_t;Situações tributadas integralmente pelo IBS e CBS.;)_g
(;02.01;t_t;Serviços De Pesquisas E Desenvolvimento De Qualquer Natureza.;t_t;1.1201.31.00;t_t;Serviços de pesquisa e desenvolvimento em Tecnologia da Informação e Comunicação (TIC);t_t;100301;t_t;Domicílio principal do adquirente;t_t;200016;t_t;Prestação de serviços de pesquisa e desenvolvimento por Instituição Científica, Tecnológica e de Inovação (ICT);)_g
(;02.01;t_t;Serviços De Pesquisas E Desenvolvimento De Qualquer Natureza.;t_t;1.1201.32.00;t_t;Serviços de pesquisa e desenvolvimento em nanotecnologia;t_t;100301;t_t;Domicílio principal do adquirente;t_t;000001;t_t;Situações tributadas integralmente pelo IBS e CBS.;)_g
(;02.01;t_t;Serviços De Pesquisas E Desenvolvimento De Qualquer Natureza.;t_t;1.1201.32.00;t_t;Serviços de pesquisa e desenvolvimento em nanotecnologia;t_t;100301;t_t;Domicílio principal do adquirente;t_t;200016;t_t;Prestação de serviços de pesquisa e desenvolvimento por Instituição Científica, Tecnológica e de Inovação (ICT);)_g
(;02.01;t_t;Serviços De Pesquisas E Desenvolvimento De Qualquer Natureza.;t_t;1.1201.33.00;t_t;Serviços de pesquisa e desenvolvimento em engenharia e tecnologia nucleares;t_t;100301;t_t;Domicílio principal do adquirente;t_t;000001;t_t;Situações tributadas integralmente pelo IBS e CBS.;)_g
(;02.01;t_t;Serviços De Pesquisas E Desenvolvimento De Qualquer Natureza.;t_t;1.1201.33.00;t_t;Serviços de pesquisa e desenvolvimento em engenharia e tecnologia nucleares;t_t;100301;t_t;Domicílio principal do adquirente;t_t;200016;t_t;Prestação de serviços de pesquisa e desenvolvimento por Instituição Científica, Tecnológica e de Inovação (ICT);)_g
(;02.01;t_t;Serviços De Pesquisas E Desenvolvimento De Qualquer Natureza.;t_t;1.1201.34.00;t_t;Serviços de pesquisa e desenvolvimento em engenharia e tecnologia em micro-ondas de potência;t_t;100301;t_t;Domicílio principal do adquirente;t_t;000001;t_t;Situações tributadas integralmente pelo IBS e CBS.;)_g
(;02.01;t_t;Serviços De Pesquisas E Desenvolvimento De Qualquer Natureza.;t_t;1.1201.34.00;t_t;Serviços de pesquisa e desenvolvimento em engenharia e tecnologia em micro-ondas de potência;t_t;100301;t_t;Domicílio principal do adquirente;t_t;200016;t_t;Prestação de serviços de pesquisa e desenvolvimento por Instituição Científica, Tecnológica e de Inovação (ICT);)_g
(;02.01;t_t;Serviços De Pesquisas E Desenvolvimento De Qualquer Natureza.;t_t;1.1201.39.00;t_t;Serviços de pesquisa e desenvolvimento em engenharia e tecnologia não classificados em subposições anteriores;t_t;100301;t_t;Domicílio principal do adquirente;t_t;000001;t_t;Situações tributadas integralmente pelo IBS e CBS.;)_g
(;02.01;t_t;Serviços De Pesquisas E Desenvolvimento De Qualquer Natureza.;t_t;1.1201.39.00;t_t;Serviços de pesquisa e desenvolvimento em engenharia e tecnologia não classificados em subposições anteriores;t_t;100301;t_t;Domicílio principal do adquirente;t_t;200016;t_t;Prestação de serviços de pesquisa e desenvolvimento por Instituição Científica, Tecnológica e de Inovação (ICT);)_g
(;02.01;t_t;Serviços De Pesquisas E Desenvolvimento De Qualquer Natureza.;t_t;1.1201.40.00;t_t;Serviços de pesquisa e desenvolvimento em ciências médicas, odontológicas e farmacêuticas;t_t;100301;t_t;Domicílio principal do adquirente;t_t;000001;t_t;Situações tributadas integralmente pelo IBS e CBS.;)_g
(;02.01;t_t;Serviços De Pesquisas E Desenvolvimento De Qualquer Natureza.;t_t;1.1201.40.00;t_t;Serviços de pesquisa e desenvolvimento em ciências médicas, odontológicas e farmacêuticas;t_t;100301;t_t;Domicílio principal do adquirente;t_t;200016;t_t;Prestação de serviços de pesquisa e desenvolvimento por Instituição Científica, Tecnológica e de Inovação (ICT);)_g
(;02.01;t_t;Serviços De Pesquisas E Desenvolvimento De Qualquer Natureza.;t_t;1.1201.50.00;t_t;Serviços de pesquisa e desenvolvimento em ciências agrárias;t_t;100301;t_t;Domicílio principal do adquirente;t_t;000001;t_t;Situações tributadas integralmente pelo IBS e CBS.;)_g
(;02.01;t_t;Serviços De Pesquisas E Desenvolvimento De Qualquer Natureza.;t_t;1.1201.50.00;t_t;Serviços de pesquisa e desenvolvimento em ciências agrárias;t_t;100301;t_t;Domicílio principal do adquirente;t_t;200016;t_t;Prestação de serviços de pesquisa e desenvolvimento por Instituição Científica, Tecnológica e de Inovação (ICT);)_g
(;02.01;t_t;Serviços De Pesquisas E Desenvolvimento De Qualquer Natureza.;t_t;1.1201.90.00;t_t;Serviços de pesquisa e desenvolvimento em ciências, engenharia e tecnologia não classificados em subposições anteriores;t_t;100301;t_t;Domicílio principal do adquirente;t_t;000001;t_t;Situações tributadas integralmente pelo IBS e CBS.;)_g
(;02.01;t_t;Serviços De Pesquisas E Desenvolvimento De Qualquer Natureza.;t_t;1.1201.90.00;t_t;Serviços de pesquisa e desenvolvimento em ciências, engenharia e tecnologia não classificados em subposições anteriores;t_t;100301;t_t;Domicílio principal do adquirente;t_t;200016;t_t;Prestação de serviços de pesquisa e desenvolvimento por Instituição Científica, Tecnológica e de Inovação (ICT);)_g
(;02.01;t_t;Serviços De Pesquisas E Desenvolvimento De Qualquer Natureza.;t_t;1.1202.10.00;t_t;Serviços de pesquisa e desenvolvimento em psicologia;t_t;100301;t_t;Domicílio principal do adquirente;t_t;000001;t_t;Situações tributadas integralmente pelo IBS e CBS.;)_g
(;02.01;t_t;Serviços De Pesquisas E Desenvolvimento De Qualquer Natureza.;t_t;1.1202.10.00;t_t;Serviços de pesquisa e desenvolvimento em psicologia;t_t;100301;t_t;Domicílio principal do adquirente;t_t;200016;t_t;Prestação de serviços de pesquisa e desenvolvimento por Instituição Científica, Tecnológica e de Inovação (ICT);)_g
(;02.01;t_t;Serviços De Pesquisas E Desenvolvimento De Qualquer Natureza.;t_t;1.1202.20.00;t_t;Serviços de pesquisa e desenvolvimento em ciências econômicas;t_t;100301;t_t;Domicílio principal do adquirente;t_t;000001;t_t;Situações tributadas integralmente pelo IBS e CBS.;)_g
(;02.01;t_t;Serviços De Pesquisas E Desenvolvimento De Qualquer Natureza.;t_t;1.1202.20.00;t_t;Serviços de pesquisa e desenvolvimento em ciências econômicas;t_t;100301;t_t;Domicílio principal do adquirente;t_t;200016;t_t;Prestação de serviços de pesquisa e desenvolvimento por Instituição Científica, Tecnológica e de Inovação (ICT);)_g
(;02.01;t_t;Serviços De Pesquisas E Desenvolvimento De Qualquer Natureza.;t_t;1.1202.30.00;t_t;Serviços de pesquisa e desenvolvimento em direito;t_t;100301;t_t;Domicílio principal do adquirente;t_t;000001;t_t;Situações tributadas integralmente pelo IBS e CBS.;)_g
(;02.01;t_t;Serviços De Pesquisas E Desenvolvimento De Qualquer Natureza.;t_t;1.1202.30.00;t_t;Serviços de pesquisa e desenvolvimento em direito;t_t;100301;t_t;Domicílio principal do adquirente;t_t;200016;t_t;Prestação de serviços de pesquisa e desenvolvimento por Instituição Científica, Tecnológica e de Inovação (ICT);)_g
(;02.01;t_t;Serviços De Pesquisas E Desenvolvimento De Qualquer Natureza.;t_t;1.1202.40.00;t_t;Serviços de pesquisa e desenvolvimento em línguas e literatura;t_t;100301;t_t;Domicílio principal do adquirente;t_t;000001;t_t;Situações tributadas integralmente pelo IBS e CBS.;)_g
(;02.01;t_t;Serviços De Pesquisas E Desenvolvimento De Qualquer Natureza.;t_t;1.1202.40.00;t_t;Serviços de pesquisa e desenvolvimento em línguas e literatura;t_t;100301;t_t;Domicílio principal do adquirente;t_t;200016;t_t;Prestação de serviços de pesquisa e desenvolvimento por Instituição Científica, Tecnológica e de Inovação (ICT);)_g
(;02.01;t_t;Serviços De Pesquisas E Desenvolvimento De Qualquer Natureza.;t_t;1.1202.90.00;t_t;Serviços de pesquisa e desenvolvimento em ciências sociais e humanidades não classificadas em subposições anteriores;t_t;100301;t_t;Domicílio principal do adquirente;t_t;000001;t_t;Situações tributadas integralmente pelo IBS e CBS.;)_g
(;02.01;t_t;Serviços De Pesquisas E Desenvolvimento De Qualquer Natureza.;t_t;1.1202.90.00;t_t;Serviços de pesquisa e desenvolvimento em ciências sociais e humanidades não classificadas em subposições anteriores;t_t;100301;t_t;Domicílio principal do adquirente;t_t;200016;t_t;Prestação de serviços de pesquisa e desenvolvimento por Instituição Científica, Tecnológica e de Inovação (ICT);)_g
(;02.01;t_t;Serviços De Pesquisas E Desenvolvimento De Qualquer Natureza.;t_t;1.1203.00.00;t_t;Serviços de pesquisa e desenvolvimento interdisciplinar;t_t;100301;t_t;Domicílio principal do adquirente;t_t;000001;t_t;Situações tributadas integralmente pelo IBS e CBS.;)_g
(;02.01;t_t;Serviços De Pesquisas E Desenvolvimento De Qualquer Natureza.;t_t;1.1203.00.00;t_t;Serviços de pesquisa e desenvolvimento interdisciplinar;t_t;100301;t_t;Domicílio principal do adquirente;t_t;200016;t_t;Prestação de serviços de pesquisa e desenvolvimento por Instituição Científica, Tecnológica e de Inovação (ICT);)_g
(;03.02;t_t;Cessão De Direito De Uso De Marcas E De Sinais De Propaganda.;t_t;1.1103.33.00;t_t;Licenciamento de direitos de autor de obras publicitárias;t_t;100501;t_t;Domicílio principal do adquirente;t_t;000001;t_t;Situações tributadas integralmente pelo IBS e CBS.;)_g
(;03.02;t_t;Cessão De Direito De Uso De Marcas E De Sinais De Propaganda.;t_t;1.1104.20.00;t_t;Licenciamento de direitos sobre marcas ;t_t;100501;t_t;Domicílio principal do adquirente;t_t;000001;t_t;Situações tributadas integralmente pelo IBS e CBS.;)_g
(;03.02;t_t;Cessão De Direito De Uso De Marcas E De Sinais De Propaganda.;t_t;1.1106.33.00;t_t;Cessão temporária de direitos de autor de obras publicitárias;t_t;100501;t_t;Domicílio principal do adquirente;t_t;000001;t_t;Situações tributadas integralmente pelo IBS e CBS.;)_g
(;03.02;t_t;Cessão De Direito De Uso De Marcas E De Sinais De Propaganda.;t_t;1.1107.33.00;t_t;Cessão definitiva de direitos de obras publicitárias;t_t;100501;t_t;Domicílio principal do adquirente;t_t;000001;t_t;Situações tributadas integralmente pelo IBS e CBS.;)_g
(;03.02;t_t;Cessão De Direito De Uso De Marcas E De Sinais De Propaganda.;t_t;1.1108.20.00;t_t;Cessão definitiva de direitos sobre marcas;t_t;100501;t_t;Domicílio principal do adquirente;t_t;000001;t_t;Situações tributadas integralmente pelo IBS e CBS.;)_g
(;03.03;t_t;Exploração De Salões De Festas, Centro De Convenções, Escritórios Virtuais, Stands, Quadras Esportivas, Estádios, Ginásios, Auditórios, Casas De Espetáculos, Parques De Diversões, Canchas E Congêneres, Para Realização De Eventos Ou Negócios De Qualquer Natureza.;t_t;1.1805.31.00;t_t;Serviços de reservas para centros de convenções, auditórios e salas de exposições;t_t;020101;t_t;local do imóvel;t_t;200027;t_t;Operações de locação, cessão onerosa e arrendamento de bens imóveis;)_g
(;03.03;t_t;Exploração De Salões De Festas, Centro De Convenções, Escritórios Virtuais, Stands, Quadras Esportivas, Estádios, Ginásios, Auditórios, Casas De Espetáculos, Parques De Diversões, Canchas E Congêneres, Para Realização De Eventos Ou Negócios De Qualquer Natureza.;t_t;1.1806.61.00;t_t;Serviços de assistência e organização de convenções ;t_t;020101;t_t;local do imóvel;t_t;200027;t_t;Operações de locação, cessão onerosa e arrendamento de bens imóveis;)_g
(;03.03;t_t;Exploração De Salões De Festas, Centro De Convenções, Escritórios Virtuais, Stands, Quadras Esportivas, Estádios, Ginásios, Auditórios, Casas De Espetáculos, Parques De Diversões, Canchas E Congêneres, Para Realização De Eventos Ou Negócios De Qualquer Natureza.;t_t;1.1806.62.00;t_t;Serviços de assistência e organização de feiras de negócios;t_t;020101;t_t;local do imóvel;t_t;200027;t_t;Operações de locação, cessão onerosa e arrendamento de bens imóveis;)_g
(;03.03;t_t;Exploração De Salões De Festas, Centro De Convenções, Escritórios Virtuais, Stands, Quadras Esportivas, Estádios, Ginásios, Auditórios, Casas De Espetáculos, Parques De Diversões, Canchas E Congêneres, Para Realização De Eventos Ou Negócios De Qualquer Natureza.;t_t;1.1806.63.00;t_t;Serviços de assistência e organização de exposições e outros eventos ;t_t;020101;t_t;local do imóvel;t_t;200027;t_t;Operações de locação, cessão onerosa e arrendamento de bens imóveis;)_g
(;03.03;t_t;Exploração De Salões De Festas, Centro De Convenções, Escritórios Virtuais, Stands, Quadras Esportivas, Estádios, Ginásios, Auditórios, Casas De Espetáculos, Parques De Diversões, Canchas E Congêneres, Para Realização De Eventos Ou Negócios De Qualquer Natureza.;t_t;1.2508.00.00;t_t;Serviços recreativos, culturais e desportivos não classificados em posições anteriores;t_t;020101;t_t;local do imóvel;t_t;200027;t_t;Operações de locação, cessão onerosa e arrendamento de bens imóveis;)_g
(;03.04;t_t;Locação, Sublocação, Arrendamento, Direito De Passagem Ou Permissão De Uso, Compartilhado Ou Não, De Ferrovia, Rodovia, Postes, Cabos, Dutos E Condutos De Qualquer Natureza.;t_t;1.1001.12.10;t_t;Serviços de administração e locação, sublocação, arrendamento, direito de passagem ou permissão de uso, compartilhado ou não, de ferrovia, rodovia, postes, cabos, dutos e condutos de qualquer natureza;t_t;020201;t_t;local do imóvel;t_t;200027;t_t;Operações de locação, cessão onerosa e arrendamento de bens imóveis;)_g
(;03.05;t_t;Cessão De Andaimes, Palcos, Coberturas E Outras Estruturas De Uso Temporário.;t_t;1.0105.70.00;t_t;Serviços de andaimes;t_t;050101;t_t;local da prestação;t_t;000001;t_t;Situações tributadas integralmente pelo IBS e CBS.;)_g
(;03.05;t_t;Cessão De Andaimes, Palcos, Coberturas E Outras Estruturas De Uso Temporário.;t_t;1.0105.70.00;t_t;Serviços de andaimes;t_t;050102;t_t;local da prestação;t_t;000001;t_t;Situações tributadas integralmente pelo IBS e CBS.;)_g
(;03.05;t_t;Cessão De Andaimes, Palcos, Coberturas E Outras Estruturas De Uso Temporário.;t_t;1.0105.70.00;t_t;Serviços de andaimes;t_t;050103;t_t;local da prestação;t_t;000001;t_t;Situações tributadas integralmente pelo IBS e CBS.;)_g
(;03.05;t_t;Cessão De Andaimes, Palcos, Coberturas E Outras Estruturas De Uso Temporário.;t_t;1.0105.70.00;t_t;Serviços de andaimes;t_t;050104;t_t;local da prestação;t_t;000001;t_t;Situações tributadas integralmente pelo IBS e CBS.;)_g
(;03.05;t_t;Cessão De Andaimes, Palcos, Coberturas E Outras Estruturas De Uso Temporário.;t_t;1.0105.50.00;t_t;Serviços de montagem de estruturas de aço;t_t;050101;t_t;local da prestação;t_t;000001;t_t;Situações tributadas integralmente pelo IBS e CBS.;)_g
(;03.05;t_t;Cessão De Andaimes, Palcos, Coberturas E Outras Estruturas De Uso Temporário.;t_t;1.0105.50.00;t_t;Serviços de montagem de estruturas de aço;t_t;050102;t_t;local da prestação;t_t;000001;t_t;Situações tributadas integralmente pelo IBS e CBS.;)_g
(;03.05;t_t;Cessão De Andaimes, Palcos, Coberturas E Outras Estruturas De Uso Temporário.;t_t;1.0105.50.00;t_t;Serviços de montagem de estruturas de aço;t_t;050103;t_t;local da prestação;t_t;000001;t_t;Situações tributadas integralmente pelo IBS e CBS.;)_g
(;03.05;t_t;Cessão De Andaimes, Palcos, Coberturas E Outras Estruturas De Uso Temporário.;t_t;1.0105.50.00;t_t;Serviços de montagem de estruturas de aço;t_t;050104;t_t;local da prestação;t_t;000001;t_t;Situações tributadas integralmente pelo IBS e CBS.;)_g
(;03.05;t_t;Cessão De Andaimes, Palcos, Coberturas E Outras Estruturas De Uso Temporário.;t_t;1.0105.50.00;t_t;Serviços de montagem de estruturas de aço;t_t;050101;t_t;local da prestação;t_t;200039;t_t;Fornecimento dos serviços e o licenciamento ou cessão dos direitos destinados às produções nacionais artísticas (Anexo X);)_g
(;03.05;t_t;Cessão De Andaimes, Palcos, Coberturas E Outras Estruturas De Uso Temporário.;t_t;1.0105.50.00;t_t;Serviços de montagem de estruturas de aço;t_t;050102;t_t;local da prestação;t_t;200039;t_t;Fornecimento dos serviços e o licenciamento ou cessão dos direitos destinados às produções nacionais artísticas (Anexo X);)_g
(;03.05;t_t;Cessão De Andaimes, Palcos, Coberturas E Outras Estruturas De Uso Temporário.;t_t;1.0105.50.00;t_t;Serviços de montagem de estruturas de aço;t_t;050103;t_t;local da prestação;t_t;200039;t_t;Fornecimento dos serviços e o licenciamento ou cessão dos direitos destinados às produções nacionais artísticas (Anexo X);)_g
(;03.05;t_t;Cessão De Andaimes, Palcos, Coberturas E Outras Estruturas De Uso Temporário.;t_t;1.0105.50.00;t_t;Serviços de montagem de estruturas de aço;t_t;050104;t_t;local da prestação;t_t;200039;t_t;Fornecimento dos serviços e o licenciamento ou cessão dos direitos destinados às produções nacionais artísticas (Anexo X);)_g
(;04.01;t_t;Medicina E Biomedicina.;t_t;1.2301.22.00;t_t;Serviços médicos especializados ;t_t;030101;t_t;local da prestação;t_t;200029;t_t;Fornecimento dos serviços de saúde humana (Anexo III);)_g
(;04.01;t_t;Medicina E Biomedicina.;t_t;1.2301.22.00;t_t;Serviços médicos especializados ;t_t;030102;t_t;local da prestação;t_t;200029;t_t;Fornecimento dos serviços de saúde humana (Anexo III);)_g
(;04.01;t_t;Medicina E Biomedicina.;t_t;1.2301.22.00;t_t;Serviços médicos especializados ;t_t;030103;t_t;local da prestação;t_t;200029;t_t;Fornecimento dos serviços de saúde humana (Anexo III);)_g
(;04.01;t_t;Medicina E Biomedicina.;t_t;1.2301.22.00;t_t;Serviços médicos especializados ;t_t;030104;t_t;local da prestação;t_t;200029;t_t;Fornecimento dos serviços de saúde humana (Anexo III);)_g
(;04.01;t_t;Medicina E Biomedicina.;t_t;1.2301.22.00;t_t;Serviços médicos especializados ;t_t;100301;t_t;local da prestação;t_t;200029;t_t;Fornecimento dos serviços de saúde humana (Anexo III);)_g
(;04.02;t_t;Análises Clínicas, Patologia, Eletricidade Médica, Radioterapia, Quimioterapia, Ultra-Sonografia, Ressonância Magnética, Radiologia, Tomografia E Congêneres.;t_t;1.2301.93.00;t_t;Serviços laboratoriais ;t_t;030101;t_t;local da prestação;t_t;200029;t_t;Fornecimento dos serviços de saúde humana (Anexo III);)_g
(;04.02;t_t;Análises Clínicas, Patologia, Eletricidade Médica, Radioterapia, Quimioterapia, Ultra-Sonografia, Ressonância Magnética, Radiologia, Tomografia E Congêneres.;t_t;1.2301.93.00;t_t;Serviços laboratoriais ;t_t;030102;t_t;local da prestação;t_t;200029;t_t;Fornecimento dos serviços de saúde humana (Anexo III);)_g
(;04.02;t_t;Análises Clínicas, Patologia, Eletricidade Médica, Radioterapia, Quimioterapia, Ultra-Sonografia, Ressonância Magnética, Radiologia, Tomografia E Congêneres.;t_t;1.2301.93.00;t_t;Serviços laboratoriais ;t_t;030103;t_t;local da prestação;t_t;200029;t_t;Fornecimento dos serviços de saúde humana (Anexo III);)_g
(;04.02;t_t;Análises Clínicas, Patologia, Eletricidade Médica, Radioterapia, Quimioterapia, Ultra-Sonografia, Ressonância Magnética, Radiologia, Tomografia E Congêneres.;t_t;1.2301.93.00;t_t;Serviços laboratoriais ;t_t;030104;t_t;local da prestação;t_t;200029;t_t;Fornecimento dos serviços de saúde humana (Anexo III);)_g
(;04.02;t_t;Análises Clínicas, Patologia, Eletricidade Médica, Radioterapia, Quimioterapia, Ultra-Sonografia, Ressonância Magnética, Radiologia, Tomografia E Congêneres.;t_t;1.2301.93.00;t_t;Serviços laboratoriais ;t_t;100301;t_t;Domicílio principal do adquirente;t_t;200029;t_t;Fornecimento dos serviços de saúde humana (Anexo III);)_g
(;04.02;t_t;Análises Clínicas, Patologia, Eletricidade Médica, Radioterapia, Quimioterapia, Ultra-Sonografia, Ressonância Magnética, Radiologia, Tomografia E Congêneres.;t_t;1.2301.94.00;t_t;Serviços de diagnóstico por imagem;t_t;030101;t_t;local da prestação;t_t;200029;t_t;Fornecimento dos serviços de saúde humana (Anexo III);)_g
(;04.02;t_t;Análises Clínicas, Patologia, Eletricidade Médica, Radioterapia, Quimioterapia, Ultra-Sonografia, Ressonância Magnética, Radiologia, Tomografia E Congêneres.;t_t;1.2301.94.00;t_t;Serviços de diagnóstico por imagem;t_t;030102;t_t;local da prestação;t_t;200029;t_t;Fornecimento dos serviços de saúde humana (Anexo III);)_g
(;04.02;t_t;Análises Clínicas, Patologia, Eletricidade Médica, Radioterapia, Quimioterapia, Ultra-Sonografia, Ressonância Magnética, Radiologia, Tomografia E Congêneres.;t_t;1.2301.94.00;t_t;Serviços de diagnóstico por imagem;t_t;030103;t_t;local da prestação;t_t;200029;t_t;Fornecimento dos serviços de saúde humana (Anexo III);)_g
(;04.02;t_t;Análises Clínicas, Patologia, Eletricidade Médica, Radioterapia, Quimioterapia, Ultra-Sonografia, Ressonância Magnética, Radiologia, Tomografia E Congêneres.;t_t;1.2301.94.00;t_t;Serviços de diagnóstico por imagem;t_t;030104;t_t;local da prestação;t_t;200029;t_t;Fornecimento dos serviços de saúde humana (Anexo III);)_g
(;04.02;t_t;Análises Clínicas, Patologia, Eletricidade Médica, Radioterapia, Quimioterapia, Ultra-Sonografia, Ressonância Magnética, Radiologia, Tomografia E Congêneres.;t_t;1.2301.94.00;t_t;Serviços de diagnóstico por imagem;t_t;100301;t_t;Domicílio principal do adquirente;t_t;200029;t_t;Fornecimento dos serviços de saúde humana (Anexo III);)_g
(;04.03;t_t;Hospitais, Clínicas, Laboratórios, Sanatórios, Manicômios, Casas De Saúde, Prontos-Socorros, Ambulatórios E Congêneres.;t_t;1.2301.11.00;t_t;Serviços cirúrgicos ;t_t;030101;t_t;local da prestação;t_t;200029;t_t;Fornecimento dos serviços de saúde humana (Anexo III);)_g
(;04.03;t_t;Hospitais, Clínicas, Laboratórios, Sanatórios, Manicômios, Casas De Saúde, Prontos-Socorros, Ambulatórios E Congêneres.;t_t;1.2301.11.00;t_t;Serviços cirúrgicos ;t_t;030102;t_t;local da prestação;t_t;200029;t_t;Fornecimento dos serviços de saúde humana (Anexo III);)_g
(;04.03;t_t;Hospitais, Clínicas, Laboratórios, Sanatórios, Manicômios, Casas De Saúde, Prontos-Socorros, Ambulatórios E Congêneres.;t_t;1.2301.11.00;t_t;Serviços cirúrgicos ;t_t;030103;t_t;local da prestação;t_t;200029;t_t;Fornecimento dos serviços de saúde humana (Anexo III);)_g
(;04.03;t_t;Hospitais, Clínicas, Laboratórios, Sanatórios, Manicômios, Casas De Saúde, Prontos-Socorros, Ambulatórios E Congêneres.;t_t;1.2301.11.00;t_t;Serviços cirúrgicos ;t_t;030104;t_t;local da prestação;t_t;200029;t_t;Fornecimento dos serviços de saúde humana (Anexo III);)_g
(;04.03;t_t;Hospitais, Clínicas, Laboratórios, Sanatórios, Manicômios, Casas De Saúde, Prontos-Socorros, Ambulatórios E Congêneres.;t_t;1.2301.12.00;t_t;Serviços ginecológicos e obstétricos ;t_t;030101;t_t;local da prestação;t_t;200029;t_t;Fornecimento dos serviços de saúde humana (Anexo III);)_g
(;04.03;t_t;Hospitais, Clínicas, Laboratórios, Sanatórios, Manicômios, Casas De Saúde, Prontos-Socorros, Ambulatórios E Congêneres.;t_t;1.2301.12.00;t_t;Serviços ginecológicos e obstétricos ;t_t;030102;t_t;local da prestação;t_t;200029;t_t;Fornecimento dos serviços de saúde humana (Anexo III);)_g
(;04.03;t_t;Hospitais, Clínicas, Laboratórios, Sanatórios, Manicômios, Casas De Saúde, Prontos-Socorros, Ambulatórios E Congêneres.;t_t;1.2301.12.00;t_t;Serviços ginecológicos e obstétricos ;t_t;030103;t_t;local da prestação;t_t;200029;t_t;Fornecimento dos serviços de saúde humana (Anexo III);)_g
(;04.03;t_t;Hospitais, Clínicas, Laboratórios, Sanatórios, Manicômios, Casas De Saúde, Prontos-Socorros, Ambulatórios E Congêneres.;t_t;1.2301.12.00;t_t;Serviços ginecológicos e obstétricos ;t_t;030104;t_t;local da prestação;t_t;200029;t_t;Fornecimento dos serviços de saúde humana (Anexo III);)_g
(;04.03;t_t;Hospitais, Clínicas, Laboratórios, Sanatórios, Manicômios, Casas De Saúde, Prontos-Socorros, Ambulatórios E Congêneres.;t_t;1.2301.13.00;t_t;Serviços psiquiátricos ;t_t;030101;t_t;local da prestação;t_t;200029;t_t;Fornecimento dos serviços de saúde humana (Anexo III);)_g
(;04.03;t_t;Hospitais, Clínicas, Laboratórios, Sanatórios, Manicômios, Casas De Saúde, Prontos-Socorros, Ambulatórios E Congêneres.;t_t;1.2301.13.00;t_t;Serviços psiquiátricos ;t_t;030102;t_t;local da prestação;t_t;200029;t_t;Fornecimento dos serviços de saúde humana (Anexo III);)_g
(;04.03;t_t;Hospitais, Clínicas, Laboratórios, Sanatórios, Manicômios, Casas De Saúde, Prontos-Socorros, Ambulatórios E Congêneres.;t_t;1.2301.13.00;t_t;Serviços psiquiátricos ;t_t;030103;t_t;local da prestação;t_t;200029;t_t;Fornecimento dos serviços de saúde humana (Anexo III);)_g
(;04.03;t_t;Hospitais, Clínicas, Laboratórios, Sanatórios, Manicômios, Casas De Saúde, Prontos-Socorros, Ambulatórios E Congêneres.;t_t;1.2301.13.00;t_t;Serviços psiquiátricos ;t_t;030104;t_t;local da prestação;t_t;200029;t_t;Fornecimento dos serviços de saúde humana (Anexo III);)_g
(;04.03;t_t;Hospitais, Clínicas, Laboratórios, Sanatórios, Manicômios, Casas De Saúde, Prontos-Socorros, Ambulatórios E Congêneres.;t_t;1.2301.14.00;t_t;Serviços prestados em Unidades de Terapia Intensiva;t_t;030101;t_t;local da prestação;t_t;200029;t_t;Fornecimento dos serviços de saúde humana (Anexo III);)_g
(;04.03;t_t;Hospitais, Clínicas, Laboratórios, Sanatórios, Manicômios, Casas De Saúde, Prontos-Socorros, Ambulatórios E Congêneres.;t_t;1.2301.14.00;t_t;Serviços prestados em Unidades de Terapia Intensiva;t_t;030102;t_t;local da prestação;t_t;200029;t_t;Fornecimento dos serviços de saúde humana (Anexo III);)_g
(;04.03;t_t;Hospitais, Clínicas, Laboratórios, Sanatórios, Manicômios, Casas De Saúde, Prontos-Socorros, Ambulatórios E Congêneres.;t_t;1.2301.14.00;t_t;Serviços prestados em Unidades de Terapia Intensiva;t_t;030103;t_t;local da prestação;t_t;200029;t_t;Fornecimento dos serviços de saúde humana (Anexo III);)_g
(;04.03;t_t;Hospitais, Clínicas, Laboratórios, Sanatórios, Manicômios, Casas De Saúde, Prontos-Socorros, Ambulatórios E Congêneres.;t_t;1.2301.14.00;t_t;Serviços prestados em Unidades de Terapia Intensiva;t_t;030104;t_t;local da prestação;t_t;200029;t_t;Fornecimento dos serviços de saúde humana (Anexo III);)_g
(;04.03;t_t;Hospitais, Clínicas, Laboratórios, Sanatórios, Manicômios, Casas De Saúde, Prontos-Socorros, Ambulatórios E Congêneres.;t_t;1.2301.15.00;t_t;Serviços de atendimento de urgência ;t_t;030101;t_t;local da prestação;t_t;200029;t_t;Fornecimento dos serviços de saúde humana (Anexo III);)_g
(;04.03;t_t;Hospitais, Clínicas, Laboratórios, Sanatórios, Manicômios, Casas De Saúde, Prontos-Socorros, Ambulatórios E Congêneres.;t_t;1.2301.15.00;t_t;Serviços de atendimento de urgência ;t_t;030102;t_t;local da prestação;t_t;200029;t_t;Fornecimento dos serviços de saúde humana (Anexo III);)_g
(;04.03;t_t;Hospitais, Clínicas, Laboratórios, Sanatórios, Manicômios, Casas De Saúde, Prontos-Socorros, Ambulatórios E Congêneres.;t_t;1.2301.15.00;t_t;Serviços de atendimento de urgência ;t_t;030103;t_t;local da prestação;t_t;200029;t_t;Fornecimento dos serviços de saúde humana (Anexo III);)_g
(;04.03;t_t;Hospitais, Clínicas, Laboratórios, Sanatórios, Manicômios, Casas De Saúde, Prontos-Socorros, Ambulatórios E Congêneres.;t_t;1.2301.15.00;t_t;Serviços de atendimento de urgência ;t_t;030104;t_t;local da prestação;t_t;200029;t_t;Fornecimento dos serviços de saúde humana (Anexo III);)_g
(;04.03;t_t;Hospitais, Clínicas, Laboratórios, Sanatórios, Manicômios, Casas De Saúde, Prontos-Socorros, Ambulatórios E Congêneres.;t_t;1.2301.19.00;t_t;Serviços hospitalares não classificados em subposições anteriores;t_t;030101;t_t;local da prestação;t_t;200029;t_t;Fornecimento dos serviços de saúde humana (Anexo III);)_g
(;04.03;t_t;Hospitais, Clínicas, Laboratórios, Sanatórios, Manicômios, Casas De Saúde, Prontos-Socorros, Ambulatórios E Congêneres.;t_t;1.2301.19.00;t_t;Serviços hospitalares não classificados em subposições anteriores;t_t;030102;t_t;local da prestação;t_t;200029;t_t;Fornecimento dos serviços de saúde humana (Anexo III);)_g
(;04.03;t_t;Hospitais, Clínicas, Laboratórios, Sanatórios, Manicômios, Casas De Saúde, Prontos-Socorros, Ambulatórios E Congêneres.;t_t;1.2301.19.00;t_t;Serviços hospitalares não classificados em subposições anteriores;t_t;030103;t_t;local da prestação;t_t;200029;t_t;Fornecimento dos serviços de saúde humana (Anexo III);)_g
(;04.03;t_t;Hospitais, Clínicas, Laboratórios, Sanatórios, Manicômios, Casas De Saúde, Prontos-Socorros, Ambulatórios E Congêneres.;t_t;1.2301.19.00;t_t;Serviços hospitalares não classificados em subposições anteriores;t_t;030104;t_t;local da prestação;t_t;200029;t_t;Fornecimento dos serviços de saúde humana (Anexo III);)_g
(;04.03;t_t;Hospitais, Clínicas, Laboratórios, Sanatórios, Manicômios, Casas De Saúde, Prontos-Socorros, Ambulatórios E Congêneres.;t_t;1.2301.21.00;t_t;Serviços de clínica médica ;t_t;030101;t_t;local da prestação;t_t;200029;t_t;Fornecimento dos serviços de saúde humana (Anexo III);)_g
(;04.03;t_t;Hospitais, Clínicas, Laboratórios, Sanatórios, Manicômios, Casas De Saúde, Prontos-Socorros, Ambulatórios E Congêneres.;t_t;1.2301.21.00;t_t;Serviços de clínica médica ;t_t;030102;t_t;local da prestação;t_t;200029;t_t;Fornecimento dos serviços de saúde humana (Anexo III);)_g
(;04.03;t_t;Hospitais, Clínicas, Laboratórios, Sanatórios, Manicômios, Casas De Saúde, Prontos-Socorros, Ambulatórios E Congêneres.;t_t;1.2301.21.00;t_t;Serviços de clínica médica ;t_t;030103;t_t;local da prestação;t_t;200029;t_t;Fornecimento dos serviços de saúde humana (Anexo III);)_g
(;04.03;t_t;Hospitais, Clínicas, Laboratórios, Sanatórios, Manicômios, Casas De Saúde, Prontos-Socorros, Ambulatórios E Congêneres.;t_t;1.2301.21.00;t_t;Serviços de clínica médica ;t_t;030104;t_t;local da prestação;t_t;200029;t_t;Fornecimento dos serviços de saúde humana (Anexo III);)_g
(;04.03;t_t;Hospitais, Clínicas, Laboratórios, Sanatórios, Manicômios, Casas De Saúde, Prontos-Socorros, Ambulatórios E Congêneres.;t_t;1.2301.93.00;t_t;Serviços laboratoriais ;t_t;030101;t_t;local da prestação;t_t;200029;t_t;Fornecimento dos serviços de saúde humana (Anexo III);)_g
(;04.03;t_t;Hospitais, Clínicas, Laboratórios, Sanatórios, Manicômios, Casas De Saúde, Prontos-Socorros, Ambulatórios E Congêneres.;t_t;1.2301.93.00;t_t;Serviços laboratoriais ;t_t;030102;t_t;local da prestação;t_t;200029;t_t;Fornecimento dos serviços de saúde humana (Anexo III);)_g
(;04.03;t_t;Hospitais, Clínicas, Laboratórios, Sanatórios, Manicômios, Casas De Saúde, Prontos-Socorros, Ambulatórios E Congêneres.;t_t;1.2301.93.00;t_t;Serviços laboratoriais ;t_t;030103;t_t;local da prestação;t_t;200029;t_t;Fornecimento dos serviços de saúde humana (Anexo III);)_g
(;04.03;t_t;Hospitais, Clínicas, Laboratórios, Sanatórios, Manicômios, Casas De Saúde, Prontos-Socorros, Ambulatórios E Congêneres.;t_t;1.2301.93.00;t_t;Serviços laboratoriais ;t_t;030104;t_t;local da prestação;t_t;200029;t_t;Fornecimento dos serviços de saúde humana (Anexo III);)_g
(;04.04;t_t;Instrumentação Cirúrgica.;t_t;1.2301.11.00;t_t;Serviços cirúrgicos ;t_t;030101;t_t;local da prestação;t_t;200029;t_t;Fornecimento dos serviços de saúde humana (Anexo III);)_g
(;04.04;t_t;Instrumentação Cirúrgica.;t_t;1.2301.11.00;t_t;Serviços cirúrgicos ;t_t;030102;t_t;local da prestação;t_t;200029;t_t;Fornecimento dos serviços de saúde humana (Anexo III);)_g
(;04.04;t_t;Instrumentação Cirúrgica.;t_t;1.2301.11.00;t_t;Serviços cirúrgicos ;t_t;030103;t_t;local da prestação;t_t;200029;t_t;Fornecimento dos serviços de saúde humana (Anexo III);)_g
(;04.04;t_t;Instrumentação Cirúrgica.;t_t;1.2301.11.00;t_t;Serviços cirúrgicos ;t_t;030104;t_t;local da prestação;t_t;200029;t_t;Fornecimento dos serviços de saúde humana (Anexo III);)_g
(;04.05;t_t;Acupuntura.;t_t;1.2301.99.00;t_t;Outros serviços de saúde humana não classificados em subposições anteriores;t_t;030101;t_t;local da prestação;t_t;200029;t_t;Fornecimento dos serviços de saúde humana (Anexo III);)_g
(;04.05;t_t;Acupuntura.;t_t;1.2301.99.00;t_t;Outros serviços de saúde humana não classificados em subposições anteriores;t_t;030102;t_t;local da prestação;t_t;200029;t_t;Fornecimento dos serviços de saúde humana (Anexo III);)_g
(;04.05;t_t;Acupuntura.;t_t;1.2301.99.00;t_t;Outros serviços de saúde humana não classificados em subposições anteriores;t_t;030103;t_t;local da prestação;t_t;200029;t_t;Fornecimento dos serviços de saúde humana (Anexo III);)_g
(;04.05;t_t;Acupuntura.;t_t;1.2301.99.00;t_t;Outros serviços de saúde humana não classificados em subposições anteriores;t_t;030104;t_t;local da prestação;t_t;200029;t_t;Fornecimento dos serviços de saúde humana (Anexo III);)_g
(;04.06;t_t;Enfermagem, Inclusive Serviços Auxiliares.;t_t;1.2301.91.00;t_t;Serviços de enfermagem ;t_t;030101;t_t;local da prestação;t_t;200029;t_t;Fornecimento dos serviços de saúde humana (Anexo III);)_g
(;04.06;t_t;Enfermagem, Inclusive Serviços Auxiliares.;t_t;1.2301.91.00;t_t;Serviços de enfermagem ;t_t;030102;t_t;local da prestação;t_t;200029;t_t;Fornecimento dos serviços de saúde humana (Anexo III);)_g
(;04.06;t_t;Enfermagem, Inclusive Serviços Auxiliares.;t_t;1.2301.91.00;t_t;Serviços de enfermagem ;t_t;030103;t_t;local da prestação;t_t;200029;t_t;Fornecimento dos serviços de saúde humana (Anexo III);)_g
(;04.06;t_t;Enfermagem, Inclusive Serviços Auxiliares.;t_t;1.2301.91.00;t_t;Serviços de enfermagem ;t_t;030104;t_t;local da prestação;t_t;200029;t_t;Fornecimento dos serviços de saúde humana (Anexo III);)_g
(;04.06;t_t;Enfermagem, Inclusive Serviços Auxiliares.;t_t;1.2301.97.00;t_t;Serviços de assistência ao parto e pós-parto;t_t;030101;t_t;local da prestação;t_t;200029;t_t;Fornecimento dos serviços de saúde humana (Anexo III);)_g
(;04.06;t_t;Enfermagem, Inclusive Serviços Auxiliares.;t_t;1.2301.97.00;t_t;Serviços de assistência ao parto e pós-parto;t_t;030102;t_t;local da prestação;t_t;200029;t_t;Fornecimento dos serviços de saúde humana (Anexo III);)_g
(;04.06;t_t;Enfermagem, Inclusive Serviços Auxiliares.;t_t;1.2301.97.00;t_t;Serviços de assistência ao parto e pós-parto;t_t;030103;t_t;local da prestação;t_t;200029;t_t;Fornecimento dos serviços de saúde humana (Anexo III);)_g
(;04.06;t_t;Enfermagem, Inclusive Serviços Auxiliares.;t_t;1.2301.97.00;t_t;Serviços de assistência ao parto e pós-parto;t_t;030104;t_t;local da prestação;t_t;200029;t_t;Fornecimento dos serviços de saúde humana (Anexo III);)_g
(;04.07;t_t;Serviços farmacêuticos;t_t;1.2301.99.00;t_t;Outros serviços de saúde humana não classificados em subposições anteriores;t_t;030101;t_t;local da prestação;t_t;200029;t_t;Fornecimento dos serviços de saúde humana (Anexo III);)_g
(;04.07;t_t;Serviços farmacêuticos;t_t;1.2301.99.00;t_t;Outros serviços de saúde humana não classificados em subposições anteriores;t_t;030102;t_t;local da prestação;t_t;200029;t_t;Fornecimento dos serviços de saúde humana (Anexo III);)_g
(;04.07;t_t;Serviços farmacêuticos;t_t;1.2301.99.00;t_t;Outros serviços de saúde humana não classificados em subposições anteriores;t_t;030103;t_t;local da prestação;t_t;200029;t_t;Fornecimento dos serviços de saúde humana (Anexo III);)_g
(;04.07;t_t;Serviços farmacêuticos;t_t;1.2301.99.00;t_t;Outros serviços de saúde humana não classificados em subposições anteriores;t_t;030104;t_t;local da prestação;t_t;200029;t_t;Fornecimento dos serviços de saúde humana (Anexo III);)_g
(;04.07;t_t;Serviços farmacêuticos;t_t;1.2301.99.00;t_t;Outros serviços de saúde humana não classificados em subposições anteriores;t_t;100301;t_t;Domicílio principal do adquirente;t_t;200029;t_t;Fornecimento dos serviços de saúde humana (Anexo III);)_g
(;04.08;t_t;Terapia Ocupacional, Fisioterapia E Fonoaudiologia.;t_t;1.2301.92.00;t_t;Serviços de fisioterapia ;t_t;030101;t_t;local da prestação;t_t;200029;t_t;Fornecimento dos serviços de saúde humana (Anexo III);)_g
(;04.08;t_t;Terapia Ocupacional, Fisioterapia E Fonoaudiologia.;t_t;1.2301.92.00;t_t;Serviços de fisioterapia ;t_t;030102;t_t;local da prestação;t_t;200029;t_t;Fornecimento dos serviços de saúde humana (Anexo III);)_g
(;04.08;t_t;Terapia Ocupacional, Fisioterapia E Fonoaudiologia.;t_t;1.2301.92.00;t_t;Serviços de fisioterapia ;t_t;030103;t_t;local da prestação;t_t;200029;t_t;Fornecimento dos serviços de saúde humana (Anexo III);)_g
(;04.08;t_t;Terapia Ocupacional, Fisioterapia E Fonoaudiologia.;t_t;1.2301.92.00;t_t;Serviços de fisioterapia ;t_t;030104;t_t;local da prestação;t_t;200029;t_t;Fornecimento dos serviços de saúde humana (Anexo III);)_g
(;04.08;t_t;Terapia Ocupacional, Fisioterapia E Fonoaudiologia.;t_t;1.2301.99.00;t_t;Outros serviços de saúde humana não classificados em subposições anteriores;t_t;030101;t_t;local da prestação;t_t;200029;t_t;Fornecimento dos serviços de saúde humana (Anexo III);)_g
(;04.08;t_t;Terapia Ocupacional, Fisioterapia E Fonoaudiologia.;t_t;1.2301.99.00;t_t;Outros serviços de saúde humana não classificados em subposições anteriores;t_t;030102;t_t;local da prestação;t_t;200029;t_t;Fornecimento dos serviços de saúde humana (Anexo III);)_g
(;04.08;t_t;Terapia Ocupacional, Fisioterapia E Fonoaudiologia.;t_t;1.2301.99.00;t_t;Outros serviços de saúde humana não classificados em subposições anteriores;t_t;030103;t_t;local da prestação;t_t;200029;t_t;Fornecimento dos serviços de saúde humana (Anexo III);)_g
(;04.08;t_t;Terapia Ocupacional, Fisioterapia E Fonoaudiologia.;t_t;1.2301.99.00;t_t;Outros serviços de saúde humana não classificados em subposições anteriores;t_t;030104;t_t;local da prestação;t_t;200029;t_t;Fornecimento dos serviços de saúde humana (Anexo III);)_g
(;04.09;t_t;Terapias De Qualquer Espécie Destinadas Ao Tratamento Físico, Orgânico E Mental.;t_t;1.2301.99.00;t_t;Outros serviços de saúde humana não classificados em subposições anteriores;t_t;030101;t_t;local da prestação;t_t;200029;t_t;Fornecimento dos serviços de saúde humana (Anexo III);)_g
(;04.09;t_t;Terapias De Qualquer Espécie Destinadas Ao Tratamento Físico, Orgânico E Mental.;t_t;1.2301.99.00;t_t;Outros serviços de saúde humana não classificados em subposições anteriores;t_t;030102;t_t;local da prestação;t_t;200029;t_t;Fornecimento dos serviços de saúde humana (Anexo III);)_g
(;04.09;t_t;Terapias De Qualquer Espécie Destinadas Ao Tratamento Físico, Orgânico E Mental.;t_t;1.2301.99.00;t_t;Outros serviços de saúde humana não classificados em subposições anteriores;t_t;030103;t_t;local da prestação;t_t;200029;t_t;Fornecimento dos serviços de saúde humana (Anexo III);)_g
(;04.09;t_t;Terapias De Qualquer Espécie Destinadas Ao Tratamento Físico, Orgânico E Mental.;t_t;1.2301.99.00;t_t;Outros serviços de saúde humana não classificados em subposições anteriores;t_t;030104;t_t;local da prestação;t_t;200029;t_t;Fornecimento dos serviços de saúde humana (Anexo III);)_g
(;04.10;t_t;Nutrição.;t_t;1.2301.99.00;t_t;Outros serviços de saúde humana não classificados em subposições anteriores;t_t;030101;t_t;local da prestação;t_t;200029;t_t;Fornecimento dos serviços de saúde humana (Anexo III);)_g
(;04.10;t_t;Nutrição.;t_t;1.2301.99.00;t_t;Outros serviços de saúde humana não classificados em subposições anteriores;t_t;030102;t_t;local da prestação;t_t;200029;t_t;Fornecimento dos serviços de saúde humana (Anexo III);)_g
(;04.10;t_t;Nutrição.;t_t;1.2301.99.00;t_t;Outros serviços de saúde humana não classificados em subposições anteriores;t_t;030103;t_t;local da prestação;t_t;200029;t_t;Fornecimento dos serviços de saúde humana (Anexo III);)_g
(;04.10;t_t;Nutrição.;t_t;1.2301.99.00;t_t;Outros serviços de saúde humana não classificados em subposições anteriores;t_t;030104;t_t;local da prestação;t_t;200029;t_t;Fornecimento dos serviços de saúde humana (Anexo III);)_g
(;04.10;t_t;Nutrição.;t_t;1.2301.99.00;t_t;Outros serviços de saúde humana não classificados em subposições anteriores;t_t;100301;t_t;Domicílio principal do adquirente;t_t;200029;t_t;Fornecimento dos serviços de saúde humana (Anexo III);)_g
(;04.11;t_t;Obstetrícia.;t_t;1.2301.12.00;t_t;Serviços ginecológicos e obstétricos ;t_t;030101;t_t;local da prestação;t_t;200029;t_t;Fornecimento dos serviços de saúde humana (Anexo III);)_g
(;04.11;t_t;Obstetrícia.;t_t;1.2301.12.00;t_t;Serviços ginecológicos e obstétricos ;t_t;030102;t_t;local da prestação;t_t;200029;t_t;Fornecimento dos serviços de saúde humana (Anexo III);)_g
(;04.11;t_t;Obstetrícia.;t_t;1.2301.12.00;t_t;Serviços ginecológicos e obstétricos ;t_t;030103;t_t;local da prestação;t_t;200029;t_t;Fornecimento dos serviços de saúde humana (Anexo III);)_g
(;04.11;t_t;Obstetrícia.;t_t;1.2301.12.00;t_t;Serviços ginecológicos e obstétricos ;t_t;030104;t_t;local da prestação;t_t;200029;t_t;Fornecimento dos serviços de saúde humana (Anexo III);)_g
(;04.11;t_t;Obstetrícia.;t_t;1.2301.97.00;t_t;Serviços de assistência ao parto e pós-parto;t_t;030101;t_t;local da prestação;t_t;200029;t_t;Fornecimento dos serviços de saúde humana (Anexo III);)_g
(;04.11;t_t;Obstetrícia.;t_t;1.2301.97.00;t_t;Serviços de assistência ao parto e pós-parto;t_t;030102;t_t;local da prestação;t_t;200029;t_t;Fornecimento dos serviços de saúde humana (Anexo III);)_g
(;04.11;t_t;Obstetrícia.;t_t;1.2301.97.00;t_t;Serviços de assistência ao parto e pós-parto;t_t;030103;t_t;local da prestação;t_t;200029;t_t;Fornecimento dos serviços de saúde humana (Anexo III);)_g
(;04.11;t_t;Obstetrícia.;t_t;1.2301.97.00;t_t;Serviços de assistência ao parto e pós-parto;t_t;030104;t_t;local da prestação;t_t;200029;t_t;Fornecimento dos serviços de saúde humana (Anexo III);)_g
(;04.12;t_t;Odontologia.;t_t;1.2301.23.00;t_t;Serviços odontológicos;t_t;030101;t_t;local da prestação;t_t;200029;t_t;Fornecimento dos serviços de saúde humana (Anexo III);)_g
(;04.12;t_t;Odontologia.;t_t;1.2301.23.00;t_t;Serviços odontológicos;t_t;030102;t_t;local da prestação;t_t;200029;t_t;Fornecimento dos serviços de saúde humana (Anexo III);)_g
(;04.12;t_t;Odontologia.;t_t;1.2301.23.00;t_t;Serviços odontológicos;t_t;030103;t_t;local da prestação;t_t;200029;t_t;Fornecimento dos serviços de saúde humana (Anexo III);)_g
(;04.12;t_t;Odontologia.;t_t;1.2301.23.00;t_t;Serviços odontológicos;t_t;030104;t_t;local da prestação;t_t;200029;t_t;Fornecimento dos serviços de saúde humana (Anexo III);)_g
(;04.13;t_t;Ortóptica.;t_t;1.2301.99.00;t_t;Outros serviços de saúde humana não classificados em subposições anteriores;t_t;030101;t_t;local da prestação;t_t;200029;t_t;Fornecimento dos serviços de saúde humana (Anexo III);)_g
(;04.13;t_t;Ortóptica.;t_t;1.2301.99.00;t_t;Outros serviços de saúde humana não classificados em subposições anteriores;t_t;030102;t_t;local da prestação;t_t;200029;t_t;Fornecimento dos serviços de saúde humana (Anexo III);)_g
(;04.13;t_t;Ortóptica.;t_t;1.2301.99.00;t_t;Outros serviços de saúde humana não classificados em subposições anteriores;t_t;030103;t_t;local da prestação;t_t;200029;t_t;Fornecimento dos serviços de saúde humana (Anexo III);)_g
(;04.13;t_t;Ortóptica.;t_t;1.2301.99.00;t_t;Outros serviços de saúde humana não classificados em subposições anteriores;t_t;030104;t_t;local da prestação;t_t;200029;t_t;Fornecimento dos serviços de saúde humana (Anexo III);)_g
(;04.14;t_t;Próteses Sob Encomenda.;t_t;1.2301.99.00;t_t;Outros serviços de saúde humana não classificados em subposições anteriores;t_t;100301;t_t;Domicílio principal do adquirente;t_t;200029;t_t;Fornecimento dos serviços de saúde humana (Anexo III);)_g
(;04.15;t_t;Psicanálise.;t_t;1.2301.22.00;t_t;Serviços médicos especializados ;t_t;030101;t_t;local da prestação;t_t;200029;t_t;Fornecimento dos serviços de saúde humana (Anexo III);)_g
(;04.15;t_t;Psicanálise.;t_t;1.2301.22.00;t_t;Serviços médicos especializados ;t_t;030102;t_t;local da prestação;t_t;200029;t_t;Fornecimento dos serviços de saúde humana (Anexo III);)_g
(;04.15;t_t;Psicanálise.;t_t;1.2301.22.00;t_t;Serviços médicos especializados ;t_t;030103;t_t;local da prestação;t_t;200029;t_t;Fornecimento dos serviços de saúde humana (Anexo III);)_g
(;04.15;t_t;Psicanálise.;t_t;1.2301.22.00;t_t;Serviços médicos especializados ;t_t;030104;t_t;local da prestação;t_t;200029;t_t;Fornecimento dos serviços de saúde humana (Anexo III);)_g
(;04.16;t_t;Psicologia.;t_t;1.2301.98.00;t_t;Serviços de psicologia;t_t;030101;t_t;local da prestação;t_t;200029;t_t;Fornecimento dos serviços de saúde humana (Anexo III);)_g
(;04.16;t_t;Psicologia.;t_t;1.2301.98.00;t_t;Serviços de psicologia;t_t;030102;t_t;local da prestação;t_t;200029;t_t;Fornecimento dos serviços de saúde humana (Anexo III);)_g
(;04.16;t_t;Psicologia.;t_t;1.2301.98.00;t_t;Serviços de psicologia;t_t;030103;t_t;local da prestação;t_t;200029;t_t;Fornecimento dos serviços de saúde humana (Anexo III);)_g
(;04.16;t_t;Psicologia.;t_t;1.2301.98.00;t_t;Serviços de psicologia;t_t;030104;t_t;local da prestação;t_t;200029;t_t;Fornecimento dos serviços de saúde humana (Anexo III);)_g
(;04.16;t_t;Psicologia.;t_t;1.2301.98.00;t_t;Serviços de psicologia;t_t;100301;t_t;Domicílio principal do adquirente;t_t;200029;t_t;Fornecimento dos serviços de saúde humana (Anexo III);)_g
(;04.17;t_t;Casas De Repouso E De Recuperação, Creches, Asilos E Congêneres.;t_t;1.2201.11.00;t_t;Serviços de creche ou entidade equivalente;t_t;030101;t_t;local da prestação;t_t;200029;t_t;Fornecimento dos serviços de saúde humana (Anexo III);)_g
(;04.17;t_t;Casas De Repouso E De Recuperação, Creches, Asilos E Congêneres.;t_t;1.2302.10.00;t_t;Serviços de cuidado em saúde em unidades de acolhimento;t_t;030101;t_t;local da prestação;t_t;200029;t_t;Fornecimento dos serviços de saúde humana (Anexo III);)_g
(;04.17;t_t;Casas De Repouso E De Recuperação, Creches, Asilos E Congêneres.;t_t;1.2302.21.00;t_t;Serviços de assistência a idosos em unidades de acolhimento ;t_t;030101;t_t;local da prestação;t_t;200029;t_t;Fornecimento dos serviços de saúde humana (Anexo III);)_g
(;04.17;t_t;Casas De Repouso E De Recuperação, Creches, Asilos E Congêneres.;t_t;1.2302.22.00;t_t;Serviços de assistência a crianças e adolescentes com deficiência em unidades de acolhimento ;t_t;030101;t_t;local da prestação;t_t;200029;t_t;Fornecimento dos serviços de saúde humana (Anexo III);)_g
(;04.17;t_t;Casas De Repouso E De Recuperação, Creches, Asilos E Congêneres.;t_t;1.2302.23.00;t_t;Serviços de assistência a adultos com deficiência em unidades de acolhimento;t_t;030101;t_t;local da prestação;t_t;200029;t_t;Fornecimento dos serviços de saúde humana (Anexo III);)_g
(;04.17;t_t;Casas De Repouso E De Recuperação, Creches, Asilos E Congêneres.;t_t;1.2303.00.00;t_t;Serviços de assistência social com acomodação;t_t;030101;t_t;local da prestação;t_t;200029;t_t;Fornecimento dos serviços de saúde humana (Anexo III);)_g
(;04.18;t_t;Inseminação Artificial, Fertilização In Vitro E Congêneres.;t_t;1.2301.21.00;t_t;Serviços de clínica médica ;t_t;030101;t_t;local da prestação;t_t;200029;t_t;Fornecimento dos serviços de saúde humana (Anexo III);)_g
(;04.18;t_t;Inseminação Artificial, Fertilização In Vitro E Congêneres.;t_t;1.2301.21.00;t_t;Serviços de clínica médica ;t_t;030102;t_t;local da prestação;t_t;200029;t_t;Fornecimento dos serviços de saúde humana (Anexo III);)_g
(;04.18;t_t;Inseminação Artificial, Fertilização In Vitro E Congêneres.;t_t;1.2301.21.00;t_t;Serviços de clínica médica ;t_t;030103;t_t;local da prestação;t_t;200029;t_t;Fornecimento dos serviços de saúde humana (Anexo III);)_g
(;04.18;t_t;Inseminação Artificial, Fertilização In Vitro E Congêneres.;t_t;1.2301.21.00;t_t;Serviços de clínica médica ;t_t;030104;t_t;local da prestação;t_t;200029;t_t;Fornecimento dos serviços de saúde humana (Anexo III);)_g
(;04.19;t_t;Bancos De Sangue, Leite, Pele, Olhos, Óvulos, Sêmen E Congêneres.;t_t;1.2301.95.00;t_t;Serviços de bancos de material biológico humano ;t_t;301001;t_t;local da prestação;t_t;200029;t_t;Fornecimento dos serviços de saúde humana (Anexo III);)_g
(;04.20;t_t;Coleta De Sangue, Leite, Tecidos, Sêmen, Órgãos E Materiais Biológicos De Qualquer Espécie.;t_t;1.2301.95.00;t_t;Serviços de bancos de material biológico humano ;t_t;030101;t_t;local da prestação;t_t;200029;t_t;Fornecimento dos serviços de saúde humana (Anexo III);)_g
(;04.20;t_t;Coleta De Sangue, Leite, Tecidos, Sêmen, Órgãos E Materiais Biológicos De Qualquer Espécie.;t_t;1.2301.95.00;t_t;Serviços de bancos de material biológico humano ;t_t;030102;t_t;local da prestação;t_t;200029;t_t;Fornecimento dos serviços de saúde humana (Anexo III);)_g
(;04.20;t_t;Coleta De Sangue, Leite, Tecidos, Sêmen, Órgãos E Materiais Biológicos De Qualquer Espécie.;t_t;1.2301.95.00;t_t;Serviços de bancos de material biológico humano ;t_t;030103;t_t;local da prestação;t_t;200029;t_t;Fornecimento dos serviços de saúde humana (Anexo III);)_g
(;04.20;t_t;Coleta De Sangue, Leite, Tecidos, Sêmen, Órgãos E Materiais Biológicos De Qualquer Espécie.;t_t;1.2301.95.00;t_t;Serviços de bancos de material biológico humano ;t_t;030104;t_t;local da prestação;t_t;200029;t_t;Fornecimento dos serviços de saúde humana (Anexo III);)_g
(;04.21;t_t;Unidade De Atendimento, Assistência Ou Tratamento Móvel E Congêneres.;t_t;1.2301.96.00;t_t;Serviços de ambulância ;t_t;030101;t_t;local da prestação;t_t;200029;t_t;Fornecimento dos serviços de saúde humana (Anexo III);)_g
(;04.21;t_t;Unidade De Atendimento, Assistência Ou Tratamento Móvel E Congêneres.;t_t;1.2301.96.00;t_t;Serviços de ambulância ;t_t;030102;t_t;local da prestação;t_t;200029;t_t;Fornecimento dos serviços de saúde humana (Anexo III);)_g
(;04.21;t_t;Unidade De Atendimento, Assistência Ou Tratamento Móvel E Congêneres.;t_t;1.2301.96.00;t_t;Serviços de ambulância ;t_t;030103;t_t;local da prestação;t_t;200029;t_t;Fornecimento dos serviços de saúde humana (Anexo III);)_g
(;04.21;t_t;Unidade De Atendimento, Assistência Ou Tratamento Móvel E Congêneres.;t_t;1.2301.96.00;t_t;Serviços de ambulância ;t_t;030104;t_t;local da prestação;t_t;200029;t_t;Fornecimento dos serviços de saúde humana (Anexo III);)_g
(;04.22;t_t;Planos De Medicina De Grupo Ou Individual E Convênios Para Prestação De Assistência Médica, Hospitalar, Odontológica E Congêneres.;t_t;1.0910.10.00;t_t;Serviços de planos privados de assistência à saúde;t_t;100301;t_t;Domicílio principal do adquirente;t_t;011002;t_t;Planos de assistência à saúde;)_g
(;04.22;t_t;Planos De Medicina De Grupo Ou Individual E Convênios Para Prestação De Assistência Médica, Hospitalar, Odontológica E Congêneres.;t_t;1.0910.90.00;t_t;Serviços de planos privados de assistência à saúde e serviços relacionados não classificados em subposições anteriores;t_t;100301;t_t;Domicílio principal do adquirente;t_t;011002;t_t;Planos de assistência à saúde;)_g
(;04.23;t_t;Outros Planos De Saúde Que Se Cumpram Através De Serviços De Terceiros Contratados, Credenciados, Cooperados Ou Apenas Pagos Pelo Operador Do Plano Mediante Indicação Do Beneficiário.;t_t;1.0910.10.00;t_t;Serviços de planos privados de assistência à saúde;t_t;100301;t_t;Domicílio principal do adquirente;t_t;011002;t_t;Planos de assistência à saúde;)_g
(;04.23;t_t;Outros Planos De Saúde Que Se Cumpram Através De Serviços De Terceiros Contratados, Credenciados, Cooperados Ou Apenas Pagos Pelo Operador Do Plano Mediante Indicação Do Beneficiário.;t_t;1.0910.90.00;t_t;Serviços de planos privados de assistência à saúde e serviços relacionados não classificados em subposições anteriores;t_t;100301;t_t;Domicílio principal do adquirente;t_t;011002;t_t;Planos de assistência à saúde;)_g
(;05.01;t_t;Medicina Veterinária E Zootecnia.;t_t;1.1405.12.00;t_t;Serviços de atendimento, assistência ou tratamento para animais domésticos;t_t;050101;t_t;local da prestação;t_t;200052;t_t;Prestação de serviços de profissões intelectuais;)_g
(;05.01;t_t;Medicina Veterinária E Zootecnia.;t_t;1.1405.12.00;t_t;Serviços de atendimento, assistência ou tratamento para animais domésticos;t_t;050102;t_t;local da prestação;t_t;200052;t_t;Prestação de serviços de profissões intelectuais;)_g
(;05.01;t_t;Medicina Veterinária E Zootecnia.;t_t;1.1405.12.00;t_t;Serviços de atendimento, assistência ou tratamento para animais domésticos;t_t;050103;t_t;local da prestação;t_t;200052;t_t;Prestação de serviços de profissões intelectuais;)_g
(;05.01;t_t;Medicina Veterinária E Zootecnia.;t_t;1.1405.12.00;t_t;Serviços de atendimento, assistência ou tratamento para animais domésticos;t_t;050104;t_t;local da prestação;t_t;200052;t_t;Prestação de serviços de profissões intelectuais;)_g
(;05.01;t_t;Medicina Veterinária E Zootecnia.;t_t;1.1405.22.00;t_t;Serviços de atendimento, assistência ou tratamento para animais de corte;t_t;050101;t_t;local da prestação;t_t;200038;t_t;Fornecimento dos insumos agropecuários e aquícolas (Anexo IX);)_g
(;05.01;t_t;Medicina Veterinária E Zootecnia.;t_t;1.1405.22.00;t_t;Serviços de atendimento, assistência ou tratamento para animais de corte;t_t;050102;t_t;local da prestação;t_t;200038;t_t;Fornecimento dos insumos agropecuários e aquícolas (Anexo IX);)_g
(;05.01;t_t;Medicina Veterinária E Zootecnia.;t_t;1.1405.22.00;t_t;Serviços de atendimento, assistência ou tratamento para animais de corte;t_t;050103;t_t;local da prestação;t_t;200038;t_t;Fornecimento dos insumos agropecuários e aquícolas (Anexo IX);)_g
(;05.01;t_t;Medicina Veterinária E Zootecnia.;t_t;1.1405.22.00;t_t;Serviços de atendimento, assistência ou tratamento para animais de corte;t_t;050104;t_t;local da prestação;t_t;200038;t_t;Fornecimento dos insumos agropecuários e aquícolas (Anexo IX);)_g
(;05.01;t_t;Medicina Veterinária E Zootecnia.;t_t;1.1405.90.00;t_t;Serviços veterinários não classificados em subposições anteriores;t_t;050101;t_t;local da prestação;t_t;200052;t_t;Prestação de serviços de profissões intelectuais;)_g
(;05.01;t_t;Medicina Veterinária E Zootecnia.;t_t;1.1405.90.00;t_t;Serviços veterinários não classificados em subposições anteriores;t_t;050102;t_t;local da prestação;t_t;200052;t_t;Prestação de serviços de profissões intelectuais;)_g
(;05.01;t_t;Medicina Veterinária E Zootecnia.;t_t;1.1405.90.00;t_t;Serviços veterinários não classificados em subposições anteriores;t_t;050103;t_t;local da prestação;t_t;200052;t_t;Prestação de serviços de profissões intelectuais;)_g
(;05.01;t_t;Medicina Veterinária E Zootecnia.;t_t;1.1405.90.00;t_t;Serviços veterinários não classificados em subposições anteriores;t_t;050104;t_t;local da prestação;t_t;200052;t_t;Prestação de serviços de profissões intelectuais;)_g
(;05.02;t_t;Hospitais, Clínicas, Ambulatórios, Prontos-Socorros E Congêneres, Na Área Veterinária.;t_t;1.1405.11.00;t_t;Serviços hospitalares, com ou sem internação, para animais domésticos;t_t;050101;t_t;local da prestação;t_t;000001;t_t;Situações tributadas integralmente pelo IBS e CBS.;)_g
(;05.02;t_t;Hospitais, Clínicas, Ambulatórios, Prontos-Socorros E Congêneres, Na Área Veterinária.;t_t;1.1405.12.00;t_t;Serviços de atendimento, assistência ou tratamento para animais domésticos;t_t;000000;t_t;local da prestação;t_t;000001;t_t;Situações tributadas integralmente pelo IBS e CBS.;)_g
(;05.02;t_t;Hospitais, Clínicas, Ambulatórios, Prontos-Socorros E Congêneres, Na Área Veterinária.;t_t;1.1405.21.00;t_t;Serviços hospitalares, com ou sem internação, para animais de corte;t_t;000000;t_t;local da prestação;t_t;200038;t_t;Fornecimento dos insumos agropecuários e aquícolas (Anexo IX);)_g
(;05.02;t_t;Hospitais, Clínicas, Ambulatórios, Prontos-Socorros E Congêneres, Na Área Veterinária.;t_t;1.1405.22.00;t_t;Serviços de atendimento, assistência ou tratamento para animais de corte;t_t;000000;t_t;local da prestação;t_t;200038;t_t;Fornecimento dos insumos agropecuários e aquícolas (Anexo IX);)_g
(;05.03;t_t;Laboratórios De Análise Na Área Veterinária.;t_t;1.1405.90.00;t_t;Serviços veterinários não classificados em subposições anteriores;t_t;050101;t_t;local da prestação;t_t;000001;t_t;Situações tributadas integralmente pelo IBS e CBS.;)_g
(;05.04;t_t;Inseminação Artificial, Fertilização In Vitro E Congêneres.;t_t;1.1405.90.00;t_t;Serviços veterinários não classificados em subposições anteriores;t_t;050101;t_t;local da prestação;t_t;000001;t_t;Situações tributadas integralmente pelo IBS e CBS.;)_g
(;05.04;t_t;Inseminação Artificial, Fertilização In Vitro E Congêneres.;t_t;1.1405.90.00;t_t;Serviços veterinários não classificados em subposições anteriores;t_t;050102;t_t;local da prestação;t_t;000001;t_t;Situações tributadas integralmente pelo IBS e CBS.;)_g
(;05.04;t_t;Inseminação Artificial, Fertilização In Vitro E Congêneres.;t_t;1.1405.90.00;t_t;Serviços veterinários não classificados em subposições anteriores;t_t;050103;t_t;local da prestação;t_t;000001;t_t;Situações tributadas integralmente pelo IBS e CBS.;)_g
(;05.04;t_t;Inseminação Artificial, Fertilização In Vitro E Congêneres.;t_t;1.1405.90.00;t_t;Serviços veterinários não classificados em subposições anteriores;t_t;050104;t_t;local da prestação;t_t;000001;t_t;Situações tributadas integralmente pelo IBS e CBS.;)_g
(;05.05;t_t;Bancos De Sangue E De Órgãos E Congêneres.;t_t;1.1405.40.00;t_t;Serviços de bancos de órgãos, sangue, sêmen, tecidos, óvulos e outros materiais biológicos;t_t;050101;t_t;local da prestação;t_t;000001;t_t;Situações tributadas integralmente pelo IBS e CBS.;)_g
(;05.06;t_t;Coleta De Sangue, Leite, Tecidos, Sêmen, Órgãos E Materiais Biológicos De Qualquer Espécie.;t_t;1.1405.40.00;t_t;Serviços de bancos de órgãos, sangue, sêmen, tecidos, óvulos e outros materiais biológicos;t_t;050101;t_t;local da prestação;t_t;000001;t_t;Situações tributadas integralmente pelo IBS e CBS.;)_g
(;05.06;t_t;Coleta De Sangue, Leite, Tecidos, Sêmen, Órgãos E Materiais Biológicos De Qualquer Espécie.;t_t;1.1405.40.00;t_t;Serviços de bancos de órgãos, sangue, sêmen, tecidos, óvulos e outros materiais biológicos;t_t;050102;t_t;local da prestação;t_t;000001;t_t;Situações tributadas integralmente pelo IBS e CBS.;)_g
(;05.06;t_t;Coleta De Sangue, Leite, Tecidos, Sêmen, Órgãos E Materiais Biológicos De Qualquer Espécie.;t_t;1.1405.40.00;t_t;Serviços de bancos de órgãos, sangue, sêmen, tecidos, óvulos e outros materiais biológicos;t_t;050103;t_t;local da prestação;t_t;000001;t_t;Situações tributadas integralmente pelo IBS e CBS.;)_g
(;05.06;t_t;Coleta De Sangue, Leite, Tecidos, Sêmen, Órgãos E Materiais Biológicos De Qualquer Espécie.;t_t;1.1405.40.00;t_t;Serviços de bancos de órgãos, sangue, sêmen, tecidos, óvulos e outros materiais biológicos;t_t;050104;t_t;local da prestação;t_t;000001;t_t;Situações tributadas integralmente pelo IBS e CBS.;)_g
(;05.07;t_t;Unidade De Atendimento, Assistência Ou Tratamento Móvel E Congêneres.;t_t;1.1405.12.00;t_t;Serviços de atendimento, assistência ou tratamento para animais domésticos;t_t;050101;t_t;local da prestação;t_t;000001;t_t;Situações tributadas integralmente pelo IBS e CBS.;)_g
(;05.07;t_t;Unidade De Atendimento, Assistência Ou Tratamento Móvel E Congêneres.;t_t;1.1405.12.00;t_t;Serviços de atendimento, assistência ou tratamento para animais domésticos;t_t;050102;t_t;local da prestação;t_t;000001;t_t;Situações tributadas integralmente pelo IBS e CBS.;)_g
(;05.07;t_t;Unidade De Atendimento, Assistência Ou Tratamento Móvel E Congêneres.;t_t;1.1405.12.00;t_t;Serviços de atendimento, assistência ou tratamento para animais domésticos;t_t;050103;t_t;local da prestação;t_t;000001;t_t;Situações tributadas integralmente pelo IBS e CBS.;)_g
(;05.07;t_t;Unidade De Atendimento, Assistência Ou Tratamento Móvel E Congêneres.;t_t;1.1405.12.00;t_t;Serviços de atendimento, assistência ou tratamento para animais domésticos;t_t;050104;t_t;local da prestação;t_t;000001;t_t;Situações tributadas integralmente pelo IBS e CBS.;)_g
(;05.07;t_t;Unidade De Atendimento, Assistência Ou Tratamento Móvel E Congêneres.;t_t;1.1405.22.00;t_t;Serviços de atendimento, assistência ou tratamento para animais de corte;t_t;050101;t_t;local da prestação;t_t;200038;t_t;Fornecimento dos insumos agropecuários e aquícolas (Anexo IX);)_g
(;05.07;t_t;Unidade De Atendimento, Assistência Ou Tratamento Móvel E Congêneres.;t_t;1.1405.22.00;t_t;Serviços de atendimento, assistência ou tratamento para animais de corte;t_t;050102;t_t;local da prestação;t_t;200038;t_t;Fornecimento dos insumos agropecuários e aquícolas (Anexo IX);)_g
(;05.07;t_t;Unidade De Atendimento, Assistência Ou Tratamento Móvel E Congêneres.;t_t;1.1405.22.00;t_t;Serviços de atendimento, assistência ou tratamento para animais de corte;t_t;050103;t_t;local da prestação;t_t;200038;t_t;Fornecimento dos insumos agropecuários e aquícolas (Anexo IX);)_g
(;05.07;t_t;Unidade De Atendimento, Assistência Ou Tratamento Móvel E Congêneres.;t_t;1.1405.22.00;t_t;Serviços de atendimento, assistência ou tratamento para animais de corte;t_t;050104;t_t;local da prestação;t_t;200038;t_t;Fornecimento dos insumos agropecuários e aquícolas (Anexo IX);)_g
(;05.08;t_t;Guarda, Tratamento, Amestramento, Embelezamento, Alojamento E Congêneres.;t_t;1.1405.60.00;t_t;Serviços de guarda, adestramento, embelezamento e alojamento;t_t;050101;t_t;local da prestação;t_t;000001;t_t;Situações tributadas integralmente pelo IBS e CBS.;)_g
(;05.08;t_t;Guarda, Tratamento, Amestramento, Embelezamento, Alojamento E Congêneres.;t_t;1.1405.60.00;t_t;Serviços de guarda, adestramento, embelezamento e alojamento;t_t;050102;t_t;local da prestação;t_t;000001;t_t;Situações tributadas integralmente pelo IBS e CBS.;)_g
(;05.08;t_t;Guarda, Tratamento, Amestramento, Embelezamento, Alojamento E Congêneres.;t_t;1.1405.60.00;t_t;Serviços de guarda, adestramento, embelezamento e alojamento;t_t;050103;t_t;local da prestação;t_t;000001;t_t;Situações tributadas integralmente pelo IBS e CBS.;)_g
(;05.08;t_t;Guarda, Tratamento, Amestramento, Embelezamento, Alojamento E Congêneres.;t_t;1.1405.60.00;t_t;Serviços de guarda, adestramento, embelezamento e alojamento;t_t;050104;t_t;local da prestação;t_t;000001;t_t;Situações tributadas integralmente pelo IBS e CBS.;)_g
(;05.09;t_t;Planos De Atendimento E Assistência Médico-Veterinária.;t_t;1.1405.50.00;t_t;Planos de atendimento e assistência médico-veterinária;t_t;100301;t_t;Domicílio principal do adquirente;t_t;011005;t_t;Planos de assistência à saúde de animais domésticos;)_g
(;06.01;t_t;Barbearia, Cabeleireiros, Manicuros, Pedicuros E Congêneres.;t_t;1.2602.10.00;t_t;Serviços de cabeleireiros e barbeiros ;t_t;030101;t_t;local da prestação;t_t;000001;t_t;Situações tributadas integralmente pelo IBS e CBS.;)_g
(;06.01;t_t;Barbearia, Cabeleireiros, Manicuros, Pedicuros E Congêneres.;t_t;1.2602.10.00;t_t;Serviços de cabeleireiros e barbeiros ;t_t;030102;t_t;local da prestação;t_t;000001;t_t;Situações tributadas integralmente pelo IBS e CBS.;)_g
(;06.01;t_t;Barbearia, Cabeleireiros, Manicuros, Pedicuros E Congêneres.;t_t;1.2602.10.00;t_t;Serviços de cabeleireiros e barbeiros ;t_t;030103;t_t;local da prestação;t_t;000001;t_t;Situações tributadas integralmente pelo IBS e CBS.;)_g
(;06.01;t_t;Barbearia, Cabeleireiros, Manicuros, Pedicuros E Congêneres.;t_t;1.2602.10.00;t_t;Serviços de cabeleireiros e barbeiros ;t_t;030104;t_t;local da prestação;t_t;000001;t_t;Situações tributadas integralmente pelo IBS e CBS.;)_g
(;06.01;t_t;Barbearia, Cabeleireiros, Manicuros, Pedicuros E Congêneres.;t_t;1.2602.20.00;t_t;Serviços de manicure, pedicure e tratamento cosmético ;t_t;030101;t_t;local da prestação;t_t;000001;t_t;Situações tributadas integralmente pelo IBS e CBS.;)_g
(;06.01;t_t;Barbearia, Cabeleireiros, Manicuros, Pedicuros E Congêneres.;t_t;1.2602.20.00;t_t;Serviços de manicure, pedicure e tratamento cosmético ;t_t;030102;t_t;local da prestação;t_t;000001;t_t;Situações tributadas integralmente pelo IBS e CBS.;)_g
(;06.01;t_t;Barbearia, Cabeleireiros, Manicuros, Pedicuros E Congêneres.;t_t;1.2602.20.00;t_t;Serviços de manicure, pedicure e tratamento cosmético ;t_t;030103;t_t;local da prestação;t_t;000001;t_t;Situações tributadas integralmente pelo IBS e CBS.;)_g
(;06.01;t_t;Barbearia, Cabeleireiros, Manicuros, Pedicuros E Congêneres.;t_t;1.2602.20.00;t_t;Serviços de manicure, pedicure e tratamento cosmético ;t_t;030104;t_t;local da prestação;t_t;000001;t_t;Situações tributadas integralmente pelo IBS e CBS.;)_g
(;06.02;t_t;Esteticistas, Tratamento De Pele, Depilação E Congêneres.;t_t;1.2602.20.00;t_t;Serviços de manicure, pedicure e tratamento cosmético ;t_t;030101;t_t;local da prestação;t_t;000001;t_t;Situações tributadas integralmente pelo IBS e CBS.;)_g
(;06.02;t_t;Esteticistas, Tratamento De Pele, Depilação E Congêneres.;t_t;1.2602.20.00;t_t;Serviços de manicure, pedicure e tratamento cosmético ;t_t;030102;t_t;local da prestação;t_t;000001;t_t;Situações tributadas integralmente pelo IBS e CBS.;)_g
(;06.02;t_t;Esteticistas, Tratamento De Pele, Depilação E Congêneres.;t_t;1.2602.20.00;t_t;Serviços de manicure, pedicure e tratamento cosmético ;t_t;030103;t_t;local da prestação;t_t;000001;t_t;Situações tributadas integralmente pelo IBS e CBS.;)_g
(;06.02;t_t;Esteticistas, Tratamento De Pele, Depilação E Congêneres.;t_t;1.2602.20.00;t_t;Serviços de manicure, pedicure e tratamento cosmético ;t_t;030104;t_t;local da prestação;t_t;000001;t_t;Situações tributadas integralmente pelo IBS e CBS.;)_g
(;06.02;t_t;Esteticistas, Tratamento De Pele, Depilação E Congêneres.;t_t;1.2602.30.00;t_t;Serviços de bem-estar físico ;t_t;030101;t_t;local da prestação;t_t;000001;t_t;Situações tributadas integralmente pelo IBS e CBS.;)_g
(;06.02;t_t;Esteticistas, Tratamento De Pele, Depilação E Congêneres.;t_t;1.2602.30.00;t_t;Serviços de bem-estar físico ;t_t;030102;t_t;local da prestação;t_t;000001;t_t;Situações tributadas integralmente pelo IBS e CBS.;)_g
(;06.02;t_t;Esteticistas, Tratamento De Pele, Depilação E Congêneres.;t_t;1.2602.30.00;t_t;Serviços de bem-estar físico ;t_t;030103;t_t;local da prestação;t_t;000001;t_t;Situações tributadas integralmente pelo IBS e CBS.;)_g
(;06.02;t_t;Esteticistas, Tratamento De Pele, Depilação E Congêneres.;t_t;1.2602.30.00;t_t;Serviços de bem-estar físico ;t_t;030104;t_t;local da prestação;t_t;000001;t_t;Situações tributadas integralmente pelo IBS e CBS.;)_g
(;06.02;t_t;Esteticistas, Tratamento De Pele, Depilação E Congêneres.;t_t;1.2602.90.00;t_t;Serviços de tratamento de beleza e bem-estar físico não classificados em subposições anteriores;t_t;030101;t_t;local da prestação;t_t;000001;t_t;Situações tributadas integralmente pelo IBS e CBS.;)_g
(;06.02;t_t;Esteticistas, Tratamento De Pele, Depilação E Congêneres.;t_t;1.2602.90.00;t_t;Serviços de tratamento de beleza e bem-estar físico não classificados em subposições anteriores;t_t;030102;t_t;local da prestação;t_t;000001;t_t;Situações tributadas integralmente pelo IBS e CBS.;)_g
(;06.02;t_t;Esteticistas, Tratamento De Pele, Depilação E Congêneres.;t_t;1.2602.90.00;t_t;Serviços de tratamento de beleza e bem-estar físico não classificados em subposições anteriores;t_t;030103;t_t;local da prestação;t_t;000001;t_t;Situações tributadas integralmente pelo IBS e CBS.;)_g
(;06.02;t_t;Esteticistas, Tratamento De Pele, Depilação E Congêneres.;t_t;1.2602.90.00;t_t;Serviços de tratamento de beleza e bem-estar físico não classificados em subposições anteriores;t_t;030104;t_t;local da prestação;t_t;000001;t_t;Situações tributadas integralmente pelo IBS e CBS.;)_g
(;06.03;t_t;Banhos, Duchas, Sauna, Massagens E Congêneres.;t_t;1.2602.30.00;t_t;Serviços de bem-estar físico ;t_t;030101;t_t;local da prestação;t_t;000001;t_t;Situações tributadas integralmente pelo IBS e CBS.;)_g
(;06.03;t_t;Banhos, Duchas, Sauna, Massagens E Congêneres.;t_t;1.2602.30.00;t_t;Serviços de bem-estar físico ;t_t;030102;t_t;local da prestação;t_t;000001;t_t;Situações tributadas integralmente pelo IBS e CBS.;)_g
(;06.03;t_t;Banhos, Duchas, Sauna, Massagens E Congêneres.;t_t;1.2602.30.00;t_t;Serviços de bem-estar físico ;t_t;030103;t_t;local da prestação;t_t;000001;t_t;Situações tributadas integralmente pelo IBS e CBS.;)_g
(;06.03;t_t;Banhos, Duchas, Sauna, Massagens E Congêneres.;t_t;1.2602.30.00;t_t;Serviços de bem-estar físico ;t_t;030104;t_t;local da prestação;t_t;000001;t_t;Situações tributadas integralmente pelo IBS e CBS.;)_g
(;06.04;t_t;Ginástica, Dança, Esportes, Natação, Artes Marciais E Demais Atividades Físicas.;t_t;1.2205.12.00;t_t;Serviços de educação desportiva e recreacional ;t_t;030101;t_t;local da prestação;t_t;200041;t_t;Fornecimento de serviço de educação desportiva (art. 141. I);)_g
(;06.04;t_t;Ginástica, Dança, Esportes, Natação, Artes Marciais E Demais Atividades Físicas.;t_t;1.2205.12.00;t_t;Serviços de educação desportiva e recreacional ;t_t;030102;t_t;local da prestação;t_t;200041;t_t;Fornecimento de serviço de educação desportiva (art. 141. I);)_g
(;06.04;t_t;Ginástica, Dança, Esportes, Natação, Artes Marciais E Demais Atividades Físicas.;t_t;1.2205.12.00;t_t;Serviços de educação desportiva e recreacional ;t_t;030103;t_t;local da prestação;t_t;200041;t_t;Fornecimento de serviço de educação desportiva (art. 141. I);)_g
(;06.04;t_t;Ginástica, Dança, Esportes, Natação, Artes Marciais E Demais Atividades Físicas.;t_t;1.2205.12.00;t_t;Serviços de educação desportiva e recreacional ;t_t;030104;t_t;local da prestação;t_t;200041;t_t;Fornecimento de serviço de educação desportiva (art. 141. I);)_g
(;06.04;t_t;Ginástica, Dança, Esportes, Natação, Artes Marciais E Demais Atividades Físicas.;t_t;1.2505.90.00;t_t;Serviços desportivos e recreacionais desportivos não classificados em subposições anteriores;t_t;030101;t_t;local da prestação;t_t;000001;t_t;Situações tributadas integralmente pelo IBS e CBS.;)_g
(;06.04;t_t;Ginástica, Dança, Esportes, Natação, Artes Marciais E Demais Atividades Físicas.;t_t;1.2505.90.00;t_t;Serviços desportivos e recreacionais desportivos não classificados em subposições anteriores;t_t;030102;t_t;local da prestação;t_t;000001;t_t;Situações tributadas integralmente pelo IBS e CBS.;)_g
(;06.04;t_t;Ginástica, Dança, Esportes, Natação, Artes Marciais E Demais Atividades Físicas.;t_t;1.2505.90.00;t_t;Serviços desportivos e recreacionais desportivos não classificados em subposições anteriores;t_t;030103;t_t;local da prestação;t_t;000001;t_t;Situações tributadas integralmente pelo IBS e CBS.;)_g
(;06.04;t_t;Ginástica, Dança, Esportes, Natação, Artes Marciais E Demais Atividades Físicas.;t_t;1.2505.90.00;t_t;Serviços desportivos e recreacionais desportivos não classificados em subposições anteriores;t_t;030104;t_t;local da prestação;t_t;000001;t_t;Situações tributadas integralmente pelo IBS e CBS.;)_g
(;06.04;t_t;Ginástica, Dança, Esportes, Natação, Artes Marciais E Demais Atividades Físicas.;t_t;1.2505.90.00;t_t;Serviços desportivos e recreacionais desportivos não classificados em subposições anteriores;t_t;100301;t_t;Domicílio principal do adquirente;t_t;000001;t_t;Situações tributadas integralmente pelo IBS e CBS.;)_g
(;06.05;t_t;Centros De Emagrecimento, Spa E Congêneres.;t_t;1.2602.30.00;t_t;Serviços de bem-estar físico ;t_t;030101;t_t;local da prestação;t_t;000001;t_t;Situações tributadas integralmente pelo IBS e CBS.;)_g
(;06.05;t_t;Centros De Emagrecimento, Spa E Congêneres.;t_t;1.2602.30.00;t_t;Serviços de bem-estar físico ;t_t;030102;t_t;local da prestação;t_t;000001;t_t;Situações tributadas integralmente pelo IBS e CBS.;)_g
(;06.05;t_t;Centros De Emagrecimento, Spa E Congêneres.;t_t;1.2602.30.00;t_t;Serviços de bem-estar físico ;t_t;030103;t_t;local da prestação;t_t;000001;t_t;Situações tributadas integralmente pelo IBS e CBS.;)_g
(;06.05;t_t;Centros De Emagrecimento, Spa E Congêneres.;t_t;1.2602.30.00;t_t;Serviços de bem-estar físico ;t_t;030104;t_t;local da prestação;t_t;000001;t_t;Situações tributadas integralmente pelo IBS e CBS.;)_g
(;06.05;t_t;Centros De Emagrecimento, Spa E Congêneres.;t_t;1.2602.90.00;t_t;Serviços de tratamento de beleza e bem-estar físico não classificados em subposições anteriores;t_t;030101;t_t;local da prestação;t_t;000001;t_t;Situações tributadas integralmente pelo IBS e CBS.;)_g
(;06.05;t_t;Centros De Emagrecimento, Spa E Congêneres.;t_t;1.2602.90.00;t_t;Serviços de tratamento de beleza e bem-estar físico não classificados em subposições anteriores;t_t;030102;t_t;local da prestação;t_t;000001;t_t;Situações tributadas integralmente pelo IBS e CBS.;)_g
(;06.05;t_t;Centros De Emagrecimento, Spa E Congêneres.;t_t;1.2602.90.00;t_t;Serviços de tratamento de beleza e bem-estar físico não classificados em subposições anteriores;t_t;030103;t_t;local da prestação;t_t;000001;t_t;Situações tributadas integralmente pelo IBS e CBS.;)_g
(;06.05;t_t;Centros De Emagrecimento, Spa E Congêneres.;t_t;1.2602.90.00;t_t;Serviços de tratamento de beleza e bem-estar físico não classificados em subposições anteriores;t_t;030104;t_t;local da prestação;t_t;000001;t_t;Situações tributadas integralmente pelo IBS e CBS.;)_g
(;06.06;t_t;Aplicação De Tatuagens, Piercings E Congêneres.;t_t;1.2602.90.00;t_t;Serviços de tratamento de beleza e bem-estar físico não classificados em subposições anteriores;t_t;030101;t_t;local da prestação;t_t;000001;t_t;Situações tributadas integralmente pelo IBS e CBS.;)_g
(;06.06;t_t;Aplicação De Tatuagens, Piercings E Congêneres.;t_t;1.2602.90.00;t_t;Serviços de tratamento de beleza e bem-estar físico não classificados em subposições anteriores;t_t;030102;t_t;local da prestação;t_t;000001;t_t;Situações tributadas integralmente pelo IBS e CBS.;)_g
(;06.06;t_t;Aplicação De Tatuagens, Piercings E Congêneres.;t_t;1.2602.90.00;t_t;Serviços de tratamento de beleza e bem-estar físico não classificados em subposições anteriores;t_t;030103;t_t;local da prestação;t_t;000001;t_t;Situações tributadas integralmente pelo IBS e CBS.;)_g
(;06.06;t_t;Aplicação De Tatuagens, Piercings E Congêneres.;t_t;1.2602.90.00;t_t;Serviços de tratamento de beleza e bem-estar físico não classificados em subposições anteriores;t_t;030104;t_t;local da prestação;t_t;000001;t_t;Situações tributadas integralmente pelo IBS e CBS.;)_g
(;07.01;t_t;Engenharia, Agronomia, Agrimensura, Arquitetura, Geologia, Urbanismo, Paisagismo E Congêneres.;t_t;1.1402.11.00;t_t;Serviços de consultoria em arquitetura ;t_t;100301;t_t;Domicílio principal do adquirente;t_t;200052;t_t;Prestação de serviços de profissões intelectuais;)_g
(;07.01;t_t;Engenharia, Agronomia, Agrimensura, Arquitetura, Geologia, Urbanismo, Paisagismo E Congêneres.;t_t;1.1402.12.00;t_t;Serviços de arquitetura para projetos de construções residenciais;t_t;100301;t_t;Domicílio principal do adquirente;t_t;200052;t_t;Prestação de serviços de profissões intelectuais;)_g
(;07.01;t_t;Engenharia, Agronomia, Agrimensura, Arquitetura, Geologia, Urbanismo, Paisagismo E Congêneres.;t_t;1.1402.13.00;t_t;Serviços de arquitetura para projetos de construções não residenciais  ;t_t;100301;t_t;Domicílio principal do adquirente;t_t;200052;t_t;Prestação de serviços de profissões intelectuais;)_g
(;07.01;t_t;Engenharia, Agronomia, Agrimensura, Arquitetura, Geologia, Urbanismo, Paisagismo E Congêneres.;t_t;1.1402.14.00;t_t;Serviços de arquitetura para restauração de prédios históricos;t_t;100301;t_t;Domicílio principal do adquirente;t_t;200052;t_t;Prestação de serviços de profissões intelectuais;)_g
(;07.01;t_t;Engenharia, Agronomia, Agrimensura, Arquitetura, Geologia, Urbanismo, Paisagismo E Congêneres.;t_t;1.1402.21.00;t_t;Serviços de planejamento urbano ;t_t;100301;t_t;Domicílio principal do adquirente;t_t;200052;t_t;Prestação de serviços de profissões intelectuais;)_g
(;07.01;t_t;Engenharia, Agronomia, Agrimensura, Arquitetura, Geologia, Urbanismo, Paisagismo E Congêneres.;t_t;1.1402.22.00;t_t;Serviços de planejamento de áreas rurais ;t_t;100301;t_t;Domicílio principal do adquirente;t_t;200052;t_t;Prestação de serviços de profissões intelectuais;)_g
(;07.01;t_t;Engenharia, Agronomia, Agrimensura, Arquitetura, Geologia, Urbanismo, Paisagismo E Congêneres.;t_t;1.1402.31.00;t_t;Serviços de consultoria em paisagismo;t_t;100301;t_t;Domicílio principal do adquirente;t_t;000001;t_t;Situações tributadas integralmente pelo IBS e CBS.;)_g
(;07.01;t_t;Engenharia, Agronomia, Agrimensura, Arquitetura, Geologia, Urbanismo, Paisagismo E Congêneres.;t_t;1.1402.32.00;t_t;Serviços de paisagismo, exceto consultoria;t_t;100301;t_t;Domicílio principal do adquirente;t_t;000001;t_t;Situações tributadas integralmente pelo IBS e CBS.;)_g
(;07.01;t_t;Engenharia, Agronomia, Agrimensura, Arquitetura, Geologia, Urbanismo, Paisagismo E Congêneres.;t_t;1.1402.90.00;t_t;Serviços de arquitetura, de planejamento urbano e de áreas rurais e de paisagismo não classificados em subposições anteriores;t_t;100301;t_t;Domicílio principal do adquirente;t_t;200052;t_t;Prestação de serviços de profissões intelectuais;)_g
(;07.01;t_t;Engenharia, Agronomia, Agrimensura, Arquitetura, Geologia, Urbanismo, Paisagismo E Congêneres.;t_t;1.1403.10.00;t_t;Serviços de consultoria em engenharia;t_t;100301;t_t;Domicílio principal do adquirente;t_t;200038;t_t;Fornecimento dos insumos agropecuários e aquícolas (Anexo IX);)_g
(;07.01;t_t;Engenharia, Agronomia, Agrimensura, Arquitetura, Geologia, Urbanismo, Paisagismo E Congêneres.;t_t;1.1403.21.10;t_t;Serviços de engenharia para projetos de construção residencial;t_t;100301;t_t;Domicílio principal do adquirente;t_t;200052;t_t;Prestação de serviços de profissões intelectuais;)_g
(;07.01;t_t;Engenharia, Agronomia, Agrimensura, Arquitetura, Geologia, Urbanismo, Paisagismo E Congêneres.;t_t;1.1403.21.20;t_t;Serviços de engenharia para projetos de construção não residencial;t_t;100301;t_t;Domicílio principal do adquirente;t_t;200052;t_t;Prestação de serviços de profissões intelectuais;)_g
(;07.01;t_t;Engenharia, Agronomia, Agrimensura, Arquitetura, Geologia, Urbanismo, Paisagismo E Congêneres.;t_t;1.1403.22.11;t_t;Serviços de engenharia para projetos de exploração de minerais;t_t;100301;t_t;Domicílio principal do adquirente;t_t;200052;t_t;Prestação de serviços de profissões intelectuais;)_g
(;07.01;t_t;Engenharia, Agronomia, Agrimensura, Arquitetura, Geologia, Urbanismo, Paisagismo E Congêneres.;t_t;1.1403.22.12;t_t;Serviços de engenharia para projetos de exploração de petróleo e gás;t_t;100301;t_t;Domicílio principal do adquirente;t_t;200052;t_t;Prestação de serviços de profissões intelectuais;)_g
(;07.01;t_t;Engenharia, Agronomia, Agrimensura, Arquitetura, Geologia, Urbanismo, Paisagismo E Congêneres.;t_t;1.1403.22.13;t_t;Serviços de engenharia para projetos de refino de petróleo e petroquímica;t_t;100301;t_t;Domicílio principal do adquirente;t_t;200052;t_t;Prestação de serviços de profissões intelectuais;)_g
(;07.01;t_t;Engenharia, Agronomia, Agrimensura, Arquitetura, Geologia, Urbanismo, Paisagismo E Congêneres.;t_t;1.1403.22.14;t_t;Serviços de engenharia para projetos de unidades de produção de biocombustíveis;t_t;100301;t_t;Domicílio principal do adquirente;t_t;200052;t_t;Prestação de serviços de profissões intelectuais;)_g
(;07.01;t_t;Engenharia, Agronomia, Agrimensura, Arquitetura, Geologia, Urbanismo, Paisagismo E Congêneres.;t_t;1.1403.22.21;t_t;Serviços de engenharia para projetos de veículos terrestres;t_t;100301;t_t;Domicílio principal do adquirente;t_t;200052;t_t;Prestação de serviços de profissões intelectuais;)_g
(;07.01;t_t;Engenharia, Agronomia, Agrimensura, Arquitetura, Geologia, Urbanismo, Paisagismo E Congêneres.;t_t;1.1403.22.22;t_t;Serviços de engenharia para projetos de embarcações;t_t;100301;t_t;Domicílio principal do adquirente;t_t;200052;t_t;Prestação de serviços de profissões intelectuais;)_g
(;07.01;t_t;Engenharia, Agronomia, Agrimensura, Arquitetura, Geologia, Urbanismo, Paisagismo E Congêneres.;t_t;1.1403.22.23;t_t;Serviços de engenharia para projetos de veículos aéreos e aeroespaciais;t_t;100301;t_t;Domicílio principal do adquirente;t_t;200052;t_t;Prestação de serviços de profissões intelectuais;)_g
(;07.01;t_t;Engenharia, Agronomia, Agrimensura, Arquitetura, Geologia, Urbanismo, Paisagismo E Congêneres.;t_t;1.1403.22.90;t_t;Serviços de engenharia para outros projetos industriais e de fabricação, exceto para projetos de energia;t_t;100301;t_t;Domicílio principal do adquirente;t_t;200052;t_t;Prestação de serviços de profissões intelectuais;)_g
(;07.01;t_t;Engenharia, Agronomia, Agrimensura, Arquitetura, Geologia, Urbanismo, Paisagismo E Congêneres.;t_t;1.1403.23.00;t_t;Serviços de engenharia para projetos de infraestrutura de transportes;t_t;100301;t_t;Domicílio principal do adquirente;t_t;200052;t_t;Prestação de serviços de profissões intelectuais;)_g
(;07.01;t_t;Engenharia, Agronomia, Agrimensura, Arquitetura, Geologia, Urbanismo, Paisagismo E Congêneres.;t_t;1.1403.24.00;t_t;Serviços de engenharia para projetos de energia;t_t;100301;t_t;Domicílio principal do adquirente;t_t;200052;t_t;Prestação de serviços de profissões intelectuais;)_g
(;07.01;t_t;Engenharia, Agronomia, Agrimensura, Arquitetura, Geologia, Urbanismo, Paisagismo E Congêneres.;t_t;1.1403.25.00;t_t;Serviços de engenharia para projetos de telecomunicações, radiodifusão e televisão;t_t;100301;t_t;Domicílio principal do adquirente;t_t;200052;t_t;Prestação de serviços de profissões intelectuais;)_g
(;07.01;t_t;Engenharia, Agronomia, Agrimensura, Arquitetura, Geologia, Urbanismo, Paisagismo E Congêneres.;t_t;1.1403.26.00;t_t;Serviços de engenharia para projetos de gerenciamento de resíduos (perigosos e não perigosos);t_t;100301;t_t;Domicílio principal do adquirente;t_t;200052;t_t;Prestação de serviços de profissões intelectuais;)_g
(;07.01;t_t;Engenharia, Agronomia, Agrimensura, Arquitetura, Geologia, Urbanismo, Paisagismo E Congêneres.;t_t;1.1403.27.00;t_t;Serviços de engenharia para projetos de distribuição de água e rede de esgoto;t_t;100301;t_t;Domicílio principal do adquirente;t_t;200052;t_t;Prestação de serviços de profissões intelectuais;)_g
(;07.01;t_t;Engenharia, Agronomia, Agrimensura, Arquitetura, Geologia, Urbanismo, Paisagismo E Congêneres.;t_t;1.1403.29.00;t_t;Serviços de engenharia para outros projetos ;t_t;100301;t_t;Domicílio principal do adquirente;t_t;200038;t_t;Fornecimento dos insumos agropecuários e aquícolas (Anexo IX);)_g
(;07.01;t_t;Engenharia, Agronomia, Agrimensura, Arquitetura, Geologia, Urbanismo, Paisagismo E Congêneres.;t_t;1.1403.30.00;t_t;Serviços de gerenciamento de projetos de construção ;t_t;100301;t_t;Domicílio principal do adquirente;t_t;200052;t_t;Prestação de serviços de profissões intelectuais;)_g
(;07.01;t_t;Engenharia, Agronomia, Agrimensura, Arquitetura, Geologia, Urbanismo, Paisagismo E Congêneres.;t_t;1.1403.90.00;t_t;Serviços de engenharia não classificados em subposições anteriores;t_t;100301;t_t;Domicílio principal do adquirente;t_t;200052;t_t;Prestação de serviços de profissões intelectuais;)_g
(;07.01;t_t;Engenharia, Agronomia, Agrimensura, Arquitetura, Geologia, Urbanismo, Paisagismo E Congêneres.;t_t;1.1404.11.00;t_t;Serviços de consultoria geológica e geofísica;t_t;100301;t_t;Domicílio principal do adquirente;t_t;000001;t_t;Situações tributadas integralmente pelo IBS e CBS.;)_g
(;07.01;t_t;Engenharia, Agronomia, Agrimensura, Arquitetura, Geologia, Urbanismo, Paisagismo E Congêneres.;t_t;1.1404.12.00;t_t;Serviços geofísicos;t_t;100301;t_t;Domicílio principal do adquirente;t_t;000001;t_t;Situações tributadas integralmente pelo IBS e CBS.;)_g
(;07.01;t_t;Engenharia, Agronomia, Agrimensura, Arquitetura, Geologia, Urbanismo, Paisagismo E Congêneres.;t_t;1.1404.13.00;t_t;Serviços geoquímicos;t_t;100301;t_t;Domicílio principal do adquirente;t_t;000001;t_t;Situações tributadas integralmente pelo IBS e CBS.;)_g
(;07.01;t_t;Engenharia, Agronomia, Agrimensura, Arquitetura, Geologia, Urbanismo, Paisagismo E Congêneres.;t_t;1.1404.14.00;t_t;Serviços de informações para avaliação e exploração de recursos naturais;t_t;100301;t_t;Domicílio principal do adquirente;t_t;000001;t_t;Situações tributadas integralmente pelo IBS e CBS.;)_g
(;07.01;t_t;Engenharia, Agronomia, Agrimensura, Arquitetura, Geologia, Urbanismo, Paisagismo E Congêneres.;t_t;1.1404.19.00;t_t;Serviços geológicos, geofísicos e outros de prospecção não classificados em subposições anteriores;t_t;100301;t_t;Domicílio principal do adquirente;t_t;000001;t_t;Situações tributadas integralmente pelo IBS e CBS.;)_g
(;07.02;t_t;Execução, Por Administração, Empreitada Ou Subempreitada, De Obras De Construção Civil, Hidráulica Ou Elétrica E De Outras Obras Semelhantes, Inclusive Sondagem, Perfuração De Poços, Escavação, Drenagem E Irrigação, Terraplanagem, Pavimentação, Concretagem E A Instalação E Montagem De Produtos, Peças E Equipamentos (Exceto O Fornecimento De Mercadorias Produzidas Pelo Prestador De Serviços Fora Do Local Da Prestação Dos Serviços, Que Fica Sujeito Ao ICMS).;t_t;1.0101.11.00;t_t;Serviços de construção de edificações residenciais de um e dois pavimentos;t_t;020201;t_t;local do imóvel;t_t;200046;t_t;Operações com bens imóveis;)_g
(;07.02;t_t;Execução, Por Administração, Empreitada Ou Subempreitada, De Obras De Construção Civil, Hidráulica Ou Elétrica E De Outras Obras Semelhantes, Inclusive Sondagem, Perfuração De Poços, Escavação, Drenagem E Irrigação, Terraplanagem, Pavimentação, Concretagem E A Instalação E Montagem De Produtos, Peças E Equipamentos (Exceto O Fornecimento De Mercadorias Produzidas Pelo Prestador De Serviços Fora Do Local Da Prestação Dos Serviços, Que Fica Sujeito Ao ICMS).;t_t;1.0101.11.00;t_t;Serviços de construção de edificações residenciais de um e dois pavimentos;t_t;020201;t_t;local do imóvel;t_t;200045;t_t;Operações relacionadas a projetos de reabilitação urbana de zonas históricas e de áreas críticas de recuperação e reconversão urbanística;)_g
(;07.02;t_t;Execução, Por Administração, Empreitada Ou Subempreitada, De Obras De Construção Civil, Hidráulica Ou Elétrica E De Outras Obras Semelhantes, Inclusive Sondagem, Perfuração De Poços, Escavação, Drenagem E Irrigação, Terraplanagem, Pavimentação, Concretagem E A Instalação E Montagem De Produtos, Peças E Equipamentos (Exceto O Fornecimento De Mercadorias Produzidas Pelo Prestador De Serviços Fora Do Local Da Prestação Dos Serviços, Que Fica Sujeito Ao ICMS).;t_t;1.0101.12.00;t_t;Serviços de construção de edificações residenciais com mais de dois pavimentos;t_t;020201;t_t;local do imóvel;t_t;200046;t_t;Operações com bens imóveis;)_g
(;07.02;t_t;Execução, Por Administração, Empreitada Ou Subempreitada, De Obras De Construção Civil, Hidráulica Ou Elétrica E De Outras Obras Semelhantes, Inclusive Sondagem, Perfuração De Poços, Escavação, Drenagem E Irrigação, Terraplanagem, Pavimentação, Concretagem E A Instalação E Montagem De Produtos, Peças E Equipamentos (Exceto O Fornecimento De Mercadorias Produzidas Pelo Prestador De Serviços Fora Do Local Da Prestação Dos Serviços, Que Fica Sujeito Ao ICMS).;t_t;1.0101.12.00;t_t;Serviços de construção de edificações residenciais com mais de dois pavimentos;t_t;020201;t_t;local do imóvel;t_t;200045;t_t;Operações relacionadas a projetos de reabilitação urbana de zonas históricas e de áreas críticas de recuperação e reconversão urbanística;)_g
(;07.02;t_t;Execução, Por Administração, Empreitada Ou Subempreitada, De Obras De Construção Civil, Hidráulica Ou Elétrica E De Outras Obras Semelhantes, Inclusive Sondagem, Perfuração De Poços, Escavação, Drenagem E Irrigação, Terraplanagem, Pavimentação, Concretagem E A Instalação E Montagem De Produtos, Peças E Equipamentos (Exceto O Fornecimento De Mercadorias Produzidas Pelo Prestador De Serviços Fora Do Local Da Prestação Dos Serviços, Que Fica Sujeito Ao ICMS).;t_t;1.0101.21.00;t_t;Serviços de construção de edificações industriais ;t_t;020201;t_t;local do imóvel;t_t;200046;t_t;Operações com bens imóveis;)_g
(;07.02;t_t;Execução, Por Administração, Empreitada Ou Subempreitada, De Obras De Construção Civil, Hidráulica Ou Elétrica E De Outras Obras Semelhantes, Inclusive Sondagem, Perfuração De Poços, Escavação, Drenagem E Irrigação, Terraplanagem, Pavimentação, Concretagem E A Instalação E Montagem De Produtos, Peças E Equipamentos (Exceto O Fornecimento De Mercadorias Produzidas Pelo Prestador De Serviços Fora Do Local Da Prestação Dos Serviços, Que Fica Sujeito Ao ICMS).;t_t;1.0101.21.00;t_t;Serviços de construção de edificações industriais ;t_t;020201;t_t;local do imóvel;t_t;200045;t_t;Operações relacionadas a projetos de reabilitação urbana de zonas históricas e de áreas críticas de recuperação e reconversão urbanística;)_g
(;07.02;t_t;Execução, Por Administração, Empreitada Ou Subempreitada, De Obras De Construção Civil, Hidráulica Ou Elétrica E De Outras Obras Semelhantes, Inclusive Sondagem, Perfuração De Poços, Escavação, Drenagem E Irrigação, Terraplanagem, Pavimentação, Concretagem E A Instalação E Montagem De Produtos, Peças E Equipamentos (Exceto O Fornecimento De Mercadorias Produzidas Pelo Prestador De Serviços Fora Do Local Da Prestação Dos Serviços, Que Fica Sujeito Ao ICMS).;t_t;1.0101.22.00;t_t;Serviços de construção de edificações comerciais;t_t;020201;t_t;local do imóvel;t_t;200046;t_t;Operações com bens imóveis;)_g
(;07.02;t_t;Execução, Por Administração, Empreitada Ou Subempreitada, De Obras De Construção Civil, Hidráulica Ou Elétrica E De Outras Obras Semelhantes, Inclusive Sondagem, Perfuração De Poços, Escavação, Drenagem E Irrigação, Terraplanagem, Pavimentação, Concretagem E A Instalação E Montagem De Produtos, Peças E Equipamentos (Exceto O Fornecimento De Mercadorias Produzidas Pelo Prestador De Serviços Fora Do Local Da Prestação Dos Serviços, Que Fica Sujeito Ao ICMS).;t_t;1.0101.22.00;t_t;Serviços de construção de edificações comerciais;t_t;020201;t_t;local do imóvel;t_t;200045;t_t;Operações relacionadas a projetos de reabilitação urbana de zonas históricas e de áreas críticas de recuperação e reconversão urbanística;)_g
(;07.02;t_t;Execução, Por Administração, Empreitada Ou Subempreitada, De Obras De Construção Civil, Hidráulica Ou Elétrica E De Outras Obras Semelhantes, Inclusive Sondagem, Perfuração De Poços, Escavação, Drenagem E Irrigação, Terraplanagem, Pavimentação, Concretagem E A Instalação E Montagem De Produtos, Peças E Equipamentos (Exceto O Fornecimento De Mercadorias Produzidas Pelo Prestador De Serviços Fora Do Local Da Prestação Dos Serviços, Que Fica Sujeito Ao ICMS).;t_t;1.0101.29.00;t_t;Serviços de construção de edificações não residenciais não classificados em subposições anteriores;t_t;020201;t_t;local do imóvel;t_t;200046;t_t;Operações com bens imóveis;)_g
(;07.02;t_t;Execução, Por Administração, Empreitada Ou Subempreitada, De Obras De Construção Civil, Hidráulica Ou Elétrica E De Outras Obras Semelhantes, Inclusive Sondagem, Perfuração De Poços, Escavação, Drenagem E Irrigação, Terraplanagem, Pavimentação, Concretagem E A Instalação E Montagem De Produtos, Peças E Equipamentos (Exceto O Fornecimento De Mercadorias Produzidas Pelo Prestador De Serviços Fora Do Local Da Prestação Dos Serviços, Que Fica Sujeito Ao ICMS).;t_t;1.0101.29.00;t_t;Serviços de construção de edificações não residenciais não classificados em subposições anteriores;t_t;020201;t_t;local do imóvel;t_t;200045;t_t;Operações relacionadas a projetos de reabilitação urbana de zonas históricas e de áreas críticas de recuperação e reconversão urbanística;)_g
(;07.02;t_t;Execução, Por Administração, Empreitada Ou Subempreitada, De Obras De Construção Civil, Hidráulica Ou Elétrica E De Outras Obras Semelhantes, Inclusive Sondagem, Perfuração De Poços, Escavação, Drenagem E Irrigação, Terraplanagem, Pavimentação, Concretagem E A Instalação E Montagem De Produtos, Peças E Equipamentos (Exceto O Fornecimento De Mercadorias Produzidas Pelo Prestador De Serviços Fora Do Local Da Prestação Dos Serviços, Que Fica Sujeito Ao ICMS).;t_t;1.0101.30.00;t_t;Serviços de construção de edificações de uso misto (residencial e não residencial);t_t;020201;t_t;local do imóvel;t_t;200046;t_t;Operações com bens imóveis;)_g
(;07.02;t_t;Execução, Por Administração, Empreitada Ou Subempreitada, De Obras De Construção Civil, Hidráulica Ou Elétrica E De Outras Obras Semelhantes, Inclusive Sondagem, Perfuração De Poços, Escavação, Drenagem E Irrigação, Terraplanagem, Pavimentação, Concretagem E A Instalação E Montagem De Produtos, Peças E Equipamentos (Exceto O Fornecimento De Mercadorias Produzidas Pelo Prestador De Serviços Fora Do Local Da Prestação Dos Serviços, Que Fica Sujeito Ao ICMS).;t_t;1.0101.30.00;t_t;Serviços de construção de edificações de uso misto (residencial e não residencial);t_t;020201;t_t;local do imóvel;t_t;200045;t_t;Operações relacionadas a projetos de reabilitação urbana de zonas históricas e de áreas críticas de recuperação e reconversão urbanística;)_g
(;07.02;t_t;Execução, Por Administração, Empreitada Ou Subempreitada, De Obras De Construção Civil, Hidráulica Ou Elétrica E De Outras Obras Semelhantes, Inclusive Sondagem, Perfuração De Poços, Escavação, Drenagem E Irrigação, Terraplanagem, Pavimentação, Concretagem E A Instalação E Montagem De Produtos, Peças E Equipamentos (Exceto O Fornecimento De Mercadorias Produzidas Pelo Prestador De Serviços Fora Do Local Da Prestação Dos Serviços, Que Fica Sujeito Ao ICMS).;t_t;1.0102.11.00;t_t;Serviços de construção de autoestradas (exceto autoestradas elevadas), ruas e estradas;t_t;020201;t_t;local do imóvel;t_t;200046;t_t;Operações com bens imóveis;)_g
(;07.02;t_t;Execução, Por Administração, Empreitada Ou Subempreitada, De Obras De Construção Civil, Hidráulica Ou Elétrica E De Outras Obras Semelhantes, Inclusive Sondagem, Perfuração De Poços, Escavação, Drenagem E Irrigação, Terraplanagem, Pavimentação, Concretagem E A Instalação E Montagem De Produtos, Peças E Equipamentos (Exceto O Fornecimento De Mercadorias Produzidas Pelo Prestador De Serviços Fora Do Local Da Prestação Dos Serviços, Que Fica Sujeito Ao ICMS).;t_t;1.0102.11.00;t_t;Serviços de construção de autoestradas (exceto autoestradas elevadas), ruas e estradas;t_t;020201;t_t;local do imóvel;t_t;200045;t_t;Operações relacionadas a projetos de reabilitação urbana de zonas históricas e de áreas críticas de recuperação e reconversão urbanística;)_g
(;07.02;t_t;Execução, Por Administração, Empreitada Ou Subempreitada, De Obras De Construção Civil, Hidráulica Ou Elétrica E De Outras Obras Semelhantes, Inclusive Sondagem, Perfuração De Poços, Escavação, Drenagem E Irrigação, Terraplanagem, Pavimentação, Concretagem E A Instalação E Montagem De Produtos, Peças E Equipamentos (Exceto O Fornecimento De Mercadorias Produzidas Pelo Prestador De Serviços Fora Do Local Da Prestação Dos Serviços, Que Fica Sujeito Ao ICMS).;t_t;1.0102.12.00;t_t;Serviços de construção de ferrovias;t_t;020201;t_t;local do imóvel;t_t;200046;t_t;Operações com bens imóveis;)_g
(;07.02;t_t;Execução, Por Administração, Empreitada Ou Subempreitada, De Obras De Construção Civil, Hidráulica Ou Elétrica E De Outras Obras Semelhantes, Inclusive Sondagem, Perfuração De Poços, Escavação, Drenagem E Irrigação, Terraplanagem, Pavimentação, Concretagem E A Instalação E Montagem De Produtos, Peças E Equipamentos (Exceto O Fornecimento De Mercadorias Produzidas Pelo Prestador De Serviços Fora Do Local Da Prestação Dos Serviços, Que Fica Sujeito Ao ICMS).;t_t;1.0102.13.00;t_t;Serviços de construção de pistas de pouso e decolagem em aeroportos e de infraestrutura aeroportuária;t_t;020201;t_t;local do imóvel;t_t;200046;t_t;Operações com bens imóveis;)_g
(;07.02;t_t;Execução, Por Administração, Empreitada Ou Subempreitada, De Obras De Construção Civil, Hidráulica Ou Elétrica E De Outras Obras Semelhantes, Inclusive Sondagem, Perfuração De Poços, Escavação, Drenagem E Irrigação, Terraplanagem, Pavimentação, Concretagem E A Instalação E Montagem De Produtos, Peças E Equipamentos (Exceto O Fornecimento De Mercadorias Produzidas Pelo Prestador De Serviços Fora Do Local Da Prestação Dos Serviços, Que Fica Sujeito Ao ICMS).;t_t;1.0102.20.00;t_t;Serviços de construção de pontes, autoestradas elevadas e túneis;t_t;020201;t_t;local do imóvel;t_t;200046;t_t;Operações com bens imóveis;)_g
(;07.02;t_t;Execução, Por Administração, Empreitada Ou Subempreitada, De Obras De Construção Civil, Hidráulica Ou Elétrica E De Outras Obras Semelhantes, Inclusive Sondagem, Perfuração De Poços, Escavação, Drenagem E Irrigação, Terraplanagem, Pavimentação, Concretagem E A Instalação E Montagem De Produtos, Peças E Equipamentos (Exceto O Fornecimento De Mercadorias Produzidas Pelo Prestador De Serviços Fora Do Local Da Prestação Dos Serviços, Que Fica Sujeito Ao ICMS).;t_t;1.0102.20.00;t_t;Serviços de construção de pontes, autoestradas elevadas e túneis;t_t;020201;t_t;local do imóvel;t_t;200045;t_t;Operações relacionadas a projetos de reabilitação urbana de zonas históricas e de áreas críticas de recuperação e reconversão urbanística;)_g
(;07.02;t_t;Execução, Por Administração, Empreitada Ou Subempreitada, De Obras De Construção Civil, Hidráulica Ou Elétrica E De Outras Obras Semelhantes, Inclusive Sondagem, Perfuração De Poços, Escavação, Drenagem E Irrigação, Terraplanagem, Pavimentação, Concretagem E A Instalação E Montagem De Produtos, Peças E Equipamentos (Exceto O Fornecimento De Mercadorias Produzidas Pelo Prestador De Serviços Fora Do Local Da Prestação Dos Serviços, Que Fica Sujeito Ao ICMS).;t_t;1.0102.31.00;t_t;Serviços de construção de infraestrutura de proteção e acesso aquaviário ;t_t;020201;t_t;local do imóvel;t_t;200046;t_t;Operações com bens imóveis;)_g
(;07.02;t_t;Execução, Por Administração, Empreitada Ou Subempreitada, De Obras De Construção Civil, Hidráulica Ou Elétrica E De Outras Obras Semelhantes, Inclusive Sondagem, Perfuração De Poços, Escavação, Drenagem E Irrigação, Terraplanagem, Pavimentação, Concretagem E A Instalação E Montagem De Produtos, Peças E Equipamentos (Exceto O Fornecimento De Mercadorias Produzidas Pelo Prestador De Serviços Fora Do Local Da Prestação Dos Serviços, Que Fica Sujeito Ao ICMS).;t_t;1.0102.31.00;t_t;Serviços de construção de infraestrutura de proteção e acesso aquaviário ;t_t;020201;t_t;local do imóvel;t_t;200045;t_t;Operações relacionadas a projetos de reabilitação urbana de zonas históricas e de áreas críticas de recuperação e reconversão urbanística;)_g
(;07.02;t_t;Execução, Por Administração, Empreitada Ou Subempreitada, De Obras De Construção Civil, Hidráulica Ou Elétrica E De Outras Obras Semelhantes, Inclusive Sondagem, Perfuração De Poços, Escavação, Drenagem E Irrigação, Terraplanagem, Pavimentação, Concretagem E A Instalação E Montagem De Produtos, Peças E Equipamentos (Exceto O Fornecimento De Mercadorias Produzidas Pelo Prestador De Serviços Fora Do Local Da Prestação Dos Serviços, Que Fica Sujeito Ao ICMS).;t_t;1.0102.32.00;t_t;Serviços de construção de infraestrutura de acostagem aquaviária;t_t;020201;t_t;local do imóvel;t_t;200046;t_t;Operações com bens imóveis;)_g
(;07.02;t_t;Execução, Por Administração, Empreitada Ou Subempreitada, De Obras De Construção Civil, Hidráulica Ou Elétrica E De Outras Obras Semelhantes, Inclusive Sondagem, Perfuração De Poços, Escavação, Drenagem E Irrigação, Terraplanagem, Pavimentação, Concretagem E A Instalação E Montagem De Produtos, Peças E Equipamentos (Exceto O Fornecimento De Mercadorias Produzidas Pelo Prestador De Serviços Fora Do Local Da Prestação Dos Serviços, Que Fica Sujeito Ao ICMS).;t_t;1.0102.32.00;t_t;Serviços de construção de infraestrutura de acostagem aquaviária;t_t;020201;t_t;local do imóvel;t_t;200045;t_t;Operações relacionadas a projetos de reabilitação urbana de zonas históricas e de áreas críticas de recuperação e reconversão urbanística;)_g
(;07.02;t_t;Execução, Por Administração, Empreitada Ou Subempreitada, De Obras De Construção Civil, Hidráulica Ou Elétrica E De Outras Obras Semelhantes, Inclusive Sondagem, Perfuração De Poços, Escavação, Drenagem E Irrigação, Terraplanagem, Pavimentação, Concretagem E A Instalação E Montagem De Produtos, Peças E Equipamentos (Exceto O Fornecimento De Mercadorias Produzidas Pelo Prestador De Serviços Fora Do Local Da Prestação Dos Serviços, Que Fica Sujeito Ao ICMS).;t_t;1.0102.33.00;t_t;Serviços de construção de infraestrutura terrestre e de obras de engenharia afins nos portos;t_t;020201;t_t;local do imóvel;t_t;200046;t_t;Operações com bens imóveis;)_g
(;07.02;t_t;Execução, Por Administração, Empreitada Ou Subempreitada, De Obras De Construção Civil, Hidráulica Ou Elétrica E De Outras Obras Semelhantes, Inclusive Sondagem, Perfuração De Poços, Escavação, Drenagem E Irrigação, Terraplanagem, Pavimentação, Concretagem E A Instalação E Montagem De Produtos, Peças E Equipamentos (Exceto O Fornecimento De Mercadorias Produzidas Pelo Prestador De Serviços Fora Do Local Da Prestação Dos Serviços, Que Fica Sujeito Ao ICMS).;t_t;1.0102.34.00;t_t;Serviços de construção de barragens;t_t;020201;t_t;local do imóvel;t_t;200046;t_t;Operações com bens imóveis;)_g
(;07.02;t_t;Execução, Por Administração, Empreitada Ou Subempreitada, De Obras De Construção Civil, Hidráulica Ou Elétrica E De Outras Obras Semelhantes, Inclusive Sondagem, Perfuração De Poços, Escavação, Drenagem E Irrigação, Terraplanagem, Pavimentação, Concretagem E A Instalação E Montagem De Produtos, Peças E Equipamentos (Exceto O Fornecimento De Mercadorias Produzidas Pelo Prestador De Serviços Fora Do Local Da Prestação Dos Serviços, Que Fica Sujeito Ao ICMS).;t_t;1.0102.35.10;t_t;Serviços de construção de adutoras em conduto livre;t_t;020201;t_t;local do imóvel;t_t;200046;t_t;Operações com bens imóveis;)_g
(;07.02;t_t;Execução, Por Administração, Empreitada Ou Subempreitada, De Obras De Construção Civil, Hidráulica Ou Elétrica E De Outras Obras Semelhantes, Inclusive Sondagem, Perfuração De Poços, Escavação, Drenagem E Irrigação, Terraplanagem, Pavimentação, Concretagem E A Instalação E Montagem De Produtos, Peças E Equipamentos (Exceto O Fornecimento De Mercadorias Produzidas Pelo Prestador De Serviços Fora Do Local Da Prestação Dos Serviços, Que Fica Sujeito Ao ICMS).;t_t;1.0102.35.10;t_t;Serviços de construção de adutoras em conduto livre;t_t;020201;t_t;local do imóvel;t_t;200045;t_t;Operações relacionadas a projetos de reabilitação urbana de zonas históricas e de áreas críticas de recuperação e reconversão urbanística;)_g
(;07.02;t_t;Execução, Por Administração, Empreitada Ou Subempreitada, De Obras De Construção Civil, Hidráulica Ou Elétrica E De Outras Obras Semelhantes, Inclusive Sondagem, Perfuração De Poços, Escavação, Drenagem E Irrigação, Terraplanagem, Pavimentação, Concretagem E A Instalação E Montagem De Produtos, Peças E Equipamentos (Exceto O Fornecimento De Mercadorias Produzidas Pelo Prestador De Serviços Fora Do Local Da Prestação Dos Serviços, Que Fica Sujeito Ao ICMS).;t_t;1.0102.35.20;t_t;Serviços de construção de sistemas de irrigação   ;t_t;020201;t_t;local do imóvel;t_t;200046;t_t;Operações com bens imóveis;)_g
(;07.02;t_t;Execução, Por Administração, Empreitada Ou Subempreitada, De Obras De Construção Civil, Hidráulica Ou Elétrica E De Outras Obras Semelhantes, Inclusive Sondagem, Perfuração De Poços, Escavação, Drenagem E Irrigação, Terraplanagem, Pavimentação, Concretagem E A Instalação E Montagem De Produtos, Peças E Equipamentos (Exceto O Fornecimento De Mercadorias Produzidas Pelo Prestador De Serviços Fora Do Local Da Prestação Dos Serviços, Que Fica Sujeito Ao ICMS).;t_t;1.0102.35.20;t_t;Serviços de construção de sistemas de irrigação   ;t_t;020201;t_t;local do imóvel;t_t;200045;t_t;Operações relacionadas a projetos de reabilitação urbana de zonas históricas e de áreas críticas de recuperação e reconversão urbanística;)_g
(;07.02;t_t;Execução, Por Administração, Empreitada Ou Subempreitada, De Obras De Construção Civil, Hidráulica Ou Elétrica E De Outras Obras Semelhantes, Inclusive Sondagem, Perfuração De Poços, Escavação, Drenagem E Irrigação, Terraplanagem, Pavimentação, Concretagem E A Instalação E Montagem De Produtos, Peças E Equipamentos (Exceto O Fornecimento De Mercadorias Produzidas Pelo Prestador De Serviços Fora Do Local Da Prestação Dos Serviços, Que Fica Sujeito Ao ICMS).;t_t;1.0102.35.20;t_t;Serviços de construção de sistemas de irrigação   ;t_t;020201;t_t;local do imóvel;t_t;200038;t_t;Fornecimento dos insumos agropecuários e aquícolas (Anexo IX);)_g
(;07.02;t_t;Execução, Por Administração, Empreitada Ou Subempreitada, De Obras De Construção Civil, Hidráulica Ou Elétrica E De Outras Obras Semelhantes, Inclusive Sondagem, Perfuração De Poços, Escavação, Drenagem E Irrigação, Terraplanagem, Pavimentação, Concretagem E A Instalação E Montagem De Produtos, Peças E Equipamentos (Exceto O Fornecimento De Mercadorias Produzidas Pelo Prestador De Serviços Fora Do Local Da Prestação Dos Serviços, Que Fica Sujeito Ao ICMS).;t_t;1.0102.35.30;t_t;Serviços de construção relacionada ao controle dos cursos de água, inclusive canalização ;t_t;020201;t_t;local do imóvel;t_t;200046;t_t;Operações com bens imóveis;)_g
(;07.02;t_t;Execução, Por Administração, Empreitada Ou Subempreitada, De Obras De Construção Civil, Hidráulica Ou Elétrica E De Outras Obras Semelhantes, Inclusive Sondagem, Perfuração De Poços, Escavação, Drenagem E Irrigação, Terraplanagem, Pavimentação, Concretagem E A Instalação E Montagem De Produtos, Peças E Equipamentos (Exceto O Fornecimento De Mercadorias Produzidas Pelo Prestador De Serviços Fora Do Local Da Prestação Dos Serviços, Que Fica Sujeito Ao ICMS).;t_t;1.0102.35.30;t_t;Serviços de construção relacionada ao controle dos cursos de água, inclusive canalização ;t_t;020201;t_t;local do imóvel;t_t;200045;t_t;Operações relacionadas a projetos de reabilitação urbana de zonas históricas e de áreas críticas de recuperação e reconversão urbanística;)_g
(;07.02;t_t;Execução, Por Administração, Empreitada Ou Subempreitada, De Obras De Construção Civil, Hidráulica Ou Elétrica E De Outras Obras Semelhantes, Inclusive Sondagem, Perfuração De Poços, Escavação, Drenagem E Irrigação, Terraplanagem, Pavimentação, Concretagem E A Instalação E Montagem De Produtos, Peças E Equipamentos (Exceto O Fornecimento De Mercadorias Produzidas Pelo Prestador De Serviços Fora Do Local Da Prestação Dos Serviços, Que Fica Sujeito Ao ICMS).;t_t;1.0102.41.10;t_t;Serviços de construção de dutos de longo curso para o transporte de petróleo, seus derivados, e gás;t_t;020201;t_t;local do imóvel;t_t;200046;t_t;Operações com bens imóveis;)_g
(;07.02;t_t;Execução, Por Administração, Empreitada Ou Subempreitada, De Obras De Construção Civil, Hidráulica Ou Elétrica E De Outras Obras Semelhantes, Inclusive Sondagem, Perfuração De Poços, Escavação, Drenagem E Irrigação, Terraplanagem, Pavimentação, Concretagem E A Instalação E Montagem De Produtos, Peças E Equipamentos (Exceto O Fornecimento De Mercadorias Produzidas Pelo Prestador De Serviços Fora Do Local Da Prestação Dos Serviços, Que Fica Sujeito Ao ICMS).;t_t;1.0102.41.20;t_t;Serviços de construção de dutos de longo curso para o transporte e escoamento de águas;t_t;020201;t_t;local do imóvel;t_t;200046;t_t;Operações com bens imóveis;)_g
(;07.02;t_t;Execução, Por Administração, Empreitada Ou Subempreitada, De Obras De Construção Civil, Hidráulica Ou Elétrica E De Outras Obras Semelhantes, Inclusive Sondagem, Perfuração De Poços, Escavação, Drenagem E Irrigação, Terraplanagem, Pavimentação, Concretagem E A Instalação E Montagem De Produtos, Peças E Equipamentos (Exceto O Fornecimento De Mercadorias Produzidas Pelo Prestador De Serviços Fora Do Local Da Prestação Dos Serviços, Que Fica Sujeito Ao ICMS).;t_t;1.0102.41.90;t_t;Serviços de construção de dutos de longo curso não classificados em subposições anteriores;t_t;020201;t_t;local do imóvel;t_t;200046;t_t;Operações com bens imóveis;)_g
(;07.02;t_t;Execução, Por Administração, Empreitada Ou Subempreitada, De Obras De Construção Civil, Hidráulica Ou Elétrica E De Outras Obras Semelhantes, Inclusive Sondagem, Perfuração De Poços, Escavação, Drenagem E Irrigação, Terraplanagem, Pavimentação, Concretagem E A Instalação E Montagem De Produtos, Peças E Equipamentos (Exceto O Fornecimento De Mercadorias Produzidas Pelo Prestador De Serviços Fora Do Local Da Prestação Dos Serviços, Que Fica Sujeito Ao ICMS).;t_t;1.0102.42.10;t_t;Serviços de construção de linhas de comunicação de longo curso ;t_t;020201;t_t;local do imóvel;t_t;200046;t_t;Operações com bens imóveis;)_g
(;07.02;t_t;Execução, Por Administração, Empreitada Ou Subempreitada, De Obras De Construção Civil, Hidráulica Ou Elétrica E De Outras Obras Semelhantes, Inclusive Sondagem, Perfuração De Poços, Escavação, Drenagem E Irrigação, Terraplanagem, Pavimentação, Concretagem E A Instalação E Montagem De Produtos, Peças E Equipamentos (Exceto O Fornecimento De Mercadorias Produzidas Pelo Prestador De Serviços Fora Do Local Da Prestação Dos Serviços, Que Fica Sujeito Ao ICMS).;t_t;1.0102.42.20;t_t;Serviços de construção de linhas de transmissão de alta tensão;t_t;020201;t_t;local do imóvel;t_t;200046;t_t;Operações com bens imóveis;)_g
(;07.02;t_t;Execução, Por Administração, Empreitada Ou Subempreitada, De Obras De Construção Civil, Hidráulica Ou Elétrica E De Outras Obras Semelhantes, Inclusive Sondagem, Perfuração De Poços, Escavação, Drenagem E Irrigação, Terraplanagem, Pavimentação, Concretagem E A Instalação E Montagem De Produtos, Peças E Equipamentos (Exceto O Fornecimento De Mercadorias Produzidas Pelo Prestador De Serviços Fora Do Local Da Prestação Dos Serviços, Que Fica Sujeito Ao ICMS).;t_t;1.0102.51.00;t_t;Serviços de construção de dutos locais;t_t;020201;t_t;local do imóvel;t_t;200046;t_t;Operações com bens imóveis;)_g
(;07.02;t_t;Execução, Por Administração, Empreitada Ou Subempreitada, De Obras De Construção Civil, Hidráulica Ou Elétrica E De Outras Obras Semelhantes, Inclusive Sondagem, Perfuração De Poços, Escavação, Drenagem E Irrigação, Terraplanagem, Pavimentação, Concretagem E A Instalação E Montagem De Produtos, Peças E Equipamentos (Exceto O Fornecimento De Mercadorias Produzidas Pelo Prestador De Serviços Fora Do Local Da Prestação Dos Serviços, Que Fica Sujeito Ao ICMS).;t_t;1.0102.51.00;t_t;Serviços de construção de dutos locais;t_t;020201;t_t;local do imóvel;t_t;200045;t_t;Operações relacionadas a projetos de reabilitação urbana de zonas históricas e de áreas críticas de recuperação e reconversão urbanística;)_g
(;07.02;t_t;Execução, Por Administração, Empreitada Ou Subempreitada, De Obras De Construção Civil, Hidráulica Ou Elétrica E De Outras Obras Semelhantes, Inclusive Sondagem, Perfuração De Poços, Escavação, Drenagem E Irrigação, Terraplanagem, Pavimentação, Concretagem E A Instalação E Montagem De Produtos, Peças E Equipamentos (Exceto O Fornecimento De Mercadorias Produzidas Pelo Prestador De Serviços Fora Do Local Da Prestação Dos Serviços, Que Fica Sujeito Ao ICMS).;t_t;1.0102.52.10;t_t;Serviços de construção de linhas locais de comunicação;t_t;020201;t_t;local do imóvel;t_t;200046;t_t;Operações com bens imóveis;)_g
(;07.02;t_t;Execução, Por Administração, Empreitada Ou Subempreitada, De Obras De Construção Civil, Hidráulica Ou Elétrica E De Outras Obras Semelhantes, Inclusive Sondagem, Perfuração De Poços, Escavação, Drenagem E Irrigação, Terraplanagem, Pavimentação, Concretagem E A Instalação E Montagem De Produtos, Peças E Equipamentos (Exceto O Fornecimento De Mercadorias Produzidas Pelo Prestador De Serviços Fora Do Local Da Prestação Dos Serviços, Que Fica Sujeito Ao ICMS).;t_t;1.0102.52.10;t_t;Serviços de construção de linhas locais de comunicação;t_t;020201;t_t;local do imóvel;t_t;200045;t_t;Operações relacionadas a projetos de reabilitação urbana de zonas históricas e de áreas críticas de recuperação e reconversão urbanística;)_g
(;07.02;t_t;Execução, Por Administração, Empreitada Ou Subempreitada, De Obras De Construção Civil, Hidráulica Ou Elétrica E De Outras Obras Semelhantes, Inclusive Sondagem, Perfuração De Poços, Escavação, Drenagem E Irrigação, Terraplanagem, Pavimentação, Concretagem E A Instalação E Montagem De Produtos, Peças E Equipamentos (Exceto O Fornecimento De Mercadorias Produzidas Pelo Prestador De Serviços Fora Do Local Da Prestação Dos Serviços, Que Fica Sujeito Ao ICMS).;t_t;1.0102.52.20;t_t;Serviços de construção de linhas locais de transmissão de baixa e média tensão ;t_t;020201;t_t;local do imóvel;t_t;200046;t_t;Operações com bens imóveis;)_g
(;07.02;t_t;Execução, Por Administração, Empreitada Ou Subempreitada, De Obras De Construção Civil, Hidráulica Ou Elétrica E De Outras Obras Semelhantes, Inclusive Sondagem, Perfuração De Poços, Escavação, Drenagem E Irrigação, Terraplanagem, Pavimentação, Concretagem E A Instalação E Montagem De Produtos, Peças E Equipamentos (Exceto O Fornecimento De Mercadorias Produzidas Pelo Prestador De Serviços Fora Do Local Da Prestação Dos Serviços, Que Fica Sujeito Ao ICMS).;t_t;1.0102.52.20;t_t;Serviços de construção de linhas locais de transmissão de baixa e média tensão ;t_t;020201;t_t;local do imóvel;t_t;200045;t_t;Operações relacionadas a projetos de reabilitação urbana de zonas históricas e de áreas críticas de recuperação e reconversão urbanística;)_g
(;07.02;t_t;Execução, Por Administração, Empreitada Ou Subempreitada, De Obras De Construção Civil, Hidráulica Ou Elétrica E De Outras Obras Semelhantes, Inclusive Sondagem, Perfuração De Poços, Escavação, Drenagem E Irrigação, Terraplanagem, Pavimentação, Concretagem E A Instalação E Montagem De Produtos, Peças E Equipamentos (Exceto O Fornecimento De Mercadorias Produzidas Pelo Prestador De Serviços Fora Do Local Da Prestação Dos Serviços, Que Fica Sujeito Ao ICMS).;t_t;1.0102.53.10;t_t;Serviços de construção de sistemas de esgotos;t_t;020201;t_t;local do imóvel;t_t;200046;t_t;Operações com bens imóveis;)_g
(;07.02;t_t;Execução, Por Administração, Empreitada Ou Subempreitada, De Obras De Construção Civil, Hidráulica Ou Elétrica E De Outras Obras Semelhantes, Inclusive Sondagem, Perfuração De Poços, Escavação, Drenagem E Irrigação, Terraplanagem, Pavimentação, Concretagem E A Instalação E Montagem De Produtos, Peças E Equipamentos (Exceto O Fornecimento De Mercadorias Produzidas Pelo Prestador De Serviços Fora Do Local Da Prestação Dos Serviços, Que Fica Sujeito Ao ICMS).;t_t;1.0102.53.10;t_t;Serviços de construção de sistemas de esgotos;t_t;020201;t_t;local do imóvel;t_t;200045;t_t;Operações relacionadas a projetos de reabilitação urbana de zonas históricas e de áreas críticas de recuperação e reconversão urbanística;)_g
(;07.02;t_t;Execução, Por Administração, Empreitada Ou Subempreitada, De Obras De Construção Civil, Hidráulica Ou Elétrica E De Outras Obras Semelhantes, Inclusive Sondagem, Perfuração De Poços, Escavação, Drenagem E Irrigação, Terraplanagem, Pavimentação, Concretagem E A Instalação E Montagem De Produtos, Peças E Equipamentos (Exceto O Fornecimento De Mercadorias Produzidas Pelo Prestador De Serviços Fora Do Local Da Prestação Dos Serviços, Que Fica Sujeito Ao ICMS).;t_t;1.0102.53.20;t_t;Serviços de construção de sistemas de estações para elevação, tratamento e purificação de água;t_t;020201;t_t;local do imóvel;t_t;200046;t_t;Operações com bens imóveis;)_g
(;07.02;t_t;Execução, Por Administração, Empreitada Ou Subempreitada, De Obras De Construção Civil, Hidráulica Ou Elétrica E De Outras Obras Semelhantes, Inclusive Sondagem, Perfuração De Poços, Escavação, Drenagem E Irrigação, Terraplanagem, Pavimentação, Concretagem E A Instalação E Montagem De Produtos, Peças E Equipamentos (Exceto O Fornecimento De Mercadorias Produzidas Pelo Prestador De Serviços Fora Do Local Da Prestação Dos Serviços, Que Fica Sujeito Ao ICMS).;t_t;1.0102.53.20;t_t;Serviços de construção de sistemas de estações para elevação, tratamento e purificação de água;t_t;020201;t_t;local do imóvel;t_t;200045;t_t;Operações relacionadas a projetos de reabilitação urbana de zonas históricas e de áreas críticas de recuperação e reconversão urbanística;)_g
(;07.02;t_t;Execução, Por Administração, Empreitada Ou Subempreitada, De Obras De Construção Civil, Hidráulica Ou Elétrica E De Outras Obras Semelhantes, Inclusive Sondagem, Perfuração De Poços, Escavação, Drenagem E Irrigação, Terraplanagem, Pavimentação, Concretagem E A Instalação E Montagem De Produtos, Peças E Equipamentos (Exceto O Fornecimento De Mercadorias Produzidas Pelo Prestador De Serviços Fora Do Local Da Prestação Dos Serviços, Que Fica Sujeito Ao ICMS).;t_t;1.0102.61.00;t_t;Serviços de construção de usinas de geração de energia;t_t;020201;t_t;local do imóvel;t_t;200046;t_t;Operações com bens imóveis;)_g
(;07.02;t_t;Execução, Por Administração, Empreitada Ou Subempreitada, De Obras De Construção Civil, Hidráulica Ou Elétrica E De Outras Obras Semelhantes, Inclusive Sondagem, Perfuração De Poços, Escavação, Drenagem E Irrigação, Terraplanagem, Pavimentação, Concretagem E A Instalação E Montagem De Produtos, Peças E Equipamentos (Exceto O Fornecimento De Mercadorias Produzidas Pelo Prestador De Serviços Fora Do Local Da Prestação Dos Serviços, Que Fica Sujeito Ao ICMS).;t_t;1.0102.69.00;t_t;Serviços de construção de instalações industriais não classificados em subposições anteriores;t_t;020201;t_t;local do imóvel;t_t;200046;t_t;Operações com bens imóveis;)_g
(;07.02;t_t;Execução, Por Administração, Empreitada Ou Subempreitada, De Obras De Construção Civil, Hidráulica Ou Elétrica E De Outras Obras Semelhantes, Inclusive Sondagem, Perfuração De Poços, Escavação, Drenagem E Irrigação, Terraplanagem, Pavimentação, Concretagem E A Instalação E Montagem De Produtos, Peças E Equipamentos (Exceto O Fornecimento De Mercadorias Produzidas Pelo Prestador De Serviços Fora Do Local Da Prestação Dos Serviços, Que Fica Sujeito Ao ICMS).;t_t;1.0102.69.00;t_t;Serviços de construção de instalações industriais não classificados em subposições anteriores;t_t;020201;t_t;local do imóvel;t_t;200045;t_t;Operações relacionadas a projetos de reabilitação urbana de zonas históricas e de áreas críticas de recuperação e reconversão urbanística;)_g
(;07.02;t_t;Execução, Por Administração, Empreitada Ou Subempreitada, De Obras De Construção Civil, Hidráulica Ou Elétrica E De Outras Obras Semelhantes, Inclusive Sondagem, Perfuração De Poços, Escavação, Drenagem E Irrigação, Terraplanagem, Pavimentação, Concretagem E A Instalação E Montagem De Produtos, Peças E Equipamentos (Exceto O Fornecimento De Mercadorias Produzidas Pelo Prestador De Serviços Fora Do Local Da Prestação Dos Serviços, Que Fica Sujeito Ao ICMS).;t_t;1.0102.70.00;t_t;Serviços de construção de minas e suas unidades industriais;t_t;020201;t_t;local do imóvel;t_t;200046;t_t;Operações com bens imóveis;)_g
(;07.02;t_t;Execução, Por Administração, Empreitada Ou Subempreitada, De Obras De Construção Civil, Hidráulica Ou Elétrica E De Outras Obras Semelhantes, Inclusive Sondagem, Perfuração De Poços, Escavação, Drenagem E Irrigação, Terraplanagem, Pavimentação, Concretagem E A Instalação E Montagem De Produtos, Peças E Equipamentos (Exceto O Fornecimento De Mercadorias Produzidas Pelo Prestador De Serviços Fora Do Local Da Prestação Dos Serviços, Que Fica Sujeito Ao ICMS).;t_t;1.0102.80.00;t_t;Serviços de construção de instalações para recreação e atividades desportivas ao ar livre;t_t;020201;t_t;local do imóvel;t_t;200046;t_t;Operações com bens imóveis;)_g
(;07.02;t_t;Execução, Por Administração, Empreitada Ou Subempreitada, De Obras De Construção Civil, Hidráulica Ou Elétrica E De Outras Obras Semelhantes, Inclusive Sondagem, Perfuração De Poços, Escavação, Drenagem E Irrigação, Terraplanagem, Pavimentação, Concretagem E A Instalação E Montagem De Produtos, Peças E Equipamentos (Exceto O Fornecimento De Mercadorias Produzidas Pelo Prestador De Serviços Fora Do Local Da Prestação Dos Serviços, Que Fica Sujeito Ao ICMS).;t_t;1.0102.80.00;t_t;Serviços de construção de instalações para recreação e atividades desportivas ao ar livre;t_t;020201;t_t;local do imóvel;t_t;200045;t_t;Operações relacionadas a projetos de reabilitação urbana de zonas históricas e de áreas críticas de recuperação e reconversão urbanística;)_g
(;07.02;t_t;Execução, Por Administração, Empreitada Ou Subempreitada, De Obras De Construção Civil, Hidráulica Ou Elétrica E De Outras Obras Semelhantes, Inclusive Sondagem, Perfuração De Poços, Escavação, Drenagem E Irrigação, Terraplanagem, Pavimentação, Concretagem E A Instalação E Montagem De Produtos, Peças E Equipamentos (Exceto O Fornecimento De Mercadorias Produzidas Pelo Prestador De Serviços Fora Do Local Da Prestação Dos Serviços, Que Fica Sujeito Ao ICMS).;t_t;1.0102.90.00;t_t;Serviços de construção de obras de engenharia civil não classificados em subposições anteriores;t_t;020201;t_t;local do imóvel;t_t;200046;t_t;Operações com bens imóveis;)_g
(;07.02;t_t;Execução, Por Administração, Empreitada Ou Subempreitada, De Obras De Construção Civil, Hidráulica Ou Elétrica E De Outras Obras Semelhantes, Inclusive Sondagem, Perfuração De Poços, Escavação, Drenagem E Irrigação, Terraplanagem, Pavimentação, Concretagem E A Instalação E Montagem De Produtos, Peças E Equipamentos (Exceto O Fornecimento De Mercadorias Produzidas Pelo Prestador De Serviços Fora Do Local Da Prestação Dos Serviços, Que Fica Sujeito Ao ICMS).;t_t;1.0102.90.00;t_t;Serviços de construção de obras de engenharia civil não classificados em subposições anteriores;t_t;020201;t_t;local do imóvel;t_t;200045;t_t;Operações relacionadas a projetos de reabilitação urbana de zonas históricas e de áreas críticas de recuperação e reconversão urbanística;)_g
(;07.02;t_t;Execução, Por Administração, Empreitada Ou Subempreitada, De Obras De Construção Civil, Hidráulica Ou Elétrica E De Outras Obras Semelhantes, Inclusive Sondagem, Perfuração De Poços, Escavação, Drenagem E Irrigação, Terraplanagem, Pavimentação, Concretagem E A Instalação E Montagem De Produtos, Peças E Equipamentos (Exceto O Fornecimento De Mercadorias Produzidas Pelo Prestador De Serviços Fora Do Local Da Prestação Dos Serviços, Que Fica Sujeito Ao ICMS).;t_t;1.0103.20.00;t_t;Serviços de preparação de terrenos e de canteiros de obras;t_t;020201;t_t;local do imóvel;t_t;200046;t_t;Operações com bens imóveis;)_g
(;07.02;t_t;Execução, Por Administração, Empreitada Ou Subempreitada, De Obras De Construção Civil, Hidráulica Ou Elétrica E De Outras Obras Semelhantes, Inclusive Sondagem, Perfuração De Poços, Escavação, Drenagem E Irrigação, Terraplanagem, Pavimentação, Concretagem E A Instalação E Montagem De Produtos, Peças E Equipamentos (Exceto O Fornecimento De Mercadorias Produzidas Pelo Prestador De Serviços Fora Do Local Da Prestação Dos Serviços, Que Fica Sujeito Ao ICMS).;t_t;1.0103.20.00;t_t;Serviços de preparação de terrenos e de canteiros de obras;t_t;020201;t_t;local do imóvel;t_t;200045;t_t;Operações relacionadas a projetos de reabilitação urbana de zonas históricas e de áreas críticas de recuperação e reconversão urbanística;)_g
(;07.02;t_t;Execução, Por Administração, Empreitada Ou Subempreitada, De Obras De Construção Civil, Hidráulica Ou Elétrica E De Outras Obras Semelhantes, Inclusive Sondagem, Perfuração De Poços, Escavação, Drenagem E Irrigação, Terraplanagem, Pavimentação, Concretagem E A Instalação E Montagem De Produtos, Peças E Equipamentos (Exceto O Fornecimento De Mercadorias Produzidas Pelo Prestador De Serviços Fora Do Local Da Prestação Dos Serviços, Que Fica Sujeito Ao ICMS).;t_t;1.0103.30.00;t_t;Serviços de escavação e remoção de terra;t_t;020201;t_t;local do imóvel;t_t;200046;t_t;Operações com bens imóveis;)_g
(;07.02;t_t;Execução, Por Administração, Empreitada Ou Subempreitada, De Obras De Construção Civil, Hidráulica Ou Elétrica E De Outras Obras Semelhantes, Inclusive Sondagem, Perfuração De Poços, Escavação, Drenagem E Irrigação, Terraplanagem, Pavimentação, Concretagem E A Instalação E Montagem De Produtos, Peças E Equipamentos (Exceto O Fornecimento De Mercadorias Produzidas Pelo Prestador De Serviços Fora Do Local Da Prestação Dos Serviços, Que Fica Sujeito Ao ICMS).;t_t;1.0103.30.00;t_t;Serviços de escavação e remoção de terra;t_t;020201;t_t;local do imóvel;t_t;200045;t_t;Operações relacionadas a projetos de reabilitação urbana de zonas históricas e de áreas críticas de recuperação e reconversão urbanística;)_g
(;07.02;t_t;Execução, Por Administração, Empreitada Ou Subempreitada, De Obras De Construção Civil, Hidráulica Ou Elétrica E De Outras Obras Semelhantes, Inclusive Sondagem, Perfuração De Poços, Escavação, Drenagem E Irrigação, Terraplanagem, Pavimentação, Concretagem E A Instalação E Montagem De Produtos, Peças E Equipamentos (Exceto O Fornecimento De Mercadorias Produzidas Pelo Prestador De Serviços Fora Do Local Da Prestação Dos Serviços, Que Fica Sujeito Ao ICMS).;t_t;1.0103.41.00;t_t;Serviços de perfuração de poços de água;t_t;020201;t_t;local do imóvel;t_t;200046;t_t;Operações com bens imóveis;)_g
(;07.02;t_t;Execução, Por Administração, Empreitada Ou Subempreitada, De Obras De Construção Civil, Hidráulica Ou Elétrica E De Outras Obras Semelhantes, Inclusive Sondagem, Perfuração De Poços, Escavação, Drenagem E Irrigação, Terraplanagem, Pavimentação, Concretagem E A Instalação E Montagem De Produtos, Peças E Equipamentos (Exceto O Fornecimento De Mercadorias Produzidas Pelo Prestador De Serviços Fora Do Local Da Prestação Dos Serviços, Que Fica Sujeito Ao ICMS).;t_t;1.0103.41.00;t_t;Serviços de perfuração de poços de água;t_t;020201;t_t;local do imóvel;t_t;200045;t_t;Operações relacionadas a projetos de reabilitação urbana de zonas históricas e de áreas críticas de recuperação e reconversão urbanística;)_g
(;07.02;t_t;Execução, Por Administração, Empreitada Ou Subempreitada, De Obras De Construção Civil, Hidráulica Ou Elétrica E De Outras Obras Semelhantes, Inclusive Sondagem, Perfuração De Poços, Escavação, Drenagem E Irrigação, Terraplanagem, Pavimentação, Concretagem E A Instalação E Montagem De Produtos, Peças E Equipamentos (Exceto O Fornecimento De Mercadorias Produzidas Pelo Prestador De Serviços Fora Do Local Da Prestação Dos Serviços, Que Fica Sujeito Ao ICMS).;t_t;1.0103.42.00;t_t;Serviços de instalação de sistemas sépticos;t_t;020201;t_t;local do imóvel;t_t;200046;t_t;Operações com bens imóveis;)_g
(;07.02;t_t;Execução, Por Administração, Empreitada Ou Subempreitada, De Obras De Construção Civil, Hidráulica Ou Elétrica E De Outras Obras Semelhantes, Inclusive Sondagem, Perfuração De Poços, Escavação, Drenagem E Irrigação, Terraplanagem, Pavimentação, Concretagem E A Instalação E Montagem De Produtos, Peças E Equipamentos (Exceto O Fornecimento De Mercadorias Produzidas Pelo Prestador De Serviços Fora Do Local Da Prestação Dos Serviços, Que Fica Sujeito Ao ICMS).;t_t;1.0103.42.00;t_t;Serviços de instalação de sistemas sépticos;t_t;020201;t_t;local do imóvel;t_t;200045;t_t;Operações relacionadas a projetos de reabilitação urbana de zonas históricas e de áreas críticas de recuperação e reconversão urbanística;)_g
(;07.02;t_t;Execução, Por Administração, Empreitada Ou Subempreitada, De Obras De Construção Civil, Hidráulica Ou Elétrica E De Outras Obras Semelhantes, Inclusive Sondagem, Perfuração De Poços, Escavação, Drenagem E Irrigação, Terraplanagem, Pavimentação, Concretagem E A Instalação E Montagem De Produtos, Peças E Equipamentos (Exceto O Fornecimento De Mercadorias Produzidas Pelo Prestador De Serviços Fora Do Local Da Prestação Dos Serviços, Que Fica Sujeito Ao ICMS).;t_t;1.0104.00.00;t_t;Serviços de montagem e de edificação de construções pré-fabricadas;t_t;020201;t_t;local do imóvel;t_t;200046;t_t;Operações com bens imóveis;)_g
(;07.02;t_t;Execução, Por Administração, Empreitada Ou Subempreitada, De Obras De Construção Civil, Hidráulica Ou Elétrica E De Outras Obras Semelhantes, Inclusive Sondagem, Perfuração De Poços, Escavação, Drenagem E Irrigação, Terraplanagem, Pavimentação, Concretagem E A Instalação E Montagem De Produtos, Peças E Equipamentos (Exceto O Fornecimento De Mercadorias Produzidas Pelo Prestador De Serviços Fora Do Local Da Prestação Dos Serviços, Que Fica Sujeito Ao ICMS).;t_t;1.0104.00.00;t_t;Serviços de montagem e de edificação de construções pré-fabricadas;t_t;020201;t_t;local do imóvel;t_t;200045;t_t;Operações relacionadas a projetos de reabilitação urbana de zonas históricas e de áreas críticas de recuperação e reconversão urbanística;)_g
(;07.02;t_t;Execução, Por Administração, Empreitada Ou Subempreitada, De Obras De Construção Civil, Hidráulica Ou Elétrica E De Outras Obras Semelhantes, Inclusive Sondagem, Perfuração De Poços, Escavação, Drenagem E Irrigação, Terraplanagem, Pavimentação, Concretagem E A Instalação E Montagem De Produtos, Peças E Equipamentos (Exceto O Fornecimento De Mercadorias Produzidas Pelo Prestador De Serviços Fora Do Local Da Prestação Dos Serviços, Que Fica Sujeito Ao ICMS).;t_t;1.0105.11.00;t_t;Serviços de estaqueamento;t_t;020201;t_t;local do imóvel;t_t;200046;t_t;Operações com bens imóveis;)_g
(;07.02;t_t;Execução, Por Administração, Empreitada Ou Subempreitada, De Obras De Construção Civil, Hidráulica Ou Elétrica E De Outras Obras Semelhantes, Inclusive Sondagem, Perfuração De Poços, Escavação, Drenagem E Irrigação, Terraplanagem, Pavimentação, Concretagem E A Instalação E Montagem De Produtos, Peças E Equipamentos (Exceto O Fornecimento De Mercadorias Produzidas Pelo Prestador De Serviços Fora Do Local Da Prestação Dos Serviços, Que Fica Sujeito Ao ICMS).;t_t;1.0105.11.00;t_t;Serviços de estaqueamento;t_t;020201;t_t;local do imóvel;t_t;200045;t_t;Operações relacionadas a projetos de reabilitação urbana de zonas históricas e de áreas críticas de recuperação e reconversão urbanística;)_g
(;07.02;t_t;Execução, Por Administração, Empreitada Ou Subempreitada, De Obras De Construção Civil, Hidráulica Ou Elétrica E De Outras Obras Semelhantes, Inclusive Sondagem, Perfuração De Poços, Escavação, Drenagem E Irrigação, Terraplanagem, Pavimentação, Concretagem E A Instalação E Montagem De Produtos, Peças E Equipamentos (Exceto O Fornecimento De Mercadorias Produzidas Pelo Prestador De Serviços Fora Do Local Da Prestação Dos Serviços, Que Fica Sujeito Ao ICMS).;t_t;1.0105.12.00;t_t;Serviços de fundação;t_t;020201;t_t;local do imóvel;t_t;200046;t_t;Operações com bens imóveis;)_g
(;07.02;t_t;Execução, Por Administração, Empreitada Ou Subempreitada, De Obras De Construção Civil, Hidráulica Ou Elétrica E De Outras Obras Semelhantes, Inclusive Sondagem, Perfuração De Poços, Escavação, Drenagem E Irrigação, Terraplanagem, Pavimentação, Concretagem E A Instalação E Montagem De Produtos, Peças E Equipamentos (Exceto O Fornecimento De Mercadorias Produzidas Pelo Prestador De Serviços Fora Do Local Da Prestação Dos Serviços, Que Fica Sujeito Ao ICMS).;t_t;1.0105.12.00;t_t;Serviços de fundação;t_t;020201;t_t;local do imóvel;t_t;200045;t_t;Operações relacionadas a projetos de reabilitação urbana de zonas históricas e de áreas críticas de recuperação e reconversão urbanística;)_g
(;07.02;t_t;Execução, Por Administração, Empreitada Ou Subempreitada, De Obras De Construção Civil, Hidráulica Ou Elétrica E De Outras Obras Semelhantes, Inclusive Sondagem, Perfuração De Poços, Escavação, Drenagem E Irrigação, Terraplanagem, Pavimentação, Concretagem E A Instalação E Montagem De Produtos, Peças E Equipamentos (Exceto O Fornecimento De Mercadorias Produzidas Pelo Prestador De Serviços Fora Do Local Da Prestação Dos Serviços, Que Fica Sujeito Ao ICMS).;t_t;1.0105.21.00;t_t;Serviços de construção de estruturas de edificações;t_t;020201;t_t;local do imóvel;t_t;200046;t_t;Operações com bens imóveis;)_g
(;07.02;t_t;Execução, Por Administração, Empreitada Ou Subempreitada, De Obras De Construção Civil, Hidráulica Ou Elétrica E De Outras Obras Semelhantes, Inclusive Sondagem, Perfuração De Poços, Escavação, Drenagem E Irrigação, Terraplanagem, Pavimentação, Concretagem E A Instalação E Montagem De Produtos, Peças E Equipamentos (Exceto O Fornecimento De Mercadorias Produzidas Pelo Prestador De Serviços Fora Do Local Da Prestação Dos Serviços, Que Fica Sujeito Ao ICMS).;t_t;1.0105.21.00;t_t;Serviços de construção de estruturas de edificações;t_t;020201;t_t;local do imóvel;t_t;200045;t_t;Operações relacionadas a projetos de reabilitação urbana de zonas históricas e de áreas críticas de recuperação e reconversão urbanística;)_g
(;07.02;t_t;Execução, Por Administração, Empreitada Ou Subempreitada, De Obras De Construção Civil, Hidráulica Ou Elétrica E De Outras Obras Semelhantes, Inclusive Sondagem, Perfuração De Poços, Escavação, Drenagem E Irrigação, Terraplanagem, Pavimentação, Concretagem E A Instalação E Montagem De Produtos, Peças E Equipamentos (Exceto O Fornecimento De Mercadorias Produzidas Pelo Prestador De Serviços Fora Do Local Da Prestação Dos Serviços, Que Fica Sujeito Ao ICMS).;t_t;1.0105.22.00;t_t;Serviços de construção de estruturas de telhados e coberturas;t_t;020201;t_t;local do imóvel;t_t;200046;t_t;Operações com bens imóveis;)_g
(;07.02;t_t;Execução, Por Administração, Empreitada Ou Subempreitada, De Obras De Construção Civil, Hidráulica Ou Elétrica E De Outras Obras Semelhantes, Inclusive Sondagem, Perfuração De Poços, Escavação, Drenagem E Irrigação, Terraplanagem, Pavimentação, Concretagem E A Instalação E Montagem De Produtos, Peças E Equipamentos (Exceto O Fornecimento De Mercadorias Produzidas Pelo Prestador De Serviços Fora Do Local Da Prestação Dos Serviços, Que Fica Sujeito Ao ICMS).;t_t;1.0105.22.00;t_t;Serviços de construção de estruturas de telhados e coberturas;t_t;020201;t_t;local do imóvel;t_t;200045;t_t;Operações relacionadas a projetos de reabilitação urbana de zonas históricas e de áreas críticas de recuperação e reconversão urbanística;)_g
(;07.02;t_t;Execução, Por Administração, Empreitada Ou Subempreitada, De Obras De Construção Civil, Hidráulica Ou Elétrica E De Outras Obras Semelhantes, Inclusive Sondagem, Perfuração De Poços, Escavação, Drenagem E Irrigação, Terraplanagem, Pavimentação, Concretagem E A Instalação E Montagem De Produtos, Peças E Equipamentos (Exceto O Fornecimento De Mercadorias Produzidas Pelo Prestador De Serviços Fora Do Local Da Prestação Dos Serviços, Que Fica Sujeito Ao ICMS).;t_t;1.0105.30.00;t_t;Serviços de construção de telhados e coberturas e serviços de impermeabilização;t_t;020201;t_t;local do imóvel;t_t;200046;t_t;Operações com bens imóveis;)_g
(;07.02;t_t;Execução, Por Administração, Empreitada Ou Subempreitada, De Obras De Construção Civil, Hidráulica Ou Elétrica E De Outras Obras Semelhantes, Inclusive Sondagem, Perfuração De Poços, Escavação, Drenagem E Irrigação, Terraplanagem, Pavimentação, Concretagem E A Instalação E Montagem De Produtos, Peças E Equipamentos (Exceto O Fornecimento De Mercadorias Produzidas Pelo Prestador De Serviços Fora Do Local Da Prestação Dos Serviços, Que Fica Sujeito Ao ICMS).;t_t;1.0105.30.00;t_t;Serviços de construção de telhados e coberturas e serviços de impermeabilização;t_t;020201;t_t;local do imóvel;t_t;200045;t_t;Operações relacionadas a projetos de reabilitação urbana de zonas históricas e de áreas críticas de recuperação e reconversão urbanística;)_g
(;07.02;t_t;Execução, Por Administração, Empreitada Ou Subempreitada, De Obras De Construção Civil, Hidráulica Ou Elétrica E De Outras Obras Semelhantes, Inclusive Sondagem, Perfuração De Poços, Escavação, Drenagem E Irrigação, Terraplanagem, Pavimentação, Concretagem E A Instalação E Montagem De Produtos, Peças E Equipamentos (Exceto O Fornecimento De Mercadorias Produzidas Pelo Prestador De Serviços Fora Do Local Da Prestação Dos Serviços, Que Fica Sujeito Ao ICMS).;t_t;1.0105.40.00;t_t;Serviços de concretagem;t_t;020201;t_t;local do imóvel;t_t;200046;t_t;Operações com bens imóveis;)_g
(;07.02;t_t;Execução, Por Administração, Empreitada Ou Subempreitada, De Obras De Construção Civil, Hidráulica Ou Elétrica E De Outras Obras Semelhantes, Inclusive Sondagem, Perfuração De Poços, Escavação, Drenagem E Irrigação, Terraplanagem, Pavimentação, Concretagem E A Instalação E Montagem De Produtos, Peças E Equipamentos (Exceto O Fornecimento De Mercadorias Produzidas Pelo Prestador De Serviços Fora Do Local Da Prestação Dos Serviços, Que Fica Sujeito Ao ICMS).;t_t;1.0105.40.00;t_t;Serviços de concretagem;t_t;020201;t_t;local do imóvel;t_t;200045;t_t;Operações relacionadas a projetos de reabilitação urbana de zonas históricas e de áreas críticas de recuperação e reconversão urbanística;)_g
(;07.02;t_t;Execução, Por Administração, Empreitada Ou Subempreitada, De Obras De Construção Civil, Hidráulica Ou Elétrica E De Outras Obras Semelhantes, Inclusive Sondagem, Perfuração De Poços, Escavação, Drenagem E Irrigação, Terraplanagem, Pavimentação, Concretagem E A Instalação E Montagem De Produtos, Peças E Equipamentos (Exceto O Fornecimento De Mercadorias Produzidas Pelo Prestador De Serviços Fora Do Local Da Prestação Dos Serviços, Que Fica Sujeito Ao ICMS).;t_t;1.0105.50.00;t_t;Serviços de montagem de estruturas de aço;t_t;020201;t_t;local do imóvel;t_t;200046;t_t;Operações com bens imóveis;)_g
(;07.02;t_t;Execução, Por Administração, Empreitada Ou Subempreitada, De Obras De Construção Civil, Hidráulica Ou Elétrica E De Outras Obras Semelhantes, Inclusive Sondagem, Perfuração De Poços, Escavação, Drenagem E Irrigação, Terraplanagem, Pavimentação, Concretagem E A Instalação E Montagem De Produtos, Peças E Equipamentos (Exceto O Fornecimento De Mercadorias Produzidas Pelo Prestador De Serviços Fora Do Local Da Prestação Dos Serviços, Que Fica Sujeito Ao ICMS).;t_t;1.0105.50.00;t_t;Serviços de montagem de estruturas de aço;t_t;020201;t_t;local do imóvel;t_t;200045;t_t;Operações relacionadas a projetos de reabilitação urbana de zonas históricas e de áreas críticas de recuperação e reconversão urbanística;)_g
(;07.02;t_t;Execução, Por Administração, Empreitada Ou Subempreitada, De Obras De Construção Civil, Hidráulica Ou Elétrica E De Outras Obras Semelhantes, Inclusive Sondagem, Perfuração De Poços, Escavação, Drenagem E Irrigação, Terraplanagem, Pavimentação, Concretagem E A Instalação E Montagem De Produtos, Peças E Equipamentos (Exceto O Fornecimento De Mercadorias Produzidas Pelo Prestador De Serviços Fora Do Local Da Prestação Dos Serviços, Que Fica Sujeito Ao ICMS).;t_t;1.0105.60.00;t_t;Serviços de alvenaria;t_t;020201;t_t;local do imóvel;t_t;200046;t_t;Operações com bens imóveis;)_g
(;07.02;t_t;Execução, Por Administração, Empreitada Ou Subempreitada, De Obras De Construção Civil, Hidráulica Ou Elétrica E De Outras Obras Semelhantes, Inclusive Sondagem, Perfuração De Poços, Escavação, Drenagem E Irrigação, Terraplanagem, Pavimentação, Concretagem E A Instalação E Montagem De Produtos, Peças E Equipamentos (Exceto O Fornecimento De Mercadorias Produzidas Pelo Prestador De Serviços Fora Do Local Da Prestação Dos Serviços, Que Fica Sujeito Ao ICMS).;t_t;1.0105.60.00;t_t;Serviços de alvenaria;t_t;020201;t_t;local do imóvel;t_t;200045;t_t;Operações relacionadas a projetos de reabilitação urbana de zonas históricas e de áreas críticas de recuperação e reconversão urbanística;)_g
(;07.02;t_t;Execução, Por Administração, Empreitada Ou Subempreitada, De Obras De Construção Civil, Hidráulica Ou Elétrica E De Outras Obras Semelhantes, Inclusive Sondagem, Perfuração De Poços, Escavação, Drenagem E Irrigação, Terraplanagem, Pavimentação, Concretagem E A Instalação E Montagem De Produtos, Peças E Equipamentos (Exceto O Fornecimento De Mercadorias Produzidas Pelo Prestador De Serviços Fora Do Local Da Prestação Dos Serviços, Que Fica Sujeito Ao ICMS).;t_t;1.0105.90.00;t_t;Serviços especializados de construção não classificados em subposições anteriores;t_t;020201;t_t;local do imóvel;t_t;200046;t_t;Operações com bens imóveis;)_g
(;07.02;t_t;Execução, Por Administração, Empreitada Ou Subempreitada, De Obras De Construção Civil, Hidráulica Ou Elétrica E De Outras Obras Semelhantes, Inclusive Sondagem, Perfuração De Poços, Escavação, Drenagem E Irrigação, Terraplanagem, Pavimentação, Concretagem E A Instalação E Montagem De Produtos, Peças E Equipamentos (Exceto O Fornecimento De Mercadorias Produzidas Pelo Prestador De Serviços Fora Do Local Da Prestação Dos Serviços, Que Fica Sujeito Ao ICMS).;t_t;1.0105.90.00;t_t;Serviços especializados de construção não classificados em subposições anteriores;t_t;020201;t_t;local do imóvel;t_t;200045;t_t;Operações relacionadas a projetos de reabilitação urbana de zonas históricas e de áreas críticas de recuperação e reconversão urbanística;)_g
(;07.02;t_t;Execução, Por Administração, Empreitada Ou Subempreitada, De Obras De Construção Civil, Hidráulica Ou Elétrica E De Outras Obras Semelhantes, Inclusive Sondagem, Perfuração De Poços, Escavação, Drenagem E Irrigação, Terraplanagem, Pavimentação, Concretagem E A Instalação E Montagem De Produtos, Peças E Equipamentos (Exceto O Fornecimento De Mercadorias Produzidas Pelo Prestador De Serviços Fora Do Local Da Prestação Dos Serviços, Que Fica Sujeito Ao ICMS).;t_t;1.0106.11.00;t_t;Serviços de instalação de fiação elétrica e componentes ;t_t;020201;t_t;local do imóvel;t_t;200046;t_t;Operações com bens imóveis;)_g
(;07.02;t_t;Execução, Por Administração, Empreitada Ou Subempreitada, De Obras De Construção Civil, Hidráulica Ou Elétrica E De Outras Obras Semelhantes, Inclusive Sondagem, Perfuração De Poços, Escavação, Drenagem E Irrigação, Terraplanagem, Pavimentação, Concretagem E A Instalação E Montagem De Produtos, Peças E Equipamentos (Exceto O Fornecimento De Mercadorias Produzidas Pelo Prestador De Serviços Fora Do Local Da Prestação Dos Serviços, Que Fica Sujeito Ao ICMS).;t_t;1.0106.11.00;t_t;Serviços de instalação de fiação elétrica e componentes ;t_t;020201;t_t;local do imóvel;t_t;200045;t_t;Operações relacionadas a projetos de reabilitação urbana de zonas históricas e de áreas críticas de recuperação e reconversão urbanística;)_g
(;07.02;t_t;Execução, Por Administração, Empreitada Ou Subempreitada, De Obras De Construção Civil, Hidráulica Ou Elétrica E De Outras Obras Semelhantes, Inclusive Sondagem, Perfuração De Poços, Escavação, Drenagem E Irrigação, Terraplanagem, Pavimentação, Concretagem E A Instalação E Montagem De Produtos, Peças E Equipamentos (Exceto O Fornecimento De Mercadorias Produzidas Pelo Prestador De Serviços Fora Do Local Da Prestação Dos Serviços, Que Fica Sujeito Ao ICMS).;t_t;1.0106.19.00;t_t;Serviços de instalação elétrica não classificados em subposições anteriores;t_t;020201;t_t;local do imóvel;t_t;200046;t_t;Operações com bens imóveis;)_g
(;07.02;t_t;Execução, Por Administração, Empreitada Ou Subempreitada, De Obras De Construção Civil, Hidráulica Ou Elétrica E De Outras Obras Semelhantes, Inclusive Sondagem, Perfuração De Poços, Escavação, Drenagem E Irrigação, Terraplanagem, Pavimentação, Concretagem E A Instalação E Montagem De Produtos, Peças E Equipamentos (Exceto O Fornecimento De Mercadorias Produzidas Pelo Prestador De Serviços Fora Do Local Da Prestação Dos Serviços, Que Fica Sujeito Ao ICMS).;t_t;1.0106.19.00;t_t;Serviços de instalação elétrica não classificados em subposições anteriores;t_t;020201;t_t;local do imóvel;t_t;200045;t_t;Operações relacionadas a projetos de reabilitação urbana de zonas históricas e de áreas críticas de recuperação e reconversão urbanística;)_g
(;07.02;t_t;Execução, Por Administração, Empreitada Ou Subempreitada, De Obras De Construção Civil, Hidráulica Ou Elétrica E De Outras Obras Semelhantes, Inclusive Sondagem, Perfuração De Poços, Escavação, Drenagem E Irrigação, Terraplanagem, Pavimentação, Concretagem E A Instalação E Montagem De Produtos, Peças E Equipamentos (Exceto O Fornecimento De Mercadorias Produzidas Pelo Prestador De Serviços Fora Do Local Da Prestação Dos Serviços, Que Fica Sujeito Ao ICMS).;t_t;1.0106.21.00;t_t;Serviços de instalação de tubulação para fornecimento de água;t_t;020201;t_t;local do imóvel;t_t;200046;t_t;Operações com bens imóveis;)_g
(;07.02;t_t;Execução, Por Administração, Empreitada Ou Subempreitada, De Obras De Construção Civil, Hidráulica Ou Elétrica E De Outras Obras Semelhantes, Inclusive Sondagem, Perfuração De Poços, Escavação, Drenagem E Irrigação, Terraplanagem, Pavimentação, Concretagem E A Instalação E Montagem De Produtos, Peças E Equipamentos (Exceto O Fornecimento De Mercadorias Produzidas Pelo Prestador De Serviços Fora Do Local Da Prestação Dos Serviços, Que Fica Sujeito Ao ICMS).;t_t;1.0106.21.00;t_t;Serviços de instalação de tubulação para fornecimento de água;t_t;020201;t_t;local do imóvel;t_t;200045;t_t;Operações relacionadas a projetos de reabilitação urbana de zonas históricas e de áreas críticas de recuperação e reconversão urbanística;)_g
(;07.02;t_t;Execução, Por Administração, Empreitada Ou Subempreitada, De Obras De Construção Civil, Hidráulica Ou Elétrica E De Outras Obras Semelhantes, Inclusive Sondagem, Perfuração De Poços, Escavação, Drenagem E Irrigação, Terraplanagem, Pavimentação, Concretagem E A Instalação E Montagem De Produtos, Peças E Equipamentos (Exceto O Fornecimento De Mercadorias Produzidas Pelo Prestador De Serviços Fora Do Local Da Prestação Dos Serviços, Que Fica Sujeito Ao ICMS).;t_t;1.0106.22.00;t_t;Serviços de instalação de tubulação para escoamento de água;t_t;020201;t_t;local do imóvel;t_t;200046;t_t;Operações com bens imóveis;)_g
(;07.02;t_t;Execução, Por Administração, Empreitada Ou Subempreitada, De Obras De Construção Civil, Hidráulica Ou Elétrica E De Outras Obras Semelhantes, Inclusive Sondagem, Perfuração De Poços, Escavação, Drenagem E Irrigação, Terraplanagem, Pavimentação, Concretagem E A Instalação E Montagem De Produtos, Peças E Equipamentos (Exceto O Fornecimento De Mercadorias Produzidas Pelo Prestador De Serviços Fora Do Local Da Prestação Dos Serviços, Que Fica Sujeito Ao ICMS).;t_t;1.0106.22.00;t_t;Serviços de instalação de tubulação para escoamento de água;t_t;020201;t_t;local do imóvel;t_t;200045;t_t;Operações relacionadas a projetos de reabilitação urbana de zonas históricas e de áreas críticas de recuperação e reconversão urbanística;)_g
(;07.02;t_t;Execução, Por Administração, Empreitada Ou Subempreitada, De Obras De Construção Civil, Hidráulica Ou Elétrica E De Outras Obras Semelhantes, Inclusive Sondagem, Perfuração De Poços, Escavação, Drenagem E Irrigação, Terraplanagem, Pavimentação, Concretagem E A Instalação E Montagem De Produtos, Peças E Equipamentos (Exceto O Fornecimento De Mercadorias Produzidas Pelo Prestador De Serviços Fora Do Local Da Prestação Dos Serviços, Que Fica Sujeito Ao ICMS).;t_t;1.0106.60.00;t_t;Serviços de instalação de elevadores, esteiras e escadas rolantes;t_t;020201;t_t;local do imóvel;t_t;200046;t_t;Operações com bens imóveis;)_g
(;07.02;t_t;Execução, Por Administração, Empreitada Ou Subempreitada, De Obras De Construção Civil, Hidráulica Ou Elétrica E De Outras Obras Semelhantes, Inclusive Sondagem, Perfuração De Poços, Escavação, Drenagem E Irrigação, Terraplanagem, Pavimentação, Concretagem E A Instalação E Montagem De Produtos, Peças E Equipamentos (Exceto O Fornecimento De Mercadorias Produzidas Pelo Prestador De Serviços Fora Do Local Da Prestação Dos Serviços, Que Fica Sujeito Ao ICMS).;t_t;1.0106.60.00;t_t;Serviços de instalação de elevadores, esteiras e escadas rolantes;t_t;020201;t_t;local do imóvel;t_t;200045;t_t;Operações relacionadas a projetos de reabilitação urbana de zonas históricas e de áreas críticas de recuperação e reconversão urbanística;)_g
(;07.02;t_t;Execução, Por Administração, Empreitada Ou Subempreitada, De Obras De Construção Civil, Hidráulica Ou Elétrica E De Outras Obras Semelhantes, Inclusive Sondagem, Perfuração De Poços, Escavação, Drenagem E Irrigação, Terraplanagem, Pavimentação, Concretagem E A Instalação E Montagem De Produtos, Peças E Equipamentos (Exceto O Fornecimento De Mercadorias Produzidas Pelo Prestador De Serviços Fora Do Local Da Prestação Dos Serviços, Que Fica Sujeito Ao ICMS).;t_t;1.0107.30.00;t_t;Serviços de pintura;t_t;020201;t_t;local do imóvel;t_t;200046;t_t;Operações com bens imóveis;)_g
(;07.02;t_t;Execução, Por Administração, Empreitada Ou Subempreitada, De Obras De Construção Civil, Hidráulica Ou Elétrica E De Outras Obras Semelhantes, Inclusive Sondagem, Perfuração De Poços, Escavação, Drenagem E Irrigação, Terraplanagem, Pavimentação, Concretagem E A Instalação E Montagem De Produtos, Peças E Equipamentos (Exceto O Fornecimento De Mercadorias Produzidas Pelo Prestador De Serviços Fora Do Local Da Prestação Dos Serviços, Que Fica Sujeito Ao ICMS).;t_t;1.0107.30.00;t_t;Serviços de pintura;t_t;020201;t_t;local do imóvel;t_t;200045;t_t;Operações relacionadas a projetos de reabilitação urbana de zonas históricas e de áreas críticas de recuperação e reconversão urbanística;)_g
(;07.02;t_t;Execução, Por Administração, Empreitada Ou Subempreitada, De Obras De Construção Civil, Hidráulica Ou Elétrica E De Outras Obras Semelhantes, Inclusive Sondagem, Perfuração De Poços, Escavação, Drenagem E Irrigação, Terraplanagem, Pavimentação, Concretagem E A Instalação E Montagem De Produtos, Peças E Equipamentos (Exceto O Fornecimento De Mercadorias Produzidas Pelo Prestador De Serviços Fora Do Local Da Prestação Dos Serviços, Que Fica Sujeito Ao ICMS).;t_t;1.0107.40.00;t_t;Serviços de revestimento de pisos e de paredes;t_t;020201;t_t;local do imóvel;t_t;200046;t_t;Operações com bens imóveis;)_g
(;07.02;t_t;Execução, Por Administração, Empreitada Ou Subempreitada, De Obras De Construção Civil, Hidráulica Ou Elétrica E De Outras Obras Semelhantes, Inclusive Sondagem, Perfuração De Poços, Escavação, Drenagem E Irrigação, Terraplanagem, Pavimentação, Concretagem E A Instalação E Montagem De Produtos, Peças E Equipamentos (Exceto O Fornecimento De Mercadorias Produzidas Pelo Prestador De Serviços Fora Do Local Da Prestação Dos Serviços, Que Fica Sujeito Ao ICMS).;t_t;1.0107.40.00;t_t;Serviços de revestimento de pisos e de paredes;t_t;020201;t_t;local do imóvel;t_t;200045;t_t;Operações relacionadas a projetos de reabilitação urbana de zonas históricas e de áreas críticas de recuperação e reconversão urbanística;)_g
(;07.02;t_t;Execução, Por Administração, Empreitada Ou Subempreitada, De Obras De Construção Civil, Hidráulica Ou Elétrica E De Outras Obras Semelhantes, Inclusive Sondagem, Perfuração De Poços, Escavação, Drenagem E Irrigação, Terraplanagem, Pavimentação, Concretagem E A Instalação E Montagem De Produtos, Peças E Equipamentos (Exceto O Fornecimento De Mercadorias Produzidas Pelo Prestador De Serviços Fora Do Local Da Prestação Dos Serviços, Que Fica Sujeito Ao ICMS).;t_t;1.0106.32.00;t_t;Serviços de instalação de equipamentos de ventilação e de ar condicionado;t_t;020201;t_t;local do imóvel;t_t;200046;t_t;Operações com bens imóveis;)_g
(;07.02;t_t;Execução, Por Administração, Empreitada Ou Subempreitada, De Obras De Construção Civil, Hidráulica Ou Elétrica E De Outras Obras Semelhantes, Inclusive Sondagem, Perfuração De Poços, Escavação, Drenagem E Irrigação, Terraplanagem, Pavimentação, Concretagem E A Instalação E Montagem De Produtos, Peças E Equipamentos (Exceto O Fornecimento De Mercadorias Produzidas Pelo Prestador De Serviços Fora Do Local Da Prestação Dos Serviços, Que Fica Sujeito Ao ICMS).;t_t;1.0106.32.00;t_t;Serviços de instalação de equipamentos de ventilação e de ar condicionado;t_t;020201;t_t;local do imóvel;t_t;200045;t_t;Operações relacionadas a projetos de reabilitação urbana de zonas históricas e de áreas críticas de recuperação e reconversão urbanística;)_g
(;07.02;t_t;Execução, Por Administração, Empreitada Ou Subempreitada, De Obras De Construção Civil, Hidráulica Ou Elétrica E De Outras Obras Semelhantes, Inclusive Sondagem, Perfuração De Poços, Escavação, Drenagem E Irrigação, Terraplanagem, Pavimentação, Concretagem E A Instalação E Montagem De Produtos, Peças E Equipamentos (Exceto O Fornecimento De Mercadorias Produzidas Pelo Prestador De Serviços Fora Do Local Da Prestação Dos Serviços, Que Fica Sujeito Ao ICMS).;t_t;1.0106.40.00;t_t;Serviços de instalação de gás;t_t;020201;t_t;local do imóvel;t_t;200046;t_t;Operações com bens imóveis;)_g
(;07.02;t_t;Execução, Por Administração, Empreitada Ou Subempreitada, De Obras De Construção Civil, Hidráulica Ou Elétrica E De Outras Obras Semelhantes, Inclusive Sondagem, Perfuração De Poços, Escavação, Drenagem E Irrigação, Terraplanagem, Pavimentação, Concretagem E A Instalação E Montagem De Produtos, Peças E Equipamentos (Exceto O Fornecimento De Mercadorias Produzidas Pelo Prestador De Serviços Fora Do Local Da Prestação Dos Serviços, Que Fica Sujeito Ao ICMS).;t_t;1.0106.40.00;t_t;Serviços de instalação de gás;t_t;020201;t_t;local do imóvel;t_t;200045;t_t;Operações relacionadas a projetos de reabilitação urbana de zonas históricas e de áreas críticas de recuperação e reconversão urbanística;)_g
(;07.03;t_t;Elaboração De Planos Diretores, Estudos De Viabilidade, Estudos Organizacionais E Outros, Relacionados Com Obras E Serviços De Engenharia Elaboração De Anteprojetos, Projetos Básicos E Projetos Executivos Para Trabalhos De Engenharia.;t_t;1.1402.11.00;t_t;Serviços de consultoria em arquitetura ;t_t;100301;t_t;Domicílio principal do adquirente;t_t;000001;t_t;Situações tributadas integralmente pelo IBS e CBS.;)_g
(;07.03;t_t;Elaboração De Planos Diretores, Estudos De Viabilidade, Estudos Organizacionais E Outros, Relacionados Com Obras E Serviços De Engenharia Elaboração De Anteprojetos, Projetos Básicos E Projetos Executivos Para Trabalhos De Engenharia.;t_t;1.1402.11.00;t_t;Serviços de consultoria em arquitetura ;t_t;100301;t_t;Domicílio principal do adquirente;t_t;200045;t_t;Operações relacionadas a projetos de reabilitação urbana de zonas históricas e de áreas críticas de recuperação e reconversão urbanística;)_g
(;07.03;t_t;Elaboração De Planos Diretores, Estudos De Viabilidade, Estudos Organizacionais E Outros, Relacionados Com Obras E Serviços De Engenharia Elaboração De Anteprojetos, Projetos Básicos E Projetos Executivos Para Trabalhos De Engenharia.;t_t;1.1403.10.00;t_t;Serviços de consultoria em engenharia;t_t;100301;t_t;Domicílio principal do adquirente;t_t;000001;t_t;Situações tributadas integralmente pelo IBS e CBS.;)_g
(;07.03;t_t;Elaboração De Planos Diretores, Estudos De Viabilidade, Estudos Organizacionais E Outros, Relacionados Com Obras E Serviços De Engenharia Elaboração De Anteprojetos, Projetos Básicos E Projetos Executivos Para Trabalhos De Engenharia.;t_t;1.1403.10.00;t_t;Serviços de consultoria em engenharia;t_t;100301;t_t;Domicílio principal do adquirente;t_t;200045;t_t;Operações relacionadas a projetos de reabilitação urbana de zonas históricas e de áreas críticas de recuperação e reconversão urbanística;)_g
(;07.03;t_t;Elaboração De Planos Diretores, Estudos De Viabilidade, Estudos Organizacionais E Outros, Relacionados Com Obras E Serviços De Engenharia Elaboração De Anteprojetos, Projetos Básicos E Projetos Executivos Para Trabalhos De Engenharia.;t_t;1.1402.21.00;t_t;Serviços de planejamento urbano ;t_t;100301;t_t;Domicílio principal do adquirente;t_t;000001;t_t;Situações tributadas integralmente pelo IBS e CBS.;)_g
(;07.03;t_t;Elaboração De Planos Diretores, Estudos De Viabilidade, Estudos Organizacionais E Outros, Relacionados Com Obras E Serviços De Engenharia Elaboração De Anteprojetos, Projetos Básicos E Projetos Executivos Para Trabalhos De Engenharia.;t_t;1.1402.21.00;t_t;Serviços de planejamento urbano ;t_t;100301;t_t;Domicílio principal do adquirente;t_t;200045;t_t;Operações relacionadas a projetos de reabilitação urbana de zonas históricas e de áreas críticas de recuperação e reconversão urbanística;)_g
(;07.03;t_t;Elaboração De Planos Diretores, Estudos De Viabilidade, Estudos Organizacionais E Outros, Relacionados Com Obras E Serviços De Engenharia Elaboração De Anteprojetos, Projetos Básicos E Projetos Executivos Para Trabalhos De Engenharia.;t_t;1.1402.22.00;t_t;Serviços de planejamento de áreas rurais ;t_t;100301;t_t;Domicílio principal do adquirente;t_t;000001;t_t;Situações tributadas integralmente pelo IBS e CBS.;)_g
(;07.04;t_t;Demolição.;t_t;1.0103.10.00;t_t;Serviços de demolição;t_t;020201;t_t;local do imóvel;t_t;200046;t_t;Operações com bens imóveis;)_g
(;07.04;t_t;Demolição.;t_t;1.0103.10.00;t_t;Serviços de demolição;t_t;020201;t_t;local do imóvel;t_t;200045;t_t;Operações relacionadas a projetos de reabilitação urbana de zonas históricas e de áreas críticas de recuperação e reconversão urbanística;)_g
(;07.05;t_t;Reparação, Conservação E Reforma De Edifícios, Estradas, Pontes, Portos E Congêneres (Exceto O Fornecimento De Mercadorias Produzidas Pelo Prestador Dos Serviços, Fora Do Local Da Prestação Dos Serviços, Que Fica Sujeito Ao ICMS).;t_t;1.0101.11.00;t_t;Serviços de construção de edificações residenciais de um e dois pavimentos;t_t;020201;t_t;local do imóvel;t_t;200046;t_t;Operações com bens imóveis;)_g
(;07.05;t_t;Reparação, Conservação E Reforma De Edifícios, Estradas, Pontes, Portos E Congêneres (Exceto O Fornecimento De Mercadorias Produzidas Pelo Prestador Dos Serviços, Fora Do Local Da Prestação Dos Serviços, Que Fica Sujeito Ao ICMS).;t_t;1.0101.11.00;t_t;Serviços de construção de edificações residenciais de um e dois pavimentos;t_t;020201;t_t;local do imóvel;t_t;200045;t_t;Operações relacionadas a projetos de reabilitação urbana de zonas históricas e de áreas críticas de recuperação e reconversão urbanística;)_g
(;07.05;t_t;Reparação, Conservação E Reforma De Edifícios, Estradas, Pontes, Portos E Congêneres (Exceto O Fornecimento De Mercadorias Produzidas Pelo Prestador Dos Serviços, Fora Do Local Da Prestação Dos Serviços, Que Fica Sujeito Ao ICMS).;t_t;1.0101.12.00;t_t;Serviços de construção de edificações residenciais com mais de dois pavimentos;t_t;020201;t_t;local do imóvel;t_t;200046;t_t;Operações com bens imóveis;)_g
(;07.05;t_t;Reparação, Conservação E Reforma De Edifícios, Estradas, Pontes, Portos E Congêneres (Exceto O Fornecimento De Mercadorias Produzidas Pelo Prestador Dos Serviços, Fora Do Local Da Prestação Dos Serviços, Que Fica Sujeito Ao ICMS).;t_t;1.0101.12.00;t_t;Serviços de construção de edificações residenciais com mais de dois pavimentos;t_t;020201;t_t;local do imóvel;t_t;200045;t_t;Operações relacionadas a projetos de reabilitação urbana de zonas históricas e de áreas críticas de recuperação e reconversão urbanística;)_g
(;07.05;t_t;Reparação, Conservação E Reforma De Edifícios, Estradas, Pontes, Portos E Congêneres (Exceto O Fornecimento De Mercadorias Produzidas Pelo Prestador Dos Serviços, Fora Do Local Da Prestação Dos Serviços, Que Fica Sujeito Ao ICMS).;t_t;1.0101.21.00;t_t;Serviços de construção de edificações industriais ;t_t;020201;t_t;local do imóvel;t_t;200046;t_t;Operações com bens imóveis;)_g
(;07.05;t_t;Reparação, Conservação E Reforma De Edifícios, Estradas, Pontes, Portos E Congêneres (Exceto O Fornecimento De Mercadorias Produzidas Pelo Prestador Dos Serviços, Fora Do Local Da Prestação Dos Serviços, Que Fica Sujeito Ao ICMS).;t_t;1.0101.21.00;t_t;Serviços de construção de edificações industriais ;t_t;020201;t_t;local do imóvel;t_t;200045;t_t;Operações relacionadas a projetos de reabilitação urbana de zonas históricas e de áreas críticas de recuperação e reconversão urbanística;)_g
(;07.05;t_t;Reparação, Conservação E Reforma De Edifícios, Estradas, Pontes, Portos E Congêneres (Exceto O Fornecimento De Mercadorias Produzidas Pelo Prestador Dos Serviços, Fora Do Local Da Prestação Dos Serviços, Que Fica Sujeito Ao ICMS).;t_t;1.0101.22.00;t_t;Serviços de construção de edificações comerciais;t_t;020201;t_t;local do imóvel;t_t;200046;t_t;Operações com bens imóveis;)_g
(;07.05;t_t;Reparação, Conservação E Reforma De Edifícios, Estradas, Pontes, Portos E Congêneres (Exceto O Fornecimento De Mercadorias Produzidas Pelo Prestador Dos Serviços, Fora Do Local Da Prestação Dos Serviços, Que Fica Sujeito Ao ICMS).;t_t;1.0101.22.00;t_t;Serviços de construção de edificações comerciais;t_t;020201;t_t;local do imóvel;t_t;200045;t_t;Operações relacionadas a projetos de reabilitação urbana de zonas históricas e de áreas críticas de recuperação e reconversão urbanística;)_g
(;07.05;t_t;Reparação, Conservação E Reforma De Edifícios, Estradas, Pontes, Portos E Congêneres (Exceto O Fornecimento De Mercadorias Produzidas Pelo Prestador Dos Serviços, Fora Do Local Da Prestação Dos Serviços, Que Fica Sujeito Ao ICMS).;t_t;1.0101.29.00;t_t;Serviços de construção de edificações não residenciais não classificados em subposições anteriores;t_t;020201;t_t;local do imóvel;t_t;200046;t_t;Operações com bens imóveis;)_g
(;07.05;t_t;Reparação, Conservação E Reforma De Edifícios, Estradas, Pontes, Portos E Congêneres (Exceto O Fornecimento De Mercadorias Produzidas Pelo Prestador Dos Serviços, Fora Do Local Da Prestação Dos Serviços, Que Fica Sujeito Ao ICMS).;t_t;1.0101.29.00;t_t;Serviços de construção de edificações não residenciais não classificados em subposições anteriores;t_t;020201;t_t;local do imóvel;t_t;200045;t_t;Operações relacionadas a projetos de reabilitação urbana de zonas históricas e de áreas críticas de recuperação e reconversão urbanística;)_g
(;07.05;t_t;Reparação, Conservação E Reforma De Edifícios, Estradas, Pontes, Portos E Congêneres (Exceto O Fornecimento De Mercadorias Produzidas Pelo Prestador Dos Serviços, Fora Do Local Da Prestação Dos Serviços, Que Fica Sujeito Ao ICMS).;t_t;1.0101.30.00;t_t;Serviços de construção de edificações de uso misto (residencial e não residencial);t_t;020201;t_t;local do imóvel;t_t;200046;t_t;Operações com bens imóveis;)_g
(;07.05;t_t;Reparação, Conservação E Reforma De Edifícios, Estradas, Pontes, Portos E Congêneres (Exceto O Fornecimento De Mercadorias Produzidas Pelo Prestador Dos Serviços, Fora Do Local Da Prestação Dos Serviços, Que Fica Sujeito Ao ICMS).;t_t;1.0101.30.00;t_t;Serviços de construção de edificações de uso misto (residencial e não residencial);t_t;020201;t_t;local do imóvel;t_t;200045;t_t;Operações relacionadas a projetos de reabilitação urbana de zonas históricas e de áreas críticas de recuperação e reconversão urbanística;)_g
(;07.05;t_t;Reparação, Conservação E Reforma De Edifícios, Estradas, Pontes, Portos E Congêneres (Exceto O Fornecimento De Mercadorias Produzidas Pelo Prestador Dos Serviços, Fora Do Local Da Prestação Dos Serviços, Que Fica Sujeito Ao ICMS).;t_t;1.0102.11.00;t_t;Serviços de construção de autoestradas (exceto autoestradas elevadas), ruas e estradas;t_t;020201;t_t;local do imóvel;t_t;200046;t_t;Operações com bens imóveis;)_g
(;07.05;t_t;Reparação, Conservação E Reforma De Edifícios, Estradas, Pontes, Portos E Congêneres (Exceto O Fornecimento De Mercadorias Produzidas Pelo Prestador Dos Serviços, Fora Do Local Da Prestação Dos Serviços, Que Fica Sujeito Ao ICMS).;t_t;1.0102.11.00;t_t;Serviços de construção de autoestradas (exceto autoestradas elevadas), ruas e estradas;t_t;020201;t_t;local do imóvel;t_t;200045;t_t;Operações relacionadas a projetos de reabilitação urbana de zonas históricas e de áreas críticas de recuperação e reconversão urbanística;)_g
(;07.05;t_t;Reparação, Conservação E Reforma De Edifícios, Estradas, Pontes, Portos E Congêneres (Exceto O Fornecimento De Mercadorias Produzidas Pelo Prestador Dos Serviços, Fora Do Local Da Prestação Dos Serviços, Que Fica Sujeito Ao ICMS).;t_t;1.0102.12.00;t_t;Serviços de construção de ferrovias;t_t;020201;t_t;local do imóvel;t_t;200046;t_t;Operações com bens imóveis;)_g
(;07.05;t_t;Reparação, Conservação E Reforma De Edifícios, Estradas, Pontes, Portos E Congêneres (Exceto O Fornecimento De Mercadorias Produzidas Pelo Prestador Dos Serviços, Fora Do Local Da Prestação Dos Serviços, Que Fica Sujeito Ao ICMS).;t_t;1.0102.13.00;t_t;Serviços de construção de pistas de pouso e decolagem em aeroportos e de infraestrutura aeroportuária;t_t;020201;t_t;local do imóvel;t_t;200046;t_t;Operações com bens imóveis;)_g
(;07.05;t_t;Reparação, Conservação E Reforma De Edifícios, Estradas, Pontes, Portos E Congêneres (Exceto O Fornecimento De Mercadorias Produzidas Pelo Prestador Dos Serviços, Fora Do Local Da Prestação Dos Serviços, Que Fica Sujeito Ao ICMS).;t_t;1.0102.20.00;t_t;Serviços de construção de pontes, autoestradas elevadas e túneis;t_t;020201;t_t;local do imóvel;t_t;200046;t_t;Operações com bens imóveis;)_g
(;07.05;t_t;Reparação, Conservação E Reforma De Edifícios, Estradas, Pontes, Portos E Congêneres (Exceto O Fornecimento De Mercadorias Produzidas Pelo Prestador Dos Serviços, Fora Do Local Da Prestação Dos Serviços, Que Fica Sujeito Ao ICMS).;t_t;1.0102.20.00;t_t;Serviços de construção de pontes, autoestradas elevadas e túneis;t_t;020201;t_t;local do imóvel;t_t;200045;t_t;Operações relacionadas a projetos de reabilitação urbana de zonas históricas e de áreas críticas de recuperação e reconversão urbanística;)_g
(;07.05;t_t;Reparação, Conservação E Reforma De Edifícios, Estradas, Pontes, Portos E Congêneres (Exceto O Fornecimento De Mercadorias Produzidas Pelo Prestador Dos Serviços, Fora Do Local Da Prestação Dos Serviços, Que Fica Sujeito Ao ICMS).;t_t;1.0102.31.00;t_t;Serviços de construção de infraestrutura de proteção e acesso aquaviário ;t_t;020201;t_t;local do imóvel;t_t;200046;t_t;Operações com bens imóveis;)_g
(;07.05;t_t;Reparação, Conservação E Reforma De Edifícios, Estradas, Pontes, Portos E Congêneres (Exceto O Fornecimento De Mercadorias Produzidas Pelo Prestador Dos Serviços, Fora Do Local Da Prestação Dos Serviços, Que Fica Sujeito Ao ICMS).;t_t;1.0102.31.00;t_t;Serviços de construção de infraestrutura de proteção e acesso aquaviário ;t_t;020201;t_t;local do imóvel;t_t;200045;t_t;Operações relacionadas a projetos de reabilitação urbana de zonas históricas e de áreas críticas de recuperação e reconversão urbanística;)_g
(;07.05;t_t;Reparação, Conservação E Reforma De Edifícios, Estradas, Pontes, Portos E Congêneres (Exceto O Fornecimento De Mercadorias Produzidas Pelo Prestador Dos Serviços, Fora Do Local Da Prestação Dos Serviços, Que Fica Sujeito Ao ICMS).;t_t;1.0102.32.00;t_t;Serviços de construção de infraestrutura de acostagem aquaviária;t_t;020201;t_t;local do imóvel;t_t;200046;t_t;Operações com bens imóveis;)_g
(;07.05;t_t;Reparação, Conservação E Reforma De Edifícios, Estradas, Pontes, Portos E Congêneres (Exceto O Fornecimento De Mercadorias Produzidas Pelo Prestador Dos Serviços, Fora Do Local Da Prestação Dos Serviços, Que Fica Sujeito Ao ICMS).;t_t;1.0102.32.00;t_t;Serviços de construção de infraestrutura de acostagem aquaviária;t_t;020201;t_t;local do imóvel;t_t;200045;t_t;Operações relacionadas a projetos de reabilitação urbana de zonas históricas e de áreas críticas de recuperação e reconversão urbanística;)_g
(;07.05;t_t;Reparação, Conservação E Reforma De Edifícios, Estradas, Pontes, Portos E Congêneres (Exceto O Fornecimento De Mercadorias Produzidas Pelo Prestador Dos Serviços, Fora Do Local Da Prestação Dos Serviços, Que Fica Sujeito Ao ICMS).;t_t;1.0102.33.00;t_t;Serviços de construção de infraestrutura terrestre e de obras de engenharia afins nos portos;t_t;020201;t_t;local do imóvel;t_t;200046;t_t;Operações com bens imóveis;)_g
(;07.05;t_t;Reparação, Conservação E Reforma De Edifícios, Estradas, Pontes, Portos E Congêneres (Exceto O Fornecimento De Mercadorias Produzidas Pelo Prestador Dos Serviços, Fora Do Local Da Prestação Dos Serviços, Que Fica Sujeito Ao ICMS).;t_t;1.0102.34.00;t_t;Serviços de construção de barragens;t_t;020201;t_t;local do imóvel;t_t;200046;t_t;Operações com bens imóveis;)_g
(;07.05;t_t;Reparação, Conservação E Reforma De Edifícios, Estradas, Pontes, Portos E Congêneres (Exceto O Fornecimento De Mercadorias Produzidas Pelo Prestador Dos Serviços, Fora Do Local Da Prestação Dos Serviços, Que Fica Sujeito Ao ICMS).;t_t;1.0102.35.10;t_t;Serviços de construção de adutoras em conduto livre;t_t;020201;t_t;local do imóvel;t_t;200046;t_t;Operações com bens imóveis;)_g
(;07.05;t_t;Reparação, Conservação E Reforma De Edifícios, Estradas, Pontes, Portos E Congêneres (Exceto O Fornecimento De Mercadorias Produzidas Pelo Prestador Dos Serviços, Fora Do Local Da Prestação Dos Serviços, Que Fica Sujeito Ao ICMS).;t_t;1.0102.35.10;t_t;Serviços de construção de adutoras em conduto livre;t_t;020201;t_t;local do imóvel;t_t;200045;t_t;Operações relacionadas a projetos de reabilitação urbana de zonas históricas e de áreas críticas de recuperação e reconversão urbanística;)_g
(;07.05;t_t;Reparação, Conservação E Reforma De Edifícios, Estradas, Pontes, Portos E Congêneres (Exceto O Fornecimento De Mercadorias Produzidas Pelo Prestador Dos Serviços, Fora Do Local Da Prestação Dos Serviços, Que Fica Sujeito Ao ICMS).;t_t;1.0102.35.20;t_t;Serviços de construção de sistemas de irrigação   ;t_t;020201;t_t;local do imóvel;t_t;200046;t_t;Operações com bens imóveis;)_g
(;07.05;t_t;Reparação, Conservação E Reforma De Edifícios, Estradas, Pontes, Portos E Congêneres (Exceto O Fornecimento De Mercadorias Produzidas Pelo Prestador Dos Serviços, Fora Do Local Da Prestação Dos Serviços, Que Fica Sujeito Ao ICMS).;t_t;1.0102.35.20;t_t;Serviços de construção de sistemas de irrigação   ;t_t;020201;t_t;local do imóvel;t_t;200045;t_t;Operações relacionadas a projetos de reabilitação urbana de zonas históricas e de áreas críticas de recuperação e reconversão urbanística;)_g
(;07.05;t_t;Reparação, Conservação E Reforma De Edifícios, Estradas, Pontes, Portos E Congêneres (Exceto O Fornecimento De Mercadorias Produzidas Pelo Prestador Dos Serviços, Fora Do Local Da Prestação Dos Serviços, Que Fica Sujeito Ao ICMS).;t_t;1.0102.35.20;t_t;Serviços de construção de sistemas de irrigação   ;t_t;020201;t_t;local do imóvel;t_t;200038;t_t;Fornecimento dos insumos agropecuários e aquícolas (Anexo IX);)_g
(;07.05;t_t;Reparação, Conservação E Reforma De Edifícios, Estradas, Pontes, Portos E Congêneres (Exceto O Fornecimento De Mercadorias Produzidas Pelo Prestador Dos Serviços, Fora Do Local Da Prestação Dos Serviços, Que Fica Sujeito Ao ICMS).;t_t;1.0102.35.30;t_t;Serviços de construção relacionada ao controle dos cursos de água, inclusive canalização ;t_t;020201;t_t;local do imóvel;t_t;200046;t_t;Operações com bens imóveis;)_g
(;07.05;t_t;Reparação, Conservação E Reforma De Edifícios, Estradas, Pontes, Portos E Congêneres (Exceto O Fornecimento De Mercadorias Produzidas Pelo Prestador Dos Serviços, Fora Do Local Da Prestação Dos Serviços, Que Fica Sujeito Ao ICMS).;t_t;1.0102.35.30;t_t;Serviços de construção relacionada ao controle dos cursos de água, inclusive canalização ;t_t;020201;t_t;local do imóvel;t_t;200045;t_t;Operações relacionadas a projetos de reabilitação urbana de zonas históricas e de áreas críticas de recuperação e reconversão urbanística;)_g
(;07.05;t_t;Reparação, Conservação E Reforma De Edifícios, Estradas, Pontes, Portos E Congêneres (Exceto O Fornecimento De Mercadorias Produzidas Pelo Prestador Dos Serviços, Fora Do Local Da Prestação Dos Serviços, Que Fica Sujeito Ao ICMS).;t_t;1.0102.41.10;t_t;Serviços de construção de dutos de longo curso para o transporte de petróleo, seus derivados, e gás;t_t;020201;t_t;local do imóvel;t_t;200046;t_t;Operações com bens imóveis;)_g
(;07.05;t_t;Reparação, Conservação E Reforma De Edifícios, Estradas, Pontes, Portos E Congêneres (Exceto O Fornecimento De Mercadorias Produzidas Pelo Prestador Dos Serviços, Fora Do Local Da Prestação Dos Serviços, Que Fica Sujeito Ao ICMS).;t_t;1.0102.41.20;t_t;Serviços de construção de dutos de longo curso para o transporte e escoamento de águas;t_t;020201;t_t;local do imóvel;t_t;200046;t_t;Operações com bens imóveis;)_g
(;07.05;t_t;Reparação, Conservação E Reforma De Edifícios, Estradas, Pontes, Portos E Congêneres (Exceto O Fornecimento De Mercadorias Produzidas Pelo Prestador Dos Serviços, Fora Do Local Da Prestação Dos Serviços, Que Fica Sujeito Ao ICMS).;t_t;1.0102.41.90;t_t;Serviços de construção de dutos de longo curso não classificados em subposições anteriores;t_t;020201;t_t;local do imóvel;t_t;200046;t_t;Operações com bens imóveis;)_g
(;07.05;t_t;Reparação, Conservação E Reforma De Edifícios, Estradas, Pontes, Portos E Congêneres (Exceto O Fornecimento De Mercadorias Produzidas Pelo Prestador Dos Serviços, Fora Do Local Da Prestação Dos Serviços, Que Fica Sujeito Ao ICMS).;t_t;1.0102.42.10;t_t;Serviços de construção de linhas de comunicação de longo curso ;t_t;020201;t_t;local do imóvel;t_t;200046;t_t;Operações com bens imóveis;)_g
(;07.05;t_t;Reparação, Conservação E Reforma De Edifícios, Estradas, Pontes, Portos E Congêneres (Exceto O Fornecimento De Mercadorias Produzidas Pelo Prestador Dos Serviços, Fora Do Local Da Prestação Dos Serviços, Que Fica Sujeito Ao ICMS).;t_t;1.0102.42.20;t_t;Serviços de construção de linhas de transmissão de alta tensão;t_t;020201;t_t;local do imóvel;t_t;200046;t_t;Operações com bens imóveis;)_g
(;07.05;t_t;Reparação, Conservação E Reforma De Edifícios, Estradas, Pontes, Portos E Congêneres (Exceto O Fornecimento De Mercadorias Produzidas Pelo Prestador Dos Serviços, Fora Do Local Da Prestação Dos Serviços, Que Fica Sujeito Ao ICMS).;t_t;1.0102.51.00;t_t;Serviços de construção de dutos locais;t_t;020201;t_t;local do imóvel;t_t;200046;t_t;Operações com bens imóveis;)_g
(;07.05;t_t;Reparação, Conservação E Reforma De Edifícios, Estradas, Pontes, Portos E Congêneres (Exceto O Fornecimento De Mercadorias Produzidas Pelo Prestador Dos Serviços, Fora Do Local Da Prestação Dos Serviços, Que Fica Sujeito Ao ICMS).;t_t;1.0102.51.00;t_t;Serviços de construção de dutos locais;t_t;020201;t_t;local do imóvel;t_t;200045;t_t;Operações relacionadas a projetos de reabilitação urbana de zonas históricas e de áreas críticas de recuperação e reconversão urbanística;)_g
(;07.05;t_t;Reparação, Conservação E Reforma De Edifícios, Estradas, Pontes, Portos E Congêneres (Exceto O Fornecimento De Mercadorias Produzidas Pelo Prestador Dos Serviços, Fora Do Local Da Prestação Dos Serviços, Que Fica Sujeito Ao ICMS).;t_t;1.0102.52.10;t_t;Serviços de construção de linhas locais de comunicação;t_t;020201;t_t;local do imóvel;t_t;200046;t_t;Operações com bens imóveis;)_g
(;07.05;t_t;Reparação, Conservação E Reforma De Edifícios, Estradas, Pontes, Portos E Congêneres (Exceto O Fornecimento De Mercadorias Produzidas Pelo Prestador Dos Serviços, Fora Do Local Da Prestação Dos Serviços, Que Fica Sujeito Ao ICMS).;t_t;1.0102.52.10;t_t;Serviços de construção de linhas locais de comunicação;t_t;020201;t_t;local do imóvel;t_t;200045;t_t;Operações relacionadas a projetos de reabilitação urbana de zonas históricas e de áreas críticas de recuperação e reconversão urbanística;)_g
(;07.05;t_t;Reparação, Conservação E Reforma De Edifícios, Estradas, Pontes, Portos E Congêneres (Exceto O Fornecimento De Mercadorias Produzidas Pelo Prestador Dos Serviços, Fora Do Local Da Prestação Dos Serviços, Que Fica Sujeito Ao ICMS).;t_t;1.0102.52.20;t_t;Serviços de construção de linhas locais de transmissão de baixa e média tensão ;t_t;020201;t_t;local do imóvel;t_t;200046;t_t;Operações com bens imóveis;)_g
(;07.05;t_t;Reparação, Conservação E Reforma De Edifícios, Estradas, Pontes, Portos E Congêneres (Exceto O Fornecimento De Mercadorias Produzidas Pelo Prestador Dos Serviços, Fora Do Local Da Prestação Dos Serviços, Que Fica Sujeito Ao ICMS).;t_t;1.0102.52.20;t_t;Serviços de construção de linhas locais de transmissão de baixa e média tensão ;t_t;020201;t_t;local do imóvel;t_t;200045;t_t;Operações relacionadas a projetos de reabilitação urbana de zonas históricas e de áreas críticas de recuperação e reconversão urbanística;)_g
(;07.05;t_t;Reparação, Conservação E Reforma De Edifícios, Estradas, Pontes, Portos E Congêneres (Exceto O Fornecimento De Mercadorias Produzidas Pelo Prestador Dos Serviços, Fora Do Local Da Prestação Dos Serviços, Que Fica Sujeito Ao ICMS).;t_t;1.0102.53.10;t_t;Serviços de construção de sistemas de esgotos;t_t;020201;t_t;local do imóvel;t_t;200046;t_t;Operações com bens imóveis;)_g
(;07.05;t_t;Reparação, Conservação E Reforma De Edifícios, Estradas, Pontes, Portos E Congêneres (Exceto O Fornecimento De Mercadorias Produzidas Pelo Prestador Dos Serviços, Fora Do Local Da Prestação Dos Serviços, Que Fica Sujeito Ao ICMS).;t_t;1.0102.53.10;t_t;Serviços de construção de sistemas de esgotos;t_t;020201;t_t;local do imóvel;t_t;200045;t_t;Operações relacionadas a projetos de reabilitação urbana de zonas históricas e de áreas críticas de recuperação e reconversão urbanística;)_g
(;07.05;t_t;Reparação, Conservação E Reforma De Edifícios, Estradas, Pontes, Portos E Congêneres (Exceto O Fornecimento De Mercadorias Produzidas Pelo Prestador Dos Serviços, Fora Do Local Da Prestação Dos Serviços, Que Fica Sujeito Ao ICMS).;t_t;1.0102.53.20;t_t;Serviços de construção de sistemas de estações para elevação, tratamento e purificação de água;t_t;020201;t_t;local do imóvel;t_t;200046;t_t;Operações com bens imóveis;)_g
(;07.05;t_t;Reparação, Conservação E Reforma De Edifícios, Estradas, Pontes, Portos E Congêneres (Exceto O Fornecimento De Mercadorias Produzidas Pelo Prestador Dos Serviços, Fora Do Local Da Prestação Dos Serviços, Que Fica Sujeito Ao ICMS).;t_t;1.0102.53.20;t_t;Serviços de construção de sistemas de estações para elevação, tratamento e purificação de água;t_t;020201;t_t;local do imóvel;t_t;200045;t_t;Operações relacionadas a projetos de reabilitação urbana de zonas históricas e de áreas críticas de recuperação e reconversão urbanística;)_g
(;07.05;t_t;Reparação, Conservação E Reforma De Edifícios, Estradas, Pontes, Portos E Congêneres (Exceto O Fornecimento De Mercadorias Produzidas Pelo Prestador Dos Serviços, Fora Do Local Da Prestação Dos Serviços, Que Fica Sujeito Ao ICMS).;t_t;1.0102.61.00;t_t;Serviços de construção de usinas de geração de energia;t_t;020201;t_t;local do imóvel;t_t;200046;t_t;Operações com bens imóveis;)_g
(;07.05;t_t;Reparação, Conservação E Reforma De Edifícios, Estradas, Pontes, Portos E Congêneres (Exceto O Fornecimento De Mercadorias Produzidas Pelo Prestador Dos Serviços, Fora Do Local Da Prestação Dos Serviços, Que Fica Sujeito Ao ICMS).;t_t;1.0102.69.00;t_t;Serviços de construção de instalações industriais não classificados em subposições anteriores;t_t;020201;t_t;local do imóvel;t_t;200046;t_t;Operações com bens imóveis;)_g
(;07.05;t_t;Reparação, Conservação E Reforma De Edifícios, Estradas, Pontes, Portos E Congêneres (Exceto O Fornecimento De Mercadorias Produzidas Pelo Prestador Dos Serviços, Fora Do Local Da Prestação Dos Serviços, Que Fica Sujeito Ao ICMS).;t_t;1.0102.69.00;t_t;Serviços de construção de instalações industriais não classificados em subposições anteriores;t_t;020201;t_t;local do imóvel;t_t;200045;t_t;Operações relacionadas a projetos de reabilitação urbana de zonas históricas e de áreas críticas de recuperação e reconversão urbanística;)_g
(;07.05;t_t;Reparação, Conservação E Reforma De Edifícios, Estradas, Pontes, Portos E Congêneres (Exceto O Fornecimento De Mercadorias Produzidas Pelo Prestador Dos Serviços, Fora Do Local Da Prestação Dos Serviços, Que Fica Sujeito Ao ICMS).;t_t;1.0102.70.00;t_t;Serviços de construção de minas e suas unidades industriais;t_t;020201;t_t;local do imóvel;t_t;200046;t_t;Operações com bens imóveis;)_g
(;07.05;t_t;Reparação, Conservação E Reforma De Edifícios, Estradas, Pontes, Portos E Congêneres (Exceto O Fornecimento De Mercadorias Produzidas Pelo Prestador Dos Serviços, Fora Do Local Da Prestação Dos Serviços, Que Fica Sujeito Ao ICMS).;t_t;1.0102.80.00;t_t;Serviços de construção de instalações para recreação e atividades desportivas ao ar livre;t_t;020201;t_t;local do imóvel;t_t;200046;t_t;Operações com bens imóveis;)_g
(;07.05;t_t;Reparação, Conservação E Reforma De Edifícios, Estradas, Pontes, Portos E Congêneres (Exceto O Fornecimento De Mercadorias Produzidas Pelo Prestador Dos Serviços, Fora Do Local Da Prestação Dos Serviços, Que Fica Sujeito Ao ICMS).;t_t;1.0102.80.00;t_t;Serviços de construção de instalações para recreação e atividades desportivas ao ar livre;t_t;020201;t_t;local do imóvel;t_t;200045;t_t;Operações relacionadas a projetos de reabilitação urbana de zonas históricas e de áreas críticas de recuperação e reconversão urbanística;)_g
(;07.05;t_t;Reparação, Conservação E Reforma De Edifícios, Estradas, Pontes, Portos E Congêneres (Exceto O Fornecimento De Mercadorias Produzidas Pelo Prestador Dos Serviços, Fora Do Local Da Prestação Dos Serviços, Que Fica Sujeito Ao ICMS).;t_t;1.0102.90.00;t_t;Serviços de construção de obras de engenharia civil não classificados em subposições anteriores;t_t;020201;t_t;local do imóvel;t_t;200046;t_t;Operações com bens imóveis;)_g
(;07.05;t_t;Reparação, Conservação E Reforma De Edifícios, Estradas, Pontes, Portos E Congêneres (Exceto O Fornecimento De Mercadorias Produzidas Pelo Prestador Dos Serviços, Fora Do Local Da Prestação Dos Serviços, Que Fica Sujeito Ao ICMS).;t_t;1.0102.90.00;t_t;Serviços de construção de obras de engenharia civil não classificados em subposições anteriores;t_t;020201;t_t;local do imóvel;t_t;200045;t_t;Operações relacionadas a projetos de reabilitação urbana de zonas históricas e de áreas críticas de recuperação e reconversão urbanística;)_g
(;07.05;t_t;Reparação, Conservação E Reforma De Edifícios, Estradas, Pontes, Portos E Congêneres (Exceto O Fornecimento De Mercadorias Produzidas Pelo Prestador Dos Serviços, Fora Do Local Da Prestação Dos Serviços, Que Fica Sujeito Ao ICMS).;t_t;1.0107.30.00;t_t;Serviços de pintura;t_t;020201;t_t;local do imóvel;t_t;200046;t_t;Operações com bens imóveis;)_g
(;07.05;t_t;Reparação, Conservação E Reforma De Edifícios, Estradas, Pontes, Portos E Congêneres (Exceto O Fornecimento De Mercadorias Produzidas Pelo Prestador Dos Serviços, Fora Do Local Da Prestação Dos Serviços, Que Fica Sujeito Ao ICMS).;t_t;1.0107.30.00;t_t;Serviços de pintura;t_t;020201;t_t;local do imóvel;t_t;200045;t_t;Operações relacionadas a projetos de reabilitação urbana de zonas históricas e de áreas críticas de recuperação e reconversão urbanística;)_g
(;07.06;t_t;Colocação E Instalação De Tapetes, Carpetes, Assoalhos, Cortinas, Revestimentos De Parede, Vidros, Divisórias, Placas De Gesso E Congêneres, Com Material Fornecido Pelo Tomador Do Serviço.;t_t;1.0106.50.00;t_t;Serviços de instalação de isolamentos;t_t;020201;t_t;local do imóvel;t_t;200046;t_t;Operações com bens imóveis;)_g
(;07.06;t_t;Colocação E Instalação De Tapetes, Carpetes, Assoalhos, Cortinas, Revestimentos De Parede, Vidros, Divisórias, Placas De Gesso E Congêneres, Com Material Fornecido Pelo Tomador Do Serviço.;t_t;1.0106.50.00;t_t;Serviços de instalação de isolamentos;t_t;020201;t_t;local do imóvel;t_t;200045;t_t;Operações relacionadas a projetos de reabilitação urbana de zonas históricas e de áreas críticas de recuperação e reconversão urbanística;)_g
(;07.06;t_t;Colocação E Instalação De Tapetes, Carpetes, Assoalhos, Cortinas, Revestimentos De Parede, Vidros, Divisórias, Placas De Gesso E Congêneres, Com Material Fornecido Pelo Tomador Do Serviço.;t_t;1.0107.10.00;t_t;Serviços de vidraçaria;t_t;020201;t_t;local do imóvel;t_t;200046;t_t;Operações com bens imóveis;)_g
(;07.06;t_t;Colocação E Instalação De Tapetes, Carpetes, Assoalhos, Cortinas, Revestimentos De Parede, Vidros, Divisórias, Placas De Gesso E Congêneres, Com Material Fornecido Pelo Tomador Do Serviço.;t_t;1.0107.10.00;t_t;Serviços de vidraçaria;t_t;020201;t_t;local do imóvel;t_t;200045;t_t;Operações relacionadas a projetos de reabilitação urbana de zonas históricas e de áreas críticas de recuperação e reconversão urbanística;)_g
(;07.06;t_t;Colocação E Instalação De Tapetes, Carpetes, Assoalhos, Cortinas, Revestimentos De Parede, Vidros, Divisórias, Placas De Gesso E Congêneres, Com Material Fornecido Pelo Tomador Do Serviço.;t_t;1.0107.20.00;t_t;Serviços de gesso e de estuque;t_t;020201;t_t;local do imóvel;t_t;200046;t_t;Operações com bens imóveis;)_g
(;07.06;t_t;Colocação E Instalação De Tapetes, Carpetes, Assoalhos, Cortinas, Revestimentos De Parede, Vidros, Divisórias, Placas De Gesso E Congêneres, Com Material Fornecido Pelo Tomador Do Serviço.;t_t;1.0107.20.00;t_t;Serviços de gesso e de estuque;t_t;020201;t_t;local do imóvel;t_t;200045;t_t;Operações relacionadas a projetos de reabilitação urbana de zonas históricas e de áreas críticas de recuperação e reconversão urbanística;)_g
(;07.06;t_t;Colocação E Instalação De Tapetes, Carpetes, Assoalhos, Cortinas, Revestimentos De Parede, Vidros, Divisórias, Placas De Gesso E Congêneres, Com Material Fornecido Pelo Tomador Do Serviço.;t_t;1.0107.40.00;t_t;Serviços de revestimento de pisos e de paredes;t_t;020201;t_t;local do imóvel;t_t;200046;t_t;Operações com bens imóveis;)_g
(;07.06;t_t;Colocação E Instalação De Tapetes, Carpetes, Assoalhos, Cortinas, Revestimentos De Parede, Vidros, Divisórias, Placas De Gesso E Congêneres, Com Material Fornecido Pelo Tomador Do Serviço.;t_t;1.0107.40.00;t_t;Serviços de revestimento de pisos e de paredes;t_t;020201;t_t;local do imóvel;t_t;200045;t_t;Operações relacionadas a projetos de reabilitação urbana de zonas históricas e de áreas críticas de recuperação e reconversão urbanística;)_g
(;07.07;t_t;Recuperação, Raspagem, Polimento E Lustração De Pisos E Congêneres.;t_t;1.0107.40.00;t_t;Serviços de revestimento de pisos e de paredes;t_t;020201;t_t;local do imóvel;t_t;200046;t_t;Operações com bens imóveis;)_g
(;07.07;t_t;Recuperação, Raspagem, Polimento E Lustração De Pisos E Congêneres.;t_t;1.0107.40.00;t_t;Serviços de revestimento de pisos e de paredes;t_t;020201;t_t;local do imóvel;t_t;200045;t_t;Operações relacionadas a projetos de reabilitação urbana de zonas históricas e de áreas críticas de recuperação e reconversão urbanística;)_g
(;07.08;t_t;Calafetação.;t_t;1.0107.90.00;t_t;Serviços de acabamento não classificados em subposições anteriores;t_t;020201;t_t;local do imóvel;t_t;200046;t_t;Operações com bens imóveis;)_g
(;07.07;t_t;Recuperação, Raspagem, Polimento E Lustração De Pisos E Congêneres.;t_t;1.0107.90.00;t_t;Serviços de acabamento não classificados em subposições anteriores;t_t;020201;t_t;local do imóvel;t_t;200045;t_t;Operações relacionadas a projetos de reabilitação urbana de zonas históricas e de áreas críticas de recuperação e reconversão urbanística;)_g
(;07.09;t_t;Varrição, Coleta, Remoção, Incineração, Tratamento, Reciclagem, Separação E Destinação Final De Lixo, Rejeitos E Outros Resíduos Quaisquer.;t_t;1.2406.10.00;t_t;Serviços de varrição de vias e áreas públicas ;t_t;020201;t_t;local do imóvel;t_t;000001;t_t;Situações tributadas integralmente pelo IBS e CBS.;)_g
(;07.09;t_t;Varrição, Coleta, Remoção, Incineração, Tratamento, Reciclagem, Separação E Destinação Final De Lixo, Rejeitos E Outros Resíduos Quaisquer.;t_t;1.2402.20.00;t_t;Serviços de esvaziamento e limpeza de fossas sépticas ;t_t;020201;t_t;local do imóvel;t_t;000001;t_t;Situações tributadas integralmente pelo IBS e CBS.;)_g
(;07.09;t_t;Varrição, Coleta, Remoção, Incineração, Tratamento, Reciclagem, Separação E Destinação Final De Lixo, Rejeitos E Outros Resíduos Quaisquer.;t_t;1.2403.11.00;t_t;Serviços de coleta de resíduos de serviços de saúde e outros resíduos biológicos ;t_t;050101;t_t;local da prestação;t_t;000001;t_t;Situações tributadas integralmente pelo IBS e CBS.;)_g
(;07.09;t_t;Varrição, Coleta, Remoção, Incineração, Tratamento, Reciclagem, Separação E Destinação Final De Lixo, Rejeitos E Outros Resíduos Quaisquer.;t_t;1.2403.11.00;t_t;Serviços de coleta de resíduos de serviços de saúde e outros resíduos biológicos ;t_t;050102;t_t;local da prestação;t_t;000001;t_t;Situações tributadas integralmente pelo IBS e CBS.;)_g
(;07.09;t_t;Varrição, Coleta, Remoção, Incineração, Tratamento, Reciclagem, Separação E Destinação Final De Lixo, Rejeitos E Outros Resíduos Quaisquer.;t_t;1.2403.11.00;t_t;Serviços de coleta de resíduos de serviços de saúde e outros resíduos biológicos ;t_t;050103;t_t;local da prestação;t_t;000001;t_t;Situações tributadas integralmente pelo IBS e CBS.;)_g
(;07.09;t_t;Varrição, Coleta, Remoção, Incineração, Tratamento, Reciclagem, Separação E Destinação Final De Lixo, Rejeitos E Outros Resíduos Quaisquer.;t_t;1.2403.11.00;t_t;Serviços de coleta de resíduos de serviços de saúde e outros resíduos biológicos ;t_t;050104;t_t;local da prestação;t_t;000001;t_t;Situações tributadas integralmente pelo IBS e CBS.;)_g
(;07.09;t_t;Varrição, Coleta, Remoção, Incineração, Tratamento, Reciclagem, Separação E Destinação Final De Lixo, Rejeitos E Outros Resíduos Quaisquer.;t_t;1.2403.12.00;t_t;Serviços de coleta de resíduos perigosos industriais, exceto resíduos de serviços de saúde e outros resíduos biológicos;t_t;050101;t_t;local da prestação;t_t;000001;t_t;Situações tributadas integralmente pelo IBS e CBS.;)_g
(;07.09;t_t;Varrição, Coleta, Remoção, Incineração, Tratamento, Reciclagem, Separação E Destinação Final De Lixo, Rejeitos E Outros Resíduos Quaisquer.;t_t;1.2403.12.00;t_t;Serviços de coleta de resíduos perigosos industriais, exceto resíduos de serviços de saúde e outros resíduos biológicos;t_t;050102;t_t;local da prestação;t_t;000001;t_t;Situações tributadas integralmente pelo IBS e CBS.;)_g
(;07.09;t_t;Varrição, Coleta, Remoção, Incineração, Tratamento, Reciclagem, Separação E Destinação Final De Lixo, Rejeitos E Outros Resíduos Quaisquer.;t_t;1.2403.12.00;t_t;Serviços de coleta de resíduos perigosos industriais, exceto resíduos de serviços de saúde e outros resíduos biológicos;t_t;050103;t_t;local da prestação;t_t;000001;t_t;Situações tributadas integralmente pelo IBS e CBS.;)_g
(;07.09;t_t;Varrição, Coleta, Remoção, Incineração, Tratamento, Reciclagem, Separação E Destinação Final De Lixo, Rejeitos E Outros Resíduos Quaisquer.;t_t;1.2403.12.00;t_t;Serviços de coleta de resíduos perigosos industriais, exceto resíduos de serviços de saúde e outros resíduos biológicos;t_t;050104;t_t;local da prestação;t_t;000001;t_t;Situações tributadas integralmente pelo IBS e CBS.;)_g
(;07.09;t_t;Varrição, Coleta, Remoção, Incineração, Tratamento, Reciclagem, Separação E Destinação Final De Lixo, Rejeitos E Outros Resíduos Quaisquer.;t_t;1.2403.19.00;t_t;Serviços de coleta de outros resíduos perigosos não classificados em subposições anteriores;t_t;050101;t_t;local da prestação;t_t;000001;t_t;Situações tributadas integralmente pelo IBS e CBS.;)_g
(;07.09;t_t;Varrição, Coleta, Remoção, Incineração, Tratamento, Reciclagem, Separação E Destinação Final De Lixo, Rejeitos E Outros Resíduos Quaisquer.;t_t;1.2403.19.00;t_t;Serviços de coleta de outros resíduos perigosos não classificados em subposições anteriores;t_t;050102;t_t;local da prestação;t_t;000001;t_t;Situações tributadas integralmente pelo IBS e CBS.;)_g
(;07.09;t_t;Varrição, Coleta, Remoção, Incineração, Tratamento, Reciclagem, Separação E Destinação Final De Lixo, Rejeitos E Outros Resíduos Quaisquer.;t_t;1.2403.19.00;t_t;Serviços de coleta de outros resíduos perigosos não classificados em subposições anteriores;t_t;050103;t_t;local da prestação;t_t;000001;t_t;Situações tributadas integralmente pelo IBS e CBS.;)_g
(;07.09;t_t;Varrição, Coleta, Remoção, Incineração, Tratamento, Reciclagem, Separação E Destinação Final De Lixo, Rejeitos E Outros Resíduos Quaisquer.;t_t;1.2403.19.00;t_t;Serviços de coleta de outros resíduos perigosos não classificados em subposições anteriores;t_t;050104;t_t;local da prestação;t_t;000001;t_t;Situações tributadas integralmente pelo IBS e CBS.;)_g
(;07.09;t_t;Varrição, Coleta, Remoção, Incineração, Tratamento, Reciclagem, Separação E Destinação Final De Lixo, Rejeitos E Outros Resíduos Quaisquer.;t_t;1.2403.21.00;t_t;Serviços de coleta de resíduos recicláveis, não perigosos, de origem doméstica  ;t_t;050101;t_t;local da prestação;t_t;000001;t_t;Situações tributadas integralmente pelo IBS e CBS.;)_g
(;07.09;t_t;Varrição, Coleta, Remoção, Incineração, Tratamento, Reciclagem, Separação E Destinação Final De Lixo, Rejeitos E Outros Resíduos Quaisquer.;t_t;1.2403.21.00;t_t;Serviços de coleta de resíduos recicláveis, não perigosos, de origem doméstica  ;t_t;050102;t_t;local da prestação;t_t;000001;t_t;Situações tributadas integralmente pelo IBS e CBS.;)_g
(;07.09;t_t;Varrição, Coleta, Remoção, Incineração, Tratamento, Reciclagem, Separação E Destinação Final De Lixo, Rejeitos E Outros Resíduos Quaisquer.;t_t;1.2403.21.00;t_t;Serviços de coleta de resíduos recicláveis, não perigosos, de origem doméstica  ;t_t;050103;t_t;local da prestação;t_t;000001;t_t;Situações tributadas integralmente pelo IBS e CBS.;)_g
(;07.09;t_t;Varrição, Coleta, Remoção, Incineração, Tratamento, Reciclagem, Separação E Destinação Final De Lixo, Rejeitos E Outros Resíduos Quaisquer.;t_t;1.2403.21.00;t_t;Serviços de coleta de resíduos recicláveis, não perigosos, de origem doméstica  ;t_t;050104;t_t;local da prestação;t_t;000001;t_t;Situações tributadas integralmente pelo IBS e CBS.;)_g
(;07.09;t_t;Varrição, Coleta, Remoção, Incineração, Tratamento, Reciclagem, Separação E Destinação Final De Lixo, Rejeitos E Outros Resíduos Quaisquer.;t_t;1.2403.22.00;t_t;Serviços de coleta de resíduos recicláveis, não perigosos, exceto de origem doméstica;t_t;050101;t_t;local da prestação;t_t;000001;t_t;Situações tributadas integralmente pelo IBS e CBS.;)_g
(;07.09;t_t;Varrição, Coleta, Remoção, Incineração, Tratamento, Reciclagem, Separação E Destinação Final De Lixo, Rejeitos E Outros Resíduos Quaisquer.;t_t;1.2403.22.00;t_t;Serviços de coleta de resíduos recicláveis, não perigosos, exceto de origem doméstica;t_t;050102;t_t;local da prestação;t_t;000001;t_t;Situações tributadas integralmente pelo IBS e CBS.;)_g
(;07.09;t_t;Varrição, Coleta, Remoção, Incineração, Tratamento, Reciclagem, Separação E Destinação Final De Lixo, Rejeitos E Outros Resíduos Quaisquer.;t_t;1.2403.22.00;t_t;Serviços de coleta de resíduos recicláveis, não perigosos, exceto de origem doméstica;t_t;050103;t_t;local da prestação;t_t;000001;t_t;Situações tributadas integralmente pelo IBS e CBS.;)_g
(;07.09;t_t;Varrição, Coleta, Remoção, Incineração, Tratamento, Reciclagem, Separação E Destinação Final De Lixo, Rejeitos E Outros Resíduos Quaisquer.;t_t;1.2403.22.00;t_t;Serviços de coleta de resíduos recicláveis, não perigosos, exceto de origem doméstica;t_t;050104;t_t;local da prestação;t_t;000001;t_t;Situações tributadas integralmente pelo IBS e CBS.;)_g
(;07.09;t_t;Varrição, Coleta, Remoção, Incineração, Tratamento, Reciclagem, Separação E Destinação Final De Lixo, Rejeitos E Outros Resíduos Quaisquer.;t_t;1.2403.31.00;t_t;Serviços de coleta de resíduos gerais de origem doméstica;t_t;050101;t_t;local da prestação;t_t;000001;t_t;Situações tributadas integralmente pelo IBS e CBS.;)_g
(;07.09;t_t;Varrição, Coleta, Remoção, Incineração, Tratamento, Reciclagem, Separação E Destinação Final De Lixo, Rejeitos E Outros Resíduos Quaisquer.;t_t;1.2403.31.00;t_t;Serviços de coleta de resíduos gerais de origem doméstica;t_t;050102;t_t;local da prestação;t_t;000001;t_t;Situações tributadas integralmente pelo IBS e CBS.;)_g
(;07.09;t_t;Varrição, Coleta, Remoção, Incineração, Tratamento, Reciclagem, Separação E Destinação Final De Lixo, Rejeitos E Outros Resíduos Quaisquer.;t_t;1.2403.31.00;t_t;Serviços de coleta de resíduos gerais de origem doméstica;t_t;050103;t_t;local da prestação;t_t;000001;t_t;Situações tributadas integralmente pelo IBS e CBS.;)_g
(;07.09;t_t;Varrição, Coleta, Remoção, Incineração, Tratamento, Reciclagem, Separação E Destinação Final De Lixo, Rejeitos E Outros Resíduos Quaisquer.;t_t;1.2403.31.00;t_t;Serviços de coleta de resíduos gerais de origem doméstica;t_t;050104;t_t;local da prestação;t_t;000001;t_t;Situações tributadas integralmente pelo IBS e CBS.;)_g
(;07.09;t_t;Varrição, Coleta, Remoção, Incineração, Tratamento, Reciclagem, Separação E Destinação Final De Lixo, Rejeitos E Outros Resíduos Quaisquer.;t_t;1.2403.32.00;t_t;Serviços de coleta de resíduos gerais, exceto de origem doméstica;t_t;050101;t_t;local da prestação;t_t;000001;t_t;Situações tributadas integralmente pelo IBS e CBS.;)_g
(;07.09;t_t;Varrição, Coleta, Remoção, Incineração, Tratamento, Reciclagem, Separação E Destinação Final De Lixo, Rejeitos E Outros Resíduos Quaisquer.;t_t;1.2403.32.00;t_t;Serviços de coleta de resíduos gerais, exceto de origem doméstica;t_t;050102;t_t;local da prestação;t_t;000001;t_t;Situações tributadas integralmente pelo IBS e CBS.;)_g
(;07.09;t_t;Varrição, Coleta, Remoção, Incineração, Tratamento, Reciclagem, Separação E Destinação Final De Lixo, Rejeitos E Outros Resíduos Quaisquer.;t_t;1.2403.32.00;t_t;Serviços de coleta de resíduos gerais, exceto de origem doméstica;t_t;050103;t_t;local da prestação;t_t;000001;t_t;Situações tributadas integralmente pelo IBS e CBS.;)_g
(;07.09;t_t;Varrição, Coleta, Remoção, Incineração, Tratamento, Reciclagem, Separação E Destinação Final De Lixo, Rejeitos E Outros Resíduos Quaisquer.;t_t;1.2403.32.00;t_t;Serviços de coleta de resíduos gerais, exceto de origem doméstica;t_t;050104;t_t;local da prestação;t_t;000001;t_t;Situações tributadas integralmente pelo IBS e CBS.;)_g
(;07.09;t_t;Varrição, Coleta, Remoção, Incineração, Tratamento, Reciclagem, Separação E Destinação Final De Lixo, Rejeitos E Outros Resíduos Quaisquer.;t_t;1.2404.11.00;t_t;Serviços de triagem, preparação, consolidação e estocagem de resíduos perigosos ;t_t;050101;t_t;local da prestação;t_t;000001;t_t;Situações tributadas integralmente pelo IBS e CBS.;)_g
(;07.09;t_t;Varrição, Coleta, Remoção, Incineração, Tratamento, Reciclagem, Separação E Destinação Final De Lixo, Rejeitos E Outros Resíduos Quaisquer.;t_t;1.2404.11.00;t_t;Serviços de triagem, preparação, consolidação e estocagem de resíduos perigosos ;t_t;050102;t_t;local da prestação;t_t;000001;t_t;Situações tributadas integralmente pelo IBS e CBS.;)_g
(;07.09;t_t;Varrição, Coleta, Remoção, Incineração, Tratamento, Reciclagem, Separação E Destinação Final De Lixo, Rejeitos E Outros Resíduos Quaisquer.;t_t;1.2404.11.00;t_t;Serviços de triagem, preparação, consolidação e estocagem de resíduos perigosos ;t_t;050103;t_t;local da prestação;t_t;000001;t_t;Situações tributadas integralmente pelo IBS e CBS.;)_g
(;07.09;t_t;Varrição, Coleta, Remoção, Incineração, Tratamento, Reciclagem, Separação E Destinação Final De Lixo, Rejeitos E Outros Resíduos Quaisquer.;t_t;1.2404.11.00;t_t;Serviços de triagem, preparação, consolidação e estocagem de resíduos perigosos ;t_t;050104;t_t;local da prestação;t_t;000001;t_t;Situações tributadas integralmente pelo IBS e CBS.;)_g
(;07.09;t_t;Varrição, Coleta, Remoção, Incineração, Tratamento, Reciclagem, Separação E Destinação Final De Lixo, Rejeitos E Outros Resíduos Quaisquer.;t_t;1.2404.12.00;t_t;Serviços de demolição e desmantelamento de embarcações, veículos e outros bens;t_t;050101;t_t;local da prestação;t_t;000001;t_t;Situações tributadas integralmente pelo IBS e CBS.;)_g
(;07.09;t_t;Varrição, Coleta, Remoção, Incineração, Tratamento, Reciclagem, Separação E Destinação Final De Lixo, Rejeitos E Outros Resíduos Quaisquer.;t_t;1.2404.12.00;t_t;Serviços de demolição e desmantelamento de embarcações, veículos e outros bens;t_t;050102;t_t;local da prestação;t_t;000001;t_t;Situações tributadas integralmente pelo IBS e CBS.;)_g
(;07.09;t_t;Varrição, Coleta, Remoção, Incineração, Tratamento, Reciclagem, Separação E Destinação Final De Lixo, Rejeitos E Outros Resíduos Quaisquer.;t_t;1.2404.12.00;t_t;Serviços de demolição e desmantelamento de embarcações, veículos e outros bens;t_t;050103;t_t;local da prestação;t_t;000001;t_t;Situações tributadas integralmente pelo IBS e CBS.;)_g
(;07.09;t_t;Varrição, Coleta, Remoção, Incineração, Tratamento, Reciclagem, Separação E Destinação Final De Lixo, Rejeitos E Outros Resíduos Quaisquer.;t_t;1.2404.12.00;t_t;Serviços de demolição e desmantelamento de embarcações, veículos e outros bens;t_t;050104;t_t;local da prestação;t_t;000001;t_t;Situações tributadas integralmente pelo IBS e CBS.;)_g
(;07.09;t_t;Varrição, Coleta, Remoção, Incineração, Tratamento, Reciclagem, Separação E Destinação Final De Lixo, Rejeitos E Outros Resíduos Quaisquer.;t_t;1.2404.13.00;t_t;Serviços de triagem, preparação, consolidação e estocagem de resíduos recicláveis não perigosos;t_t;050101;t_t;local da prestação;t_t;000001;t_t;Situações tributadas integralmente pelo IBS e CBS.;)_g
(;07.09;t_t;Varrição, Coleta, Remoção, Incineração, Tratamento, Reciclagem, Separação E Destinação Final De Lixo, Rejeitos E Outros Resíduos Quaisquer.;t_t;1.2404.13.00;t_t;Serviços de triagem, preparação, consolidação e estocagem de resíduos recicláveis não perigosos;t_t;050102;t_t;local da prestação;t_t;000001;t_t;Situações tributadas integralmente pelo IBS e CBS.;)_g
(;07.09;t_t;Varrição, Coleta, Remoção, Incineração, Tratamento, Reciclagem, Separação E Destinação Final De Lixo, Rejeitos E Outros Resíduos Quaisquer.;t_t;1.2404.13.00;t_t;Serviços de triagem, preparação, consolidação e estocagem de resíduos recicláveis não perigosos;t_t;050103;t_t;local da prestação;t_t;000001;t_t;Situações tributadas integralmente pelo IBS e CBS.;)_g
(;07.09;t_t;Varrição, Coleta, Remoção, Incineração, Tratamento, Reciclagem, Separação E Destinação Final De Lixo, Rejeitos E Outros Resíduos Quaisquer.;t_t;1.2404.13.00;t_t;Serviços de triagem, preparação, consolidação e estocagem de resíduos recicláveis não perigosos;t_t;050104;t_t;local da prestação;t_t;000001;t_t;Situações tributadas integralmente pelo IBS e CBS.;)_g
(;07.09;t_t;Varrição, Coleta, Remoção, Incineração, Tratamento, Reciclagem, Separação E Destinação Final De Lixo, Rejeitos E Outros Resíduos Quaisquer.;t_t;1.2404.19.00;t_t;Serviços de triagem, preparação, consolidação e estocagem de resíduos não perigosos, exceto os recicláveis;t_t;050101;t_t;local da prestação;t_t;000001;t_t;Situações tributadas integralmente pelo IBS e CBS.;)_g
(;07.09;t_t;Varrição, Coleta, Remoção, Incineração, Tratamento, Reciclagem, Separação E Destinação Final De Lixo, Rejeitos E Outros Resíduos Quaisquer.;t_t;1.2404.19.00;t_t;Serviços de triagem, preparação, consolidação e estocagem de resíduos não perigosos, exceto os recicláveis;t_t;050102;t_t;local da prestação;t_t;000001;t_t;Situações tributadas integralmente pelo IBS e CBS.;)_g
(;07.09;t_t;Varrição, Coleta, Remoção, Incineração, Tratamento, Reciclagem, Separação E Destinação Final De Lixo, Rejeitos E Outros Resíduos Quaisquer.;t_t;1.2404.19.00;t_t;Serviços de triagem, preparação, consolidação e estocagem de resíduos não perigosos, exceto os recicláveis;t_t;050103;t_t;local da prestação;t_t;000001;t_t;Situações tributadas integralmente pelo IBS e CBS.;)_g
(;07.09;t_t;Varrição, Coleta, Remoção, Incineração, Tratamento, Reciclagem, Separação E Destinação Final De Lixo, Rejeitos E Outros Resíduos Quaisquer.;t_t;1.2404.19.00;t_t;Serviços de triagem, preparação, consolidação e estocagem de resíduos não perigosos, exceto os recicláveis;t_t;050104;t_t;local da prestação;t_t;000001;t_t;Situações tributadas integralmente pelo IBS e CBS.;)_g
(;07.09;t_t;Varrição, Coleta, Remoção, Incineração, Tratamento, Reciclagem, Separação E Destinação Final De Lixo, Rejeitos E Outros Resíduos Quaisquer.;t_t;1.2404.33.00;t_t;Serviços de incineração de resíduos não perigosos;t_t;050101;t_t;local da prestação;t_t;000001;t_t;Situações tributadas integralmente pelo IBS e CBS.;)_g
(;07.09;t_t;Varrição, Coleta, Remoção, Incineração, Tratamento, Reciclagem, Separação E Destinação Final De Lixo, Rejeitos E Outros Resíduos Quaisquer.;t_t;1.2404.33.00;t_t;Serviços de incineração de resíduos não perigosos;t_t;050102;t_t;local da prestação;t_t;000001;t_t;Situações tributadas integralmente pelo IBS e CBS.;)_g
(;07.09;t_t;Varrição, Coleta, Remoção, Incineração, Tratamento, Reciclagem, Separação E Destinação Final De Lixo, Rejeitos E Outros Resíduos Quaisquer.;t_t;1.2404.33.00;t_t;Serviços de incineração de resíduos não perigosos;t_t;050103;t_t;local da prestação;t_t;000001;t_t;Situações tributadas integralmente pelo IBS e CBS.;)_g
(;07.09;t_t;Varrição, Coleta, Remoção, Incineração, Tratamento, Reciclagem, Separação E Destinação Final De Lixo, Rejeitos E Outros Resíduos Quaisquer.;t_t;1.2404.33.00;t_t;Serviços de incineração de resíduos não perigosos;t_t;050104;t_t;local da prestação;t_t;000001;t_t;Situações tributadas integralmente pelo IBS e CBS.;)_g
(;07.10;t_t;Limpeza, Manutenção E Conservação De Vias E Logradouros Públicos, Imóveis, Chaminés, Piscinas, Parques, Jardins E Congêneres.;t_t;1.1803.10.00;t_t;Serviços gerais de limpeza  ;t_t;020201;t_t;local do imóvel;t_t;000001;t_t;Situações tributadas integralmente pelo IBS e CBS.;)_g
(;07.10;t_t;Limpeza, Manutenção E Conservação De Vias E Logradouros Públicos, Imóveis, Chaminés, Piscinas, Parques, Jardins E Congêneres.;t_t;1.1803.10.00;t_t;Serviços gerais de limpeza  ;t_t;020201;t_t;local do imóvel;t_t;200045;t_t;Operações relacionadas a projetos de reabilitação urbana de zonas históricas e de áreas críticas de recuperação e reconversão urbanística;)_g
(;07.10;t_t;Limpeza, Manutenção E Conservação De Vias E Logradouros Públicos, Imóveis, Chaminés, Piscinas, Parques, Jardins E Congêneres.;t_t;1.1803.22.00;t_t;Serviços de limpeza de janelas ;t_t;020201;t_t;local do imóvel;t_t;000001;t_t;Situações tributadas integralmente pelo IBS e CBS.;)_g
(;07.10;t_t;Limpeza, Manutenção E Conservação De Vias E Logradouros Públicos, Imóveis, Chaminés, Piscinas, Parques, Jardins E Congêneres.;t_t;1.1803.22.00;t_t;Serviços de limpeza de janelas ;t_t;020201;t_t;local do imóvel;t_t;200045;t_t;Operações relacionadas a projetos de reabilitação urbana de zonas históricas e de áreas críticas de recuperação e reconversão urbanística;)_g
(;07.10;t_t;Limpeza, Manutenção E Conservação De Vias E Logradouros Públicos, Imóveis, Chaminés, Piscinas, Parques, Jardins E Congêneres.;t_t;1.1803.29.00;t_t;Serviços especializados de limpeza não classificados em subposições anteriores;t_t;020201;t_t;local do imóvel;t_t;000001;t_t;Situações tributadas integralmente pelo IBS e CBS.;)_g
(;07.10;t_t;Limpeza, Manutenção E Conservação De Vias E Logradouros Públicos, Imóveis, Chaminés, Piscinas, Parques, Jardins E Congêneres.;t_t;1.1803.29.00;t_t;Serviços especializados de limpeza não classificados em subposições anteriores;t_t;020201;t_t;local do imóvel;t_t;200045;t_t;Operações relacionadas a projetos de reabilitação urbana de zonas históricas e de áreas críticas de recuperação e reconversão urbanística;)_g
(;07.10;t_t;Limpeza, Manutenção E Conservação De Vias E Logradouros Públicos, Imóveis, Chaminés, Piscinas, Parques, Jardins E Congêneres.;t_t;1.2405.14.00;t_t;Serviços de remediação em edificações ;t_t;020201;t_t;local do imóvel;t_t;000001;t_t;Situações tributadas integralmente pelo IBS e CBS.;)_g
(;07.10;t_t;Limpeza, Manutenção E Conservação De Vias E Logradouros Públicos, Imóveis, Chaminés, Piscinas, Parques, Jardins E Congêneres.;t_t;1.2405.14.00;t_t;Serviços de remediação em edificações ;t_t;020201;t_t;local do imóvel;t_t;200045;t_t;Operações relacionadas a projetos de reabilitação urbana de zonas históricas e de áreas críticas de recuperação e reconversão urbanística;)_g
(;07.10;t_t;Limpeza, Manutenção E Conservação De Vias E Logradouros Públicos, Imóveis, Chaminés, Piscinas, Parques, Jardins E Congêneres.;t_t;1.2406.90.00;t_t;Serviços de limpeza urbana e similares não classificados em subposições anteriores;t_t;020201;t_t;local do imóvel;t_t;000001;t_t;Situações tributadas integralmente pelo IBS e CBS.;)_g
(;07.10;t_t;Limpeza, Manutenção E Conservação De Vias E Logradouros Públicos, Imóveis, Chaminés, Piscinas, Parques, Jardins E Congêneres.;t_t;1.2406.90.00;t_t;Serviços de limpeza urbana e similares não classificados em subposições anteriores;t_t;020201;t_t;local do imóvel;t_t;200045;t_t;Operações relacionadas a projetos de reabilitação urbana de zonas históricas e de áreas críticas de recuperação e reconversão urbanística;)_g
(;07.10;t_t;Limpeza, Manutenção E Conservação De Vias E Logradouros Públicos, Imóveis, Chaminés, Piscinas, Parques, Jardins E Congêneres.;t_t;1.2407.00.00;t_t;Serviços de proteção ambiental não classificados em posições anteriores;t_t;020201;t_t;local do imóvel;t_t;000001;t_t;Situações tributadas integralmente pelo IBS e CBS.;)_g
(;07.10;t_t;Limpeza, Manutenção E Conservação De Vias E Logradouros Públicos, Imóveis, Chaminés, Piscinas, Parques, Jardins E Congêneres.;t_t;1.2407.00.00;t_t;Serviços de proteção ambiental não classificados em posições anteriores;t_t;020201;t_t;local do imóvel;t_t;200045;t_t;Operações relacionadas a projetos de reabilitação urbana de zonas históricas e de áreas críticas de recuperação e reconversão urbanística;)_g
(;07.11;t_t;Decoração E Jardinagem, Inclusive Corte E Poda De Árvores.;t_t;1.1409.11.00;t_t;Serviços de design de interiores para espaços comerciais e públicos;t_t;100301;t_t;Domicílio principal do adquirente;t_t;000001;t_t;Situações tributadas integralmente pelo IBS e CBS.;)_g
(;07.11;t_t;Decoração E Jardinagem, Inclusive Corte E Poda De Árvores.;t_t;1.1409.12.00;t_t;Serviços de design de interiores para espaços residenciais ;t_t;100301;t_t;Domicílio principal do adquirente;t_t;000001;t_t;Situações tributadas integralmente pelo IBS e CBS.;)_g
(;07.11;t_t;Decoração E Jardinagem, Inclusive Corte E Poda De Árvores.;t_t;1.1806.70.00;t_t;Serviços de jardinagem  ;t_t;100301;t_t;Domicílio principal do adquirente;t_t;000001;t_t;Situações tributadas integralmente pelo IBS e CBS.;)_g
(;07.12;t_t;Controle E Tratamento De Efluentes De Qualquer Natureza E De Agentes Físicos, Químicos E Biológicos.;t_t;1.2404.21.00;t_t;Serviços de tratamento de resíduos perigosos;t_t;100301;t_t;Domicílio principal do adquirente;t_t;000001;t_t;Situações tributadas integralmente pelo IBS e CBS.;)_g
(;07.12;t_t;Controle E Tratamento De Efluentes De Qualquer Natureza E De Agentes Físicos, Químicos E Biológicos.;t_t;1.2404.22.00;t_t;Serviços de eliminação de resíduos perigosos;t_t;100301;t_t;Domicílio principal do adquirente;t_t;000001;t_t;Situações tributadas integralmente pelo IBS e CBS.;)_g
(;07.12;t_t;Controle E Tratamento De Efluentes De Qualquer Natureza E De Agentes Físicos, Químicos E Biológicos.;t_t;1.2404.31.00;t_t;Serviços de tratamento e eliminação de resíduos não perigosos em aterros sanitários;t_t;100301;t_t;Domicílio principal do adquirente;t_t;000001;t_t;Situações tributadas integralmente pelo IBS e CBS.;)_g
(;07.12;t_t;Controle E Tratamento De Efluentes De Qualquer Natureza E De Agentes Físicos, Químicos E Biológicos.;t_t;1.2404.32.00;t_t;Serviços de tratamento e eliminação de resíduos não perigosos em aterros, exceto os sanitários;t_t;100301;t_t;Domicílio principal do adquirente;t_t;000001;t_t;Situações tributadas integralmente pelo IBS e CBS.;)_g
(;07.12;t_t;Controle E Tratamento De Efluentes De Qualquer Natureza E De Agentes Físicos, Químicos E Biológicos.;t_t;1.2404.39.00;t_t;Serviços de tratamento e eliminação de resíduos não perigosos não classificados em subposições anteriores;t_t;100301;t_t;Domicílio principal do adquirente;t_t;000001;t_t;Situações tributadas integralmente pelo IBS e CBS.;)_g
(;07.12;t_t;Controle E Tratamento De Efluentes De Qualquer Natureza E De Agentes Físicos, Químicos E Biológicos.;t_t;1.2405.11.00;t_t;Serviços de remediação e limpeza do ar ;t_t;100301;t_t;Domicílio principal do adquirente;t_t;000001;t_t;Situações tributadas integralmente pelo IBS e CBS.;)_g
(;07.12;t_t;Controle E Tratamento De Efluentes De Qualquer Natureza E De Agentes Físicos, Químicos E Biológicos.;t_t;1.2405.12.00;t_t;Serviços de remediação e limpeza de águas de superfície ;t_t;100301;t_t;Domicílio principal do adquirente;t_t;000001;t_t;Situações tributadas integralmente pelo IBS e CBS.;)_g
(;07.12;t_t;Controle E Tratamento De Efluentes De Qualquer Natureza E De Agentes Físicos, Químicos E Biológicos.;t_t;1.2405.13.00;t_t;Serviços de remediação e limpeza do solo e de águas subterrâneas ;t_t;100301;t_t;Domicílio principal do adquirente;t_t;000001;t_t;Situações tributadas integralmente pelo IBS e CBS.;)_g
(;07.12;t_t;Controle E Tratamento De Efluentes De Qualquer Natureza E De Agentes Físicos, Químicos E Biológicos.;t_t;1.2405.20.00;t_t;Serviços de contenção, controle e monitoramento de áreas contaminadas;t_t;100301;t_t;Domicílio principal do adquirente;t_t;000001;t_t;Situações tributadas integralmente pelo IBS e CBS.;)_g
(;07.12;t_t;Controle E Tratamento De Efluentes De Qualquer Natureza E De Agentes Físicos, Químicos E Biológicos.;t_t;1.2405.90.00;t_t;Serviços de remediação não classificados em subposições anteriores;t_t;100301;t_t;Domicílio principal do adquirente;t_t;000001;t_t;Situações tributadas integralmente pelo IBS e CBS.;)_g
(;07.13;t_t;Dedetização, Desinfecção, Desinsetização, Imunização, Higienização, Desratização, Pulverização E Congêneres.;t_t;1.1803.21.00;t_t;Serviços de desinfecção e extermínio de pragas ;t_t;020201;t_t;local do imóvel;t_t;000001;t_t;Situações tributadas integralmente pelo IBS e CBS.;)_g
(;07.13;t_t;Dedetização, Desinfecção, Desinsetização, Imunização, Higienização, Desratização, Pulverização E Congêneres.;t_t;1.1803.21.00;t_t;Serviços de desinfecção e extermínio de pragas ;t_t;020201;t_t;local do imóvel;t_t;200038;t_t;Fornecimento dos insumos agropecuários e aquícolas (Anexo IX);)_g
(;07.16;t_t;Florestamento, Reflorestamento, Semeadura, Adubação, Reparação De Solo, Plantio, Silagem, Colheita, Corte E Descascamento De Árvores, Silvicultura, Exploração Florestal E Dos Serviços Congêneres Indissociáveis Da Formação, Manutenção E Colheita De Florestas, Para Quaisquer Fins E Por Quaisquer Meios. (Redação Dada Pela Lei Complementar Nº 157, De 2016);t_t;1.1105.41.00;t_t;Exploração de recursos vegetais, inclusive florestais;t_t;020201;t_t;local do imóvel;t_t;000001;t_t;Situações tributadas integralmente pelo IBS e CBS.;)_g
(;07.16;t_t;Florestamento, Reflorestamento, Semeadura, Adubação, Reparação De Solo, Plantio, Silagem, Colheita, Corte E Descascamento De Árvores, Silvicultura, Exploração Florestal E Dos Serviços Congêneres Indissociáveis Da Formação, Manutenção E Colheita De Florestas, Para Quaisquer Fins E Por Quaisquer Meios. (Redação Dada Pela Lei Complementar Nº 157, De 2016);t_t;1.1901.10.00;t_t;Serviços de apoio à agricultura;t_t;020201;t_t;local do imóvel;t_t;200038;t_t;Fornecimento dos insumos agropecuários e aquícolas (Anexo IX);)_g
(;07.16;t_t;Florestamento, Reflorestamento, Semeadura, Adubação, Reparação De Solo, Plantio, Silagem, Colheita, Corte E Descascamento De Árvores, Silvicultura, Exploração Florestal E Dos Serviços Congêneres Indissociáveis Da Formação, Manutenção E Colheita De Florestas, Para Quaisquer Fins E Por Quaisquer Meios. (Redação Dada Pela Lei Complementar Nº 157, De 2016);t_t;1.1901.10.00;t_t;Serviços de apoio à agricultura;t_t;100301;t_t;Domicílio principal do adquirente;t_t;000001;t_t;Situações tributadas integralmente pelo IBS e CBS.;)_g
(;07.16;t_t;Florestamento, Reflorestamento, Semeadura, Adubação, Reparação De Solo, Plantio, Silagem, Colheita, Corte E Descascamento De Árvores, Silvicultura, Exploração Florestal E Dos Serviços Congêneres Indissociáveis Da Formação, Manutenção E Colheita De Florestas, Para Quaisquer Fins E Por Quaisquer Meios. (Redação Dada Pela Lei Complementar Nº 157, De 2016);t_t;1.1901.30.00;t_t;Serviços de apoio à produção florestal (silvicultura);t_t;020201;t_t;local do imóvel;t_t;000001;t_t;Situações tributadas integralmente pelo IBS e CBS.;)_g
(;07.16;t_t;Florestamento, Reflorestamento, Semeadura, Adubação, Reparação De Solo, Plantio, Silagem, Colheita, Corte E Descascamento De Árvores, Silvicultura, Exploração Florestal E Dos Serviços Congêneres Indissociáveis Da Formação, Manutenção E Colheita De Florestas, Para Quaisquer Fins E Por Quaisquer Meios. (Redação Dada Pela Lei Complementar Nº 157, De 2016);t_t;1.0602.31.00;t_t;Serviços de armazenagem de granéis sólidos ;t_t;050101;t_t;local da prestação;t_t;000001;t_t;Situações tributadas integralmente pelo IBS e CBS.;)_g
(;07.16;t_t;Florestamento, Reflorestamento, Semeadura, Adubação, Reparação De Solo, Plantio, Silagem, Colheita, Corte E Descascamento De Árvores, Silvicultura, Exploração Florestal E Dos Serviços Congêneres Indissociáveis Da Formação, Manutenção E Colheita De Florestas, Para Quaisquer Fins E Por Quaisquer Meios. (Redação Dada Pela Lei Complementar Nº 157, De 2016);t_t;1.0602.31.00;t_t;Serviços de armazenagem de granéis sólidos ;t_t;050102;t_t;local da prestação;t_t;000001;t_t;Situações tributadas integralmente pelo IBS e CBS.;)_g
(;07.16;t_t;Florestamento, Reflorestamento, Semeadura, Adubação, Reparação De Solo, Plantio, Silagem, Colheita, Corte E Descascamento De Árvores, Silvicultura, Exploração Florestal E Dos Serviços Congêneres Indissociáveis Da Formação, Manutenção E Colheita De Florestas, Para Quaisquer Fins E Por Quaisquer Meios. (Redação Dada Pela Lei Complementar Nº 157, De 2016);t_t;1.0602.31.00;t_t;Serviços de armazenagem de granéis sólidos ;t_t;050103;t_t;local da prestação;t_t;000001;t_t;Situações tributadas integralmente pelo IBS e CBS.;)_g
(;07.16;t_t;Florestamento, Reflorestamento, Semeadura, Adubação, Reparação De Solo, Plantio, Silagem, Colheita, Corte E Descascamento De Árvores, Silvicultura, Exploração Florestal E Dos Serviços Congêneres Indissociáveis Da Formação, Manutenção E Colheita De Florestas, Para Quaisquer Fins E Por Quaisquer Meios. (Redação Dada Pela Lei Complementar Nº 157, De 2016);t_t;1.0602.31.00;t_t;Serviços de armazenagem de granéis sólidos ;t_t;050104;t_t;local da prestação;t_t;000001;t_t;Situações tributadas integralmente pelo IBS e CBS.;)_g
(;07.16;t_t;Florestamento, Reflorestamento, Semeadura, Adubação, Reparação De Solo, Plantio, Silagem, Colheita, Corte E Descascamento De Árvores, Silvicultura, Exploração Florestal E Dos Serviços Congêneres Indissociáveis Da Formação, Manutenção E Colheita De Florestas, Para Quaisquer Fins E Por Quaisquer Meios. (Redação Dada Pela Lei Complementar Nº 157, De 2016);t_t;1.0602.31.00;t_t;Serviços de armazenagem de granéis sólidos ;t_t;020201;t_t;local do imóvel;t_t;200037;t_t;Fornecimento de serviços ambientais de conservação ou recuperação da vegetação nativa;)_g
(;07.17;t_t;Escoramento, Contenção De Encostas E Serviços Congêneres.;t_t;1.0105.11.00;t_t;Serviços de estaqueamento;t_t;020201;t_t;local do imóvel;t_t;200046;t_t;Operações com bens imóveis;)_g
(;07.17;t_t;Escoramento, Contenção De Encostas E Serviços Congêneres.;t_t;1.0105.11.00;t_t;Serviços de estaqueamento;t_t;020201;t_t;local do imóvel;t_t;200045;t_t;Operações relacionadas a projetos de reabilitação urbana de zonas históricas e de áreas críticas de recuperação e reconversão urbanística;)_g
(;07.18;t_t;Limpeza E Dragagem De Rios, Portos, Canais, Baías, Lagos, Lagoas, Represas, Açudes E Congêneres.;t_t;1.2406.90.00;t_t;Serviços de limpeza urbana e similares não classificados em subposições anteriores;t_t;020201;t_t;local do imóvel;t_t;000001;t_t;Situações tributadas integralmente pelo IBS e CBS.;)_g
(;07.18;t_t;Limpeza E Dragagem De Rios, Portos, Canais, Baías, Lagos, Lagoas, Represas, Açudes E Congêneres.;t_t;1.2406.90.00;t_t;Serviços de limpeza urbana e similares não classificados em subposições anteriores;t_t;020201;t_t;local do imóvel;t_t;200045;t_t;Operações relacionadas a projetos de reabilitação urbana de zonas históricas e de áreas críticas de recuperação e reconversão urbanística;)_g
(;07.19;t_t;Acompanhamento E Fiscalização Da Execução De Obras De Engenharia, Arquitetura E Urbanismo.;t_t;1.1402.15.00;t_t;Serviços de arquitetura relativos ao acompanhamento e fiscalização da execução de projetos arquitetônicos e urbanísticos;t_t;020201;t_t;local do imóvel;t_t;200052;t_t;Prestação de serviços de profissões intelectuais;)_g
(;07.19;t_t;Acompanhamento E Fiscalização Da Execução De Obras De Engenharia, Arquitetura E Urbanismo.;t_t;1.1402.15.00;t_t;Serviços de arquitetura relativos ao acompanhamento e fiscalização da execução de projetos arquitetônicos e urbanísticos;t_t;020201;t_t;local do imóvel;t_t;200045;t_t;Operações relacionadas a projetos de reabilitação urbana de zonas históricas e de áreas críticas de recuperação e reconversão urbanística;)_g
(;07.19;t_t;Acompanhamento E Fiscalização Da Execução De Obras De Engenharia, Arquitetura E Urbanismo.;t_t;1.1403.21.10;t_t;Serviços de engenharia para projetos de construção residencial;t_t;020201;t_t;local do imóvel;t_t;200052;t_t;Prestação de serviços de profissões intelectuais;)_g
(;07.19;t_t;Acompanhamento E Fiscalização Da Execução De Obras De Engenharia, Arquitetura E Urbanismo.;t_t;1.1403.21.10;t_t;Serviços de engenharia para projetos de construção residencial;t_t;020201;t_t;local do imóvel;t_t;200045;t_t;Operações relacionadas a projetos de reabilitação urbana de zonas históricas e de áreas críticas de recuperação e reconversão urbanística;)_g
(;07.19;t_t;Acompanhamento E Fiscalização Da Execução De Obras De Engenharia, Arquitetura E Urbanismo.;t_t;1.1403.21.20;t_t;Serviços de engenharia para projetos de construção não residencial;t_t;020201;t_t;local do imóvel;t_t;200052;t_t;Prestação de serviços de profissões intelectuais;)_g
(;07.19;t_t;Acompanhamento E Fiscalização Da Execução De Obras De Engenharia, Arquitetura E Urbanismo.;t_t;1.1403.21.20;t_t;Serviços de engenharia para projetos de construção não residencial;t_t;020201;t_t;local do imóvel;t_t;200045;t_t;Operações relacionadas a projetos de reabilitação urbana de zonas históricas e de áreas críticas de recuperação e reconversão urbanística;)_g
(;07.19;t_t;Acompanhamento E Fiscalização Da Execução De Obras De Engenharia, Arquitetura E Urbanismo.;t_t;1.1403.30.00;t_t;Serviços de gerenciamento de projetos de construção ;t_t;020201;t_t;local do imóvel;t_t;200052;t_t;Prestação de serviços de profissões intelectuais;)_g
(;07.19;t_t;Acompanhamento E Fiscalização Da Execução De Obras De Engenharia, Arquitetura E Urbanismo.;t_t;1.1403.30.00;t_t;Serviços de gerenciamento de projetos de construção ;t_t;020201;t_t;local do imóvel;t_t;200045;t_t;Operações relacionadas a projetos de reabilitação urbana de zonas históricas e de áreas críticas de recuperação e reconversão urbanística;)_g
(;07.20;t_t;Aerofotogrametria (Inclusive Interpretação), Cartografia, Mapeamento, Levantamentos Topográficos, Batimétricos, Geográficos, Geodésicos, Geológicos, Geofísicos E Congêneres.;t_t;1.1404.21.00;t_t;Serviços topográficos ;t_t;100301;t_t;Domicílio principal do adquirente;t_t;000001;t_t;Situações tributadas integralmente pelo IBS e CBS.;)_g
(;07.20;t_t;Aerofotogrametria (Inclusive Interpretação), Cartografia, Mapeamento, Levantamentos Topográficos, Batimétricos, Geográficos, Geodésicos, Geológicos, Geofísicos E Congêneres.;t_t;1.1404.21.00;t_t;Serviços topográficos ;t_t;100301;t_t;Domicílio principal do adquirente;t_t;200045;t_t;Operações relacionadas a projetos de reabilitação urbana de zonas históricas e de áreas críticas de recuperação e reconversão urbanística;)_g
(;07.20;t_t;Aerofotogrametria (Inclusive Interpretação), Cartografia, Mapeamento, Levantamentos Topográficos, Batimétricos, Geográficos, Geodésicos, Geológicos, Geofísicos E Congêneres.;t_t;1.1404.22.00;t_t;Serviços cartográficos ;t_t;100301;t_t;Domicílio principal do adquirente;t_t;000001;t_t;Situações tributadas integralmente pelo IBS e CBS.;)_g
(;07.20;t_t;Aerofotogrametria (Inclusive Interpretação), Cartografia, Mapeamento, Levantamentos Topográficos, Batimétricos, Geográficos, Geodésicos, Geológicos, Geofísicos E Congêneres.;t_t;1.1404.22.00;t_t;Serviços cartográficos ;t_t;100301;t_t;Domicílio principal do adquirente;t_t;200045;t_t;Operações relacionadas a projetos de reabilitação urbana de zonas históricas e de áreas críticas de recuperação e reconversão urbanística;)_g
(;07.20;t_t;Aerofotogrametria (Inclusive Interpretação), Cartografia, Mapeamento, Levantamentos Topográficos, Batimétricos, Geográficos, Geodésicos, Geológicos, Geofísicos E Congêneres.;t_t;1.1404.19.00;t_t;Serviços geológicos, geofísicos e outros de prospecção não classificados em subposições anteriores;t_t;100301;t_t;Domicílio principal do adquirente;t_t;000001;t_t;Situações tributadas integralmente pelo IBS e CBS.;)_g
(;07.20;t_t;Aerofotogrametria (Inclusive Interpretação), Cartografia, Mapeamento, Levantamentos Topográficos, Batimétricos, Geográficos, Geodésicos, Geológicos, Geofísicos E Congêneres.;t_t;1.1404.19.00;t_t;Serviços geológicos, geofísicos e outros de prospecção não classificados em subposições anteriores;t_t;100301;t_t;Domicílio principal do adquirente;t_t;200045;t_t;Operações relacionadas a projetos de reabilitação urbana de zonas históricas e de áreas críticas de recuperação e reconversão urbanística;)_g
(;07.21;t_t;Pesquisa, Perfuração, Cimentação, Mergulho, Perfilagem, Concretação, Testemunhagem, Pescaria, Estimulação E Outros Serviços Relacionados Com A Exploração E Explotação De Petróleo, Gás Natural E De Outros Recursos Minerais.;t_t;1.1404.19.00;t_t;Serviços geológicos, geofísicos e outros de prospecção não classificados em subposições anteriores;t_t;020201;t_t;local do imóvel;t_t;000001;t_t;Situações tributadas integralmente pelo IBS e CBS.;)_g
(;07.21;t_t;Pesquisa, Perfuração, Cimentação, Mergulho, Perfilagem, Concretação, Testemunhagem, Pescaria, Estimulação E Outros Serviços Relacionados Com A Exploração E Explotação De Petróleo, Gás Natural E De Outros Recursos Minerais.;t_t;1.1902.10.00;t_t;Serviços de apoio à extração de petróleo e gás;t_t;020201;t_t;local do imóvel;t_t;000001;t_t;Situações tributadas integralmente pelo IBS e CBS.;)_g
(;07.21;t_t;Pesquisa, Perfuração, Cimentação, Mergulho, Perfilagem, Concretação, Testemunhagem, Pescaria, Estimulação E Outros Serviços Relacionados Com A Exploração E Explotação De Petróleo, Gás Natural E De Outros Recursos Minerais.;t_t;1.1902.90.00;t_t;Serviços de apoio à mineração não classificados em subposições anteriores;t_t;020201;t_t;local do imóvel;t_t;000001;t_t;Situações tributadas integralmente pelo IBS e CBS.;)_g
(;07.22;t_t;Nucleação E Bombardeamento De Nuvens E Congêneres.;t_t;1.1901.10.00;t_t;Serviços de apoio à agricultura;t_t;100301;t_t;Domicílio principal do adquirente;t_t;000001;t_t;Situações tributadas integralmente pelo IBS e CBS.;)_g
(;08.01;t_t;Ensino Regular Pré-Escolar, Fundamental, Médio E Superior.;t_t;1.2201.11.00;t_t;Serviços de creche ou entidade equivalente;t_t;030101;t_t;local da prestação;t_t;200028;t_t;Fornecimento dos serviços de educação (Anexo II);)_g
(;08.01;t_t;Ensino Regular Pré-Escolar, Fundamental, Médio E Superior.;t_t;1.2201.11.00;t_t;Serviços de creche ou entidade equivalente;t_t;030102;t_t;local da prestação;t_t;200028;t_t;Fornecimento dos serviços de educação (Anexo II);)_g
(;08.01;t_t;Ensino Regular Pré-Escolar, Fundamental, Médio E Superior.;t_t;1.2201.11.00;t_t;Serviços de creche ou entidade equivalente;t_t;030103;t_t;local da prestação;t_t;200028;t_t;Fornecimento dos serviços de educação (Anexo II);)_g
(;08.01;t_t;Ensino Regular Pré-Escolar, Fundamental, Médio E Superior.;t_t;1.2201.11.00;t_t;Serviços de creche ou entidade equivalente;t_t;030104;t_t;local da prestação;t_t;200028;t_t;Fornecimento dos serviços de educação (Anexo II);)_g
(;08.01;t_t;Ensino Regular Pré-Escolar, Fundamental, Médio E Superior.;t_t;1.2201.12.00;t_t;Serviços de pré-escola;t_t;030101;t_t;local da prestação;t_t;200028;t_t;Fornecimento dos serviços de educação (Anexo II);)_g
(;08.01;t_t;Ensino Regular Pré-Escolar, Fundamental, Médio E Superior.;t_t;1.2201.12.00;t_t;Serviços de pré-escola;t_t;030102;t_t;local da prestação;t_t;200028;t_t;Fornecimento dos serviços de educação (Anexo II);)_g
(;08.01;t_t;Ensino Regular Pré-Escolar, Fundamental, Médio E Superior.;t_t;1.2201.12.00;t_t;Serviços de pré-escola;t_t;030103;t_t;local da prestação;t_t;200028;t_t;Fornecimento dos serviços de educação (Anexo II);)_g
(;08.01;t_t;Ensino Regular Pré-Escolar, Fundamental, Médio E Superior.;t_t;1.2201.12.00;t_t;Serviços de pré-escola;t_t;030104;t_t;local da prestação;t_t;200028;t_t;Fornecimento dos serviços de educação (Anexo II);)_g
(;08.01;t_t;Ensino Regular Pré-Escolar, Fundamental, Médio E Superior.;t_t;1.2201.19.00;t_t;Serviços de educação infantil não classificados em subposições anteriores;t_t;030101;t_t;local da prestação;t_t;200028;t_t;Fornecimento dos serviços de educação (Anexo II);)_g
(;08.01;t_t;Ensino Regular Pré-Escolar, Fundamental, Médio E Superior.;t_t;1.2201.19.00;t_t;Serviços de educação infantil não classificados em subposições anteriores;t_t;030102;t_t;local da prestação;t_t;200028;t_t;Fornecimento dos serviços de educação (Anexo II);)_g
(;08.01;t_t;Ensino Regular Pré-Escolar, Fundamental, Médio E Superior.;t_t;1.2201.19.00;t_t;Serviços de educação infantil não classificados em subposições anteriores;t_t;030103;t_t;local da prestação;t_t;200028;t_t;Fornecimento dos serviços de educação (Anexo II);)_g
(;08.01;t_t;Ensino Regular Pré-Escolar, Fundamental, Médio E Superior.;t_t;1.2201.19.00;t_t;Serviços de educação infantil não classificados em subposições anteriores;t_t;030104;t_t;local da prestação;t_t;200028;t_t;Fornecimento dos serviços de educação (Anexo II);)_g
(;08.01;t_t;Ensino Regular Pré-Escolar, Fundamental, Médio E Superior.;t_t;1.2201.20.00;t_t;Serviços de ensino fundamental;t_t;030101;t_t;local da prestação;t_t;200028;t_t;Fornecimento dos serviços de educação (Anexo II);)_g
(;08.01;t_t;Ensino Regular Pré-Escolar, Fundamental, Médio E Superior.;t_t;1.2201.20.00;t_t;Serviços de ensino fundamental;t_t;030102;t_t;local da prestação;t_t;200028;t_t;Fornecimento dos serviços de educação (Anexo II);)_g
(;08.01;t_t;Ensino Regular Pré-Escolar, Fundamental, Médio E Superior.;t_t;1.2201.20.00;t_t;Serviços de ensino fundamental;t_t;030103;t_t;local da prestação;t_t;200028;t_t;Fornecimento dos serviços de educação (Anexo II);)_g
(;08.01;t_t;Ensino Regular Pré-Escolar, Fundamental, Médio E Superior.;t_t;1.2201.20.00;t_t;Serviços de ensino fundamental;t_t;030104;t_t;local da prestação;t_t;200028;t_t;Fornecimento dos serviços de educação (Anexo II);)_g
(;08.01;t_t;Ensino Regular Pré-Escolar, Fundamental, Médio E Superior.;t_t;1.2201.30.00;t_t;Serviços de ensino médio;t_t;030101;t_t;local da prestação;t_t;200028;t_t;Fornecimento dos serviços de educação (Anexo II);)_g
(;08.01;t_t;Ensino Regular Pré-Escolar, Fundamental, Médio E Superior.;t_t;1.2201.30.00;t_t;Serviços de ensino médio;t_t;030102;t_t;local da prestação;t_t;200028;t_t;Fornecimento dos serviços de educação (Anexo II);)_g
(;08.01;t_t;Ensino Regular Pré-Escolar, Fundamental, Médio E Superior.;t_t;1.2201.30.00;t_t;Serviços de ensino médio;t_t;030103;t_t;local da prestação;t_t;200028;t_t;Fornecimento dos serviços de educação (Anexo II);)_g
(;08.01;t_t;Ensino Regular Pré-Escolar, Fundamental, Médio E Superior.;t_t;1.2201.30.00;t_t;Serviços de ensino médio;t_t;030104;t_t;local da prestação;t_t;200028;t_t;Fornecimento dos serviços de educação (Anexo II);)_g
(;08.01;t_t;Ensino Regular Pré-Escolar, Fundamental, Médio E Superior.;t_t;1.2202.00.00;t_t;Serviços de educação técnica de nível médio;t_t;030101;t_t;local da prestação;t_t;200028;t_t;Fornecimento dos serviços de educação (Anexo II);)_g
(;08.01;t_t;Ensino Regular Pré-Escolar, Fundamental, Médio E Superior.;t_t;1.2202.00.00;t_t;Serviços de educação técnica de nível médio;t_t;030102;t_t;local da prestação;t_t;200028;t_t;Fornecimento dos serviços de educação (Anexo II);)_g
(;08.01;t_t;Ensino Regular Pré-Escolar, Fundamental, Médio E Superior.;t_t;1.2202.00.00;t_t;Serviços de educação técnica de nível médio;t_t;030103;t_t;local da prestação;t_t;200028;t_t;Fornecimento dos serviços de educação (Anexo II);)_g
(;08.01;t_t;Ensino Regular Pré-Escolar, Fundamental, Médio E Superior.;t_t;1.2202.00.00;t_t;Serviços de educação técnica de nível médio;t_t;030104;t_t;local da prestação;t_t;200028;t_t;Fornecimento dos serviços de educação (Anexo II);)_g
(;08.01;t_t;Ensino Regular Pré-Escolar, Fundamental, Médio E Superior.;t_t;1.2202.00.00;t_t;Serviços de educação técnica de nível médio;t_t;100301;t_t;Domicílio principal do adquirente;t_t;200028;t_t;Fornecimento dos serviços de educação (Anexo II);)_g
(;08.01;t_t;Ensino Regular Pré-Escolar, Fundamental, Médio E Superior.;t_t;1.2203.10.00;t_t;Serviços de ensino fundamental de jovens e adultos;t_t;030101;t_t;local da prestação;t_t;200028;t_t;Fornecimento dos serviços de educação (Anexo II);)_g
(;08.01;t_t;Ensino Regular Pré-Escolar, Fundamental, Médio E Superior.;t_t;1.2203.10.00;t_t;Serviços de ensino fundamental de jovens e adultos;t_t;030102;t_t;local da prestação;t_t;200028;t_t;Fornecimento dos serviços de educação (Anexo II);)_g
(;08.01;t_t;Ensino Regular Pré-Escolar, Fundamental, Médio E Superior.;t_t;1.2203.10.00;t_t;Serviços de ensino fundamental de jovens e adultos;t_t;030103;t_t;local da prestação;t_t;200028;t_t;Fornecimento dos serviços de educação (Anexo II);)_g
(;08.01;t_t;Ensino Regular Pré-Escolar, Fundamental, Médio E Superior.;t_t;1.2203.10.00;t_t;Serviços de ensino fundamental de jovens e adultos;t_t;030104;t_t;local da prestação;t_t;200028;t_t;Fornecimento dos serviços de educação (Anexo II);)_g
(;08.01;t_t;Ensino Regular Pré-Escolar, Fundamental, Médio E Superior.;t_t;1.2203.10.00;t_t;Serviços de ensino fundamental de jovens e adultos;t_t;100301;t_t;Domicílio principal do adquirente;t_t;200028;t_t;Fornecimento dos serviços de educação (Anexo II);)_g
(;08.01;t_t;Ensino Regular Pré-Escolar, Fundamental, Médio E Superior.;t_t;1.2203.20.00;t_t;Serviços de ensino médio de jovens e adultos;t_t;030101;t_t;local da prestação;t_t;200028;t_t;Fornecimento dos serviços de educação (Anexo II);)_g
(;08.01;t_t;Ensino Regular Pré-Escolar, Fundamental, Médio E Superior.;t_t;1.2203.20.00;t_t;Serviços de ensino médio de jovens e adultos;t_t;030102;t_t;local da prestação;t_t;200028;t_t;Fornecimento dos serviços de educação (Anexo II);)_g
(;08.01;t_t;Ensino Regular Pré-Escolar, Fundamental, Médio E Superior.;t_t;1.2203.20.00;t_t;Serviços de ensino médio de jovens e adultos;t_t;030103;t_t;local da prestação;t_t;200028;t_t;Fornecimento dos serviços de educação (Anexo II);)_g
(;08.01;t_t;Ensino Regular Pré-Escolar, Fundamental, Médio E Superior.;t_t;1.2203.20.00;t_t;Serviços de ensino médio de jovens e adultos;t_t;030104;t_t;local da prestação;t_t;200028;t_t;Fornecimento dos serviços de educação (Anexo II);)_g
(;08.01;t_t;Ensino Regular Pré-Escolar, Fundamental, Médio E Superior.;t_t;1.2203.20.00;t_t;Serviços de ensino médio de jovens e adultos;t_t;100301;t_t;Domicílio principal do adquirente;t_t;200028;t_t;Fornecimento dos serviços de educação (Anexo II);)_g
(;08.01;t_t;Ensino Regular Pré-Escolar, Fundamental, Médio E Superior.;t_t;1.2204.10.00;t_t;Serviços educacionais de graduação;t_t;030101;t_t;local da prestação;t_t;200028;t_t;Fornecimento dos serviços de educação (Anexo II);)_g
(;08.01;t_t;Ensino Regular Pré-Escolar, Fundamental, Médio E Superior.;t_t;1.2204.10.00;t_t;Serviços educacionais de graduação;t_t;030102;t_t;local da prestação;t_t;200028;t_t;Fornecimento dos serviços de educação (Anexo II);)_g
(;08.01;t_t;Ensino Regular Pré-Escolar, Fundamental, Médio E Superior.;t_t;1.2204.10.00;t_t;Serviços educacionais de graduação;t_t;030103;t_t;local da prestação;t_t;200028;t_t;Fornecimento dos serviços de educação (Anexo II);)_g
(;08.01;t_t;Ensino Regular Pré-Escolar, Fundamental, Médio E Superior.;t_t;1.2204.10.00;t_t;Serviços educacionais de graduação;t_t;030104;t_t;local da prestação;t_t;200028;t_t;Fornecimento dos serviços de educação (Anexo II);)_g
(;08.01;t_t;Ensino Regular Pré-Escolar, Fundamental, Médio E Superior.;t_t;1.2204.10.00;t_t;Serviços educacionais de graduação;t_t;100301;t_t;Domicílio principal do adquirente;t_t;200028;t_t;Fornecimento dos serviços de educação (Anexo II);)_g
(;08.01;t_t;Ensino Regular Pré-Escolar, Fundamental, Médio E Superior.;t_t;1.2204.10.00;t_t;Serviços educacionais de graduação;t_t;100301;t_t;Domicílio principal do adquirente;t_t;200025;t_t;Fornecimento dos serviços de educação relacionados ao Programa Universidade para Todos (Prouni);)_g
(;08.01;t_t;Ensino Regular Pré-Escolar, Fundamental, Médio E Superior.;t_t;1.2204.10.00;t_t;Serviços educacionais de graduação;t_t;030101;t_t;local da prestação;t_t;200025;t_t;Fornecimento dos serviços de educação relacionados ao Programa Universidade para Todos (Prouni);)_g
(;08.01;t_t;Ensino Regular Pré-Escolar, Fundamental, Médio E Superior.;t_t;1.2204.10.00;t_t;Serviços educacionais de graduação;t_t;030102;t_t;local da prestação;t_t;200025;t_t;Fornecimento dos serviços de educação relacionados ao Programa Universidade para Todos (Prouni);)_g
(;08.01;t_t;Ensino Regular Pré-Escolar, Fundamental, Médio E Superior.;t_t;1.2204.10.00;t_t;Serviços educacionais de graduação;t_t;030103;t_t;local da prestação;t_t;200025;t_t;Fornecimento dos serviços de educação relacionados ao Programa Universidade para Todos (Prouni);)_g
(;08.01;t_t;Ensino Regular Pré-Escolar, Fundamental, Médio E Superior.;t_t;1.2204.10.00;t_t;Serviços educacionais de graduação;t_t;030104;t_t;local da prestação;t_t;200025;t_t;Fornecimento dos serviços de educação relacionados ao Programa Universidade para Todos (Prouni);)_g
(;08.01;t_t;Ensino Regular Pré-Escolar, Fundamental, Médio E Superior.;t_t;1.2204.20.00;t_t;Serviços educacionais de pós-graduação;t_t;030101;t_t;local da prestação;t_t;200028;t_t;Fornecimento dos serviços de educação (Anexo II);)_g
(;08.01;t_t;Ensino Regular Pré-Escolar, Fundamental, Médio E Superior.;t_t;1.2204.20.00;t_t;Serviços educacionais de pós-graduação;t_t;030102;t_t;local da prestação;t_t;200028;t_t;Fornecimento dos serviços de educação (Anexo II);)_g
(;08.01;t_t;Ensino Regular Pré-Escolar, Fundamental, Médio E Superior.;t_t;1.2204.20.00;t_t;Serviços educacionais de pós-graduação;t_t;030103;t_t;local da prestação;t_t;200028;t_t;Fornecimento dos serviços de educação (Anexo II);)_g
(;08.01;t_t;Ensino Regular Pré-Escolar, Fundamental, Médio E Superior.;t_t;1.2204.20.00;t_t;Serviços educacionais de pós-graduação;t_t;030104;t_t;local da prestação;t_t;200028;t_t;Fornecimento dos serviços de educação (Anexo II);)_g
(;08.01;t_t;Ensino Regular Pré-Escolar, Fundamental, Médio E Superior.;t_t;1.2204.20.00;t_t;Serviços educacionais de pós-graduação;t_t;100301;t_t;Domicílio principal do adquirente;t_t;200028;t_t;Fornecimento dos serviços de educação (Anexo II);)_g
(;08.01;t_t;Ensino Regular Pré-Escolar, Fundamental, Médio E Superior.;t_t;1.2204.30.00;t_t;Serviços educacionais de extensão;t_t;030101;t_t;local da prestação;t_t;200028;t_t;Fornecimento dos serviços de educação (Anexo II);)_g
(;08.01;t_t;Ensino Regular Pré-Escolar, Fundamental, Médio E Superior.;t_t;1.2204.30.00;t_t;Serviços educacionais de extensão;t_t;030102;t_t;local da prestação;t_t;200028;t_t;Fornecimento dos serviços de educação (Anexo II);)_g
(;08.01;t_t;Ensino Regular Pré-Escolar, Fundamental, Médio E Superior.;t_t;1.2204.30.00;t_t;Serviços educacionais de extensão;t_t;030103;t_t;local da prestação;t_t;200028;t_t;Fornecimento dos serviços de educação (Anexo II);)_g
(;08.01;t_t;Ensino Regular Pré-Escolar, Fundamental, Médio E Superior.;t_t;1.2204.30.00;t_t;Serviços educacionais de extensão;t_t;030104;t_t;local da prestação;t_t;200028;t_t;Fornecimento dos serviços de educação (Anexo II);)_g
(;08.01;t_t;Ensino Regular Pré-Escolar, Fundamental, Médio E Superior.;t_t;1.2204.30.00;t_t;Serviços educacionais de extensão;t_t;100301;t_t;Domicílio principal do adquirente;t_t;200028;t_t;Fornecimento dos serviços de educação (Anexo II);)_g
(;08.01;t_t;Ensino Regular Pré-Escolar, Fundamental, Médio E Superior.;t_t;1.2204.40.00;t_t;Serviços educacionais de cursos sequenciais;t_t;030101;t_t;local da prestação;t_t;200028;t_t;Fornecimento dos serviços de educação (Anexo II);)_g
(;08.01;t_t;Ensino Regular Pré-Escolar, Fundamental, Médio E Superior.;t_t;1.2204.40.00;t_t;Serviços educacionais de cursos sequenciais;t_t;030102;t_t;local da prestação;t_t;200028;t_t;Fornecimento dos serviços de educação (Anexo II);)_g
(;08.01;t_t;Ensino Regular Pré-Escolar, Fundamental, Médio E Superior.;t_t;1.2204.40.00;t_t;Serviços educacionais de cursos sequenciais;t_t;030103;t_t;local da prestação;t_t;200028;t_t;Fornecimento dos serviços de educação (Anexo II);)_g
(;08.01;t_t;Ensino Regular Pré-Escolar, Fundamental, Médio E Superior.;t_t;1.2204.40.00;t_t;Serviços educacionais de cursos sequenciais;t_t;030104;t_t;local da prestação;t_t;200028;t_t;Fornecimento dos serviços de educação (Anexo II);)_g
(;08.01;t_t;Ensino Regular Pré-Escolar, Fundamental, Médio E Superior.;t_t;1.2204.40.00;t_t;Serviços educacionais de cursos sequenciais;t_t;100301;t_t;Domicílio principal do adquirente;t_t;200028;t_t;Fornecimento dos serviços de educação (Anexo II);)_g
(;08.01;t_t;Ensino Regular Pré-Escolar, Fundamental, Médio E Superior.;t_t;1.2204.40.00;t_t;Serviços educacionais de cursos sequenciais;t_t;100301;t_t;Domicílio principal do adquirente;t_t;200025;t_t;Fornecimento dos serviços de educação relacionados ao Programa Universidade para Todos (Prouni);)_g
(;08.01;t_t;Ensino Regular Pré-Escolar, Fundamental, Médio E Superior.;t_t;1.2204.40.00;t_t;Serviços educacionais de cursos sequenciais;t_t;030101;t_t;local da prestação;t_t;200025;t_t;Fornecimento dos serviços de educação relacionados ao Programa Universidade para Todos (Prouni);)_g
(;08.01;t_t;Ensino Regular Pré-Escolar, Fundamental, Médio E Superior.;t_t;1.2204.40.00;t_t;Serviços educacionais de cursos sequenciais;t_t;030102;t_t;local da prestação;t_t;200025;t_t;Fornecimento dos serviços de educação relacionados ao Programa Universidade para Todos (Prouni);)_g
(;08.01;t_t;Ensino Regular Pré-Escolar, Fundamental, Médio E Superior.;t_t;1.2204.40.00;t_t;Serviços educacionais de cursos sequenciais;t_t;030103;t_t;local da prestação;t_t;200025;t_t;Fornecimento dos serviços de educação relacionados ao Programa Universidade para Todos (Prouni);)_g
(;08.01;t_t;Ensino Regular Pré-Escolar, Fundamental, Médio E Superior.;t_t;1.2204.40.00;t_t;Serviços educacionais de cursos sequenciais;t_t;030104;t_t;local da prestação;t_t;200025;t_t;Fornecimento dos serviços de educação relacionados ao Programa Universidade para Todos (Prouni);)_g
(;08.02;t_t;Instrução, Treinamento, Orientação Pedagógica E Educacional, Avaliação De Conhecimentos De Qualquer Natureza.;t_t;1.2205.11.00;t_t;Serviços de educação com enfoque cultural ;t_t;030101;t_t;local da prestação;t_t;000001;t_t;Situações tributadas integralmente pelo IBS e CBS.;)_g
(;08.02;t_t;Instrução, Treinamento, Orientação Pedagógica E Educacional, Avaliação De Conhecimentos De Qualquer Natureza.;t_t;1.2205.11.00;t_t;Serviços de educação com enfoque cultural ;t_t;030102;t_t;local da prestação;t_t;000001;t_t;Situações tributadas integralmente pelo IBS e CBS.;)_g
(;08.02;t_t;Instrução, Treinamento, Orientação Pedagógica E Educacional, Avaliação De Conhecimentos De Qualquer Natureza.;t_t;1.2205.11.00;t_t;Serviços de educação com enfoque cultural ;t_t;030103;t_t;local da prestação;t_t;000001;t_t;Situações tributadas integralmente pelo IBS e CBS.;)_g
(;08.02;t_t;Instrução, Treinamento, Orientação Pedagógica E Educacional, Avaliação De Conhecimentos De Qualquer Natureza.;t_t;1.2205.11.00;t_t;Serviços de educação com enfoque cultural ;t_t;030104;t_t;local da prestação;t_t;000001;t_t;Situações tributadas integralmente pelo IBS e CBS.;)_g
(;08.02;t_t;Instrução, Treinamento, Orientação Pedagógica E Educacional, Avaliação De Conhecimentos De Qualquer Natureza.;t_t;1.2205.11.00;t_t;Serviços de educação com enfoque cultural ;t_t;100301;t_t;Domicílio principal do adquirente;t_t;000001;t_t;Situações tributadas integralmente pelo IBS e CBS.;)_g
(;08.02;t_t;Instrução, Treinamento, Orientação Pedagógica E Educacional, Avaliação De Conhecimentos De Qualquer Natureza.;t_t;1.2205.13.00;t_t;Serviços de educação em línguas estrangeiras e de sinais;t_t;030101;t_t;local da prestação;t_t;200028;t_t;Fornecimento dos serviços de educação (Anexo II);)_g
(;08.02;t_t;Instrução, Treinamento, Orientação Pedagógica E Educacional, Avaliação De Conhecimentos De Qualquer Natureza.;t_t;1.2205.13.00;t_t;Serviços de educação em línguas estrangeiras e de sinais;t_t;030102;t_t;local da prestação;t_t;200028;t_t;Fornecimento dos serviços de educação (Anexo II);)_g
(;08.02;t_t;Instrução, Treinamento, Orientação Pedagógica E Educacional, Avaliação De Conhecimentos De Qualquer Natureza.;t_t;1.2205.13.00;t_t;Serviços de educação em línguas estrangeiras e de sinais;t_t;030103;t_t;local da prestação;t_t;200028;t_t;Fornecimento dos serviços de educação (Anexo II);)_g
(;08.02;t_t;Instrução, Treinamento, Orientação Pedagógica E Educacional, Avaliação De Conhecimentos De Qualquer Natureza.;t_t;1.2205.13.00;t_t;Serviços de educação em línguas estrangeiras e de sinais;t_t;030104;t_t;local da prestação;t_t;200028;t_t;Fornecimento dos serviços de educação (Anexo II);)_g
(;08.02;t_t;Instrução, Treinamento, Orientação Pedagógica E Educacional, Avaliação De Conhecimentos De Qualquer Natureza.;t_t;1.2205.13.00;t_t;Serviços de educação em línguas estrangeiras e de sinais;t_t;100301;t_t;Domicílio principal do adquirente;t_t;200028;t_t;Fornecimento dos serviços de educação (Anexo II);)_g
(;08.02;t_t;Instrução, Treinamento, Orientação Pedagógica E Educacional, Avaliação De Conhecimentos De Qualquer Natureza.;t_t;1.2205.13.00;t_t;Serviços de educação em línguas estrangeiras e de sinais;t_t;030101;t_t;local da prestação;t_t;000001;t_t;Situações tributadas integralmente pelo IBS e CBS.;)_g
(;08.02;t_t;Instrução, Treinamento, Orientação Pedagógica E Educacional, Avaliação De Conhecimentos De Qualquer Natureza.;t_t;1.2205.13.00;t_t;Serviços de educação em línguas estrangeiras e de sinais;t_t;030102;t_t;local da prestação;t_t;000001;t_t;Situações tributadas integralmente pelo IBS e CBS.;)_g
(;08.02;t_t;Instrução, Treinamento, Orientação Pedagógica E Educacional, Avaliação De Conhecimentos De Qualquer Natureza.;t_t;1.2205.13.00;t_t;Serviços de educação em línguas estrangeiras e de sinais;t_t;030103;t_t;local da prestação;t_t;000001;t_t;Situações tributadas integralmente pelo IBS e CBS.;)_g
(;08.02;t_t;Instrução, Treinamento, Orientação Pedagógica E Educacional, Avaliação De Conhecimentos De Qualquer Natureza.;t_t;1.2205.13.00;t_t;Serviços de educação em línguas estrangeiras e de sinais;t_t;030104;t_t;local da prestação;t_t;000001;t_t;Situações tributadas integralmente pelo IBS e CBS.;)_g
(;08.02;t_t;Instrução, Treinamento, Orientação Pedagógica E Educacional, Avaliação De Conhecimentos De Qualquer Natureza.;t_t;1.2205.13.00;t_t;Serviços de educação em línguas estrangeiras e de sinais;t_t;100301;t_t;Domicílio principal do adquirente;t_t;000001;t_t;Situações tributadas integralmente pelo IBS e CBS.;)_g
(;08.02;t_t;Instrução, Treinamento, Orientação Pedagógica E Educacional, Avaliação De Conhecimentos De Qualquer Natureza.;t_t;1.2205.19.00;t_t;Serviços de educação, inclusive treinamento não classificados em subposições anteriores;t_t;030101;t_t;local da prestação;t_t;000001;t_t;Situações tributadas integralmente pelo IBS e CBS.;)_g
(;08.02;t_t;Instrução, Treinamento, Orientação Pedagógica E Educacional, Avaliação De Conhecimentos De Qualquer Natureza.;t_t;1.2205.19.00;t_t;Serviços de educação, inclusive treinamento não classificados em subposições anteriores;t_t;030102;t_t;local da prestação;t_t;000001;t_t;Situações tributadas integralmente pelo IBS e CBS.;)_g
(;08.02;t_t;Instrução, Treinamento, Orientação Pedagógica E Educacional, Avaliação De Conhecimentos De Qualquer Natureza.;t_t;1.2205.19.00;t_t;Serviços de educação, inclusive treinamento não classificados em subposições anteriores;t_t;030103;t_t;local da prestação;t_t;000001;t_t;Situações tributadas integralmente pelo IBS e CBS.;)_g
(;08.02;t_t;Instrução, Treinamento, Orientação Pedagógica E Educacional, Avaliação De Conhecimentos De Qualquer Natureza.;t_t;1.2205.19.00;t_t;Serviços de educação, inclusive treinamento não classificados em subposições anteriores;t_t;030104;t_t;local da prestação;t_t;000001;t_t;Situações tributadas integralmente pelo IBS e CBS.;)_g
(;08.02;t_t;Instrução, Treinamento, Orientação Pedagógica E Educacional, Avaliação De Conhecimentos De Qualquer Natureza.;t_t;1.2205.19.00;t_t;Serviços de educação, inclusive treinamento não classificados em subposições anteriores;t_t;100301;t_t;Domicílio principal do adquirente;t_t;000001;t_t;Situações tributadas integralmente pelo IBS e CBS.;)_g
(;08.02;t_t;Instrução, Treinamento, Orientação Pedagógica E Educacional, Avaliação De Conhecimentos De Qualquer Natureza.;t_t;1.2205.20.00;t_t;Serviços de apoio aos serviços educacionais ;t_t;030101;t_t;local da prestação;t_t;000001;t_t;Situações tributadas integralmente pelo IBS e CBS.;)_g
(;08.02;t_t;Instrução, Treinamento, Orientação Pedagógica E Educacional, Avaliação De Conhecimentos De Qualquer Natureza.;t_t;1.2205.20.00;t_t;Serviços de apoio aos serviços educacionais ;t_t;030102;t_t;local da prestação;t_t;000001;t_t;Situações tributadas integralmente pelo IBS e CBS.;)_g
(;08.02;t_t;Instrução, Treinamento, Orientação Pedagógica E Educacional, Avaliação De Conhecimentos De Qualquer Natureza.;t_t;1.2205.20.00;t_t;Serviços de apoio aos serviços educacionais ;t_t;030103;t_t;local da prestação;t_t;000001;t_t;Situações tributadas integralmente pelo IBS e CBS.;)_g
(;08.02;t_t;Instrução, Treinamento, Orientação Pedagógica E Educacional, Avaliação De Conhecimentos De Qualquer Natureza.;t_t;1.2205.20.00;t_t;Serviços de apoio aos serviços educacionais ;t_t;030104;t_t;local da prestação;t_t;000001;t_t;Situações tributadas integralmente pelo IBS e CBS.;)_g
(;08.02;t_t;Instrução, Treinamento, Orientação Pedagógica E Educacional, Avaliação De Conhecimentos De Qualquer Natureza.;t_t;1.2205.20.00;t_t;Serviços de apoio aos serviços educacionais ;t_t;100301;t_t;Domicílio principal do adquirente;t_t;000001;t_t;Situações tributadas integralmente pelo IBS e CBS.;)_g
(;09.01;t_t;Hospedagem De Qualquer Natureza Em Hotéis, Apart-Service Condominiais, Flat, Apart-Hotéis, Hotéis Residência, Residence-Service, Suite Service, Hotelaria Marítima, Motéis, Pensões E Congêneres; Ocupação Por Temporada Com Fornecimento De Serviço (O Valor Da Alimentação E Gorjeta, Quando Incluído No Preço Da Diária, Fica Sujeito Ao Imposto Sobre Serviços).;t_t;1.0303.11.00;t_t;Serviços de hospedagem em quartos ou unidades de hospedagem para visitantes, com serviços diários de faxina;t_t;030101;t_t;local da prestação;t_t;200048;t_t;Hotelaria, Parques de Diversão e Parques Temáticos;)_g
(;09.01;t_t;Hospedagem De Qualquer Natureza Em Hotéis, Apart-Service Condominiais, Flat, Apart-Hotéis, Hotéis Residência, Residence-Service, Suite Service, Hotelaria Marítima, Motéis, Pensões E Congêneres; Ocupação Por Temporada Com Fornecimento De Serviço (O Valor Da Alimentação E Gorjeta, Quando Incluído No Preço Da Diária, Fica Sujeito Ao Imposto Sobre Serviços).;t_t;1.0303.12.00;t_t;Serviços de hospedagem em quartos ou unidades de hospedagem para visitantes, sem serviços diários de faxina;t_t;030101;t_t;local da prestação;t_t;000001;t_t;Situações tributadas integralmente pelo IBS e CBS.;)_g
(;09.01;t_t;Hospedagem De Qualquer Natureza Em Hotéis, Apart-Service Condominiais, Flat, Apart-Hotéis, Hotéis Residência, Residence-Service, Suite Service, Hotelaria Marítima, Motéis, Pensões E Congêneres; Ocupação Por Temporada Com Fornecimento De Serviço (O Valor Da Alimentação E Gorjeta, Quando Incluído No Preço Da Diária, Fica Sujeito Ao Imposto Sobre Serviços).;t_t;1.0303.13.00;t_t;Serviços de hospedagem em quartos ou unidades de hospedagem para visitantes, em propriedades partilhadas;t_t;030101;t_t;local da prestação;t_t;000001;t_t;Situações tributadas integralmente pelo IBS e CBS.;)_g
(;09.01;t_t;Hospedagem De Qualquer Natureza Em Hotéis, Apart-Service Condominiais, Flat, Apart-Hotéis, Hotéis Residência, Residence-Service, Suite Service, Hotelaria Marítima, Motéis, Pensões E Congêneres; Ocupação Por Temporada Com Fornecimento De Serviço (O Valor Da Alimentação E Gorjeta, Quando Incluído No Preço Da Diária, Fica Sujeito Ao Imposto Sobre Serviços).;t_t;1.0303.14.00;t_t;Serviços de hospedagem em quartos ou unidades de hospedagem para visitantes, em quartos de múltipla ocupação;t_t;030101;t_t;local da prestação;t_t;000001;t_t;Situações tributadas integralmente pelo IBS e CBS.;)_g
(;09.01;t_t;Hospedagem De Qualquer Natureza Em Hotéis, Apart-Service Condominiais, Flat, Apart-Hotéis, Hotéis Residência, Residence-Service, Suite Service, Hotelaria Marítima, Motéis, Pensões E Congêneres; Ocupação Por Temporada Com Fornecimento De Serviço (O Valor Da Alimentação E Gorjeta, Quando Incluído No Preço Da Diária, Fica Sujeito Ao Imposto Sobre Serviços).;t_t;1.0303.20.00;t_t;Serviços de acampamentos turísticos (camping);t_t;030101;t_t;local da prestação;t_t;000001;t_t;Situações tributadas integralmente pelo IBS e CBS.;)_g
(;09.01;t_t;Hospedagem De Qualquer Natureza Em Hotéis, Apart-Service Condominiais, Flat, Apart-Hotéis, Hotéis Residência, Residence-Service, Suite Service, Hotelaria Marítima, Motéis, Pensões E Congêneres; Ocupação Por Temporada Com Fornecimento De Serviço (O Valor Da Alimentação E Gorjeta, Quando Incluído No Preço Da Diária, Fica Sujeito Ao Imposto Sobre Serviços).;t_t;1.0303.90.00;t_t;Serviços de hospedagem para visitantes não classificados em subposições anteriores;t_t;030101;t_t;local da prestação;t_t;000001;t_t;Situações tributadas integralmente pelo IBS e CBS.;)_g
(;09.01;t_t;Hospedagem De Qualquer Natureza Em Hotéis, Apart-Service Condominiais, Flat, Apart-Hotéis, Hotéis Residência, Residence-Service, Suite Service, Hotelaria Marítima, Motéis, Pensões E Congêneres; Ocupação Por Temporada Com Fornecimento De Serviço (O Valor Da Alimentação E Gorjeta, Quando Incluído No Preço Da Diária, Fica Sujeito Ao Imposto Sobre Serviços).;t_t;1.0304.10.00;t_t;Serviços de hospedagem em quartos ou unidades de hospedagem para estudantes em residências estudantis;t_t;030101;t_t;local da prestação;t_t;000001;t_t;Situações tributadas integralmente pelo IBS e CBS.;)_g
(;09.01;t_t;Hospedagem De Qualquer Natureza Em Hotéis, Apart-Service Condominiais, Flat, Apart-Hotéis, Hotéis Residência, Residence-Service, Suite Service, Hotelaria Marítima, Motéis, Pensões E Congêneres; Ocupação Por Temporada Com Fornecimento De Serviço (O Valor Da Alimentação E Gorjeta, Quando Incluído No Preço Da Diária, Fica Sujeito Ao Imposto Sobre Serviços).;t_t;1.0304.20.00;t_t;Serviços de hospedagem em quartos ou unidades de hospedagem para trabalhadores em hotéis ou campos;t_t;030101;t_t;local da prestação;t_t;000001;t_t;Situações tributadas integralmente pelo IBS e CBS.;)_g
(;09.01;t_t;Hospedagem De Qualquer Natureza Em Hotéis, Apart-Service Condominiais, Flat, Apart-Hotéis, Hotéis Residência, Residence-Service, Suite Service, Hotelaria Marítima, Motéis, Pensões E Congêneres; Ocupação Por Temporada Com Fornecimento De Serviço (O Valor Da Alimentação E Gorjeta, Quando Incluído No Preço Da Diária, Fica Sujeito Ao Imposto Sobre Serviços).;t_t;1.0304.90.00;t_t;Serviços de hospedagem, exceto para visitantes não classificados em subposições anteriores;t_t;030101;t_t;local da prestação;t_t;000001;t_t;Situações tributadas integralmente pelo IBS e CBS.;)_g
(;09.02;t_t;Agenciamento, Organização, Promoção, Intermediação E Execução De Programas De Turismo, Passeios, Viagens, Excursões, Hospedagens E Congêneres.;t_t;1.0401.17.10;t_t;Serviços de transporte rodoviário para passeios turísticos (sightseeing);t_t;060101;t_t;local da prestação;t_t;000001;t_t;Situações tributadas integralmente pelo IBS e CBS.;)_g
(;09.02;t_t;Agenciamento, Organização, Promoção, Intermediação E Execução De Programas De Turismo, Passeios, Viagens, Excursões, Hospedagens E Congêneres.;t_t;1.0401.17.20;t_t;Serviços de transporte ferroviário para passeios turísticos (sightseeing);t_t;060101;t_t;local da prestação;t_t;000001;t_t;Situações tributadas integralmente pelo IBS e CBS.;)_g
(;09.02;t_t;Agenciamento, Organização, Promoção, Intermediação E Execução De Programas De Turismo, Passeios, Viagens, Excursões, Hospedagens E Congêneres.;t_t;1.0401.17.90;t_t;Serviços de transporte terrestre para passeios turísticos (sightseeing) não classificados em itens anteriores;t_t;060101;t_t;local da prestação;t_t;000001;t_t;Situações tributadas integralmente pelo IBS e CBS.;)_g
(;09.02;t_t;Agenciamento, Organização, Promoção, Intermediação E Execução De Programas De Turismo, Passeios, Viagens, Excursões, Hospedagens E Congêneres.;t_t;1.0401.23.00;t_t;Serviços de transporte aquaviário para passeios turísticos (sightseeing);t_t;060101;t_t;local da prestação;t_t;000001;t_t;Situações tributadas integralmente pelo IBS e CBS.;)_g
(;09.02;t_t;Agenciamento, Organização, Promoção, Intermediação E Execução De Programas De Turismo, Passeios, Viagens, Excursões, Hospedagens E Congêneres.;t_t;1.0401.43.00;t_t;Serviços de transporte aéreo para passeios turísticos (sightseeing);t_t;060101;t_t;local da prestação;t_t;000001;t_t;Situações tributadas integralmente pelo IBS e CBS.;)_g
(;09.02;t_t;Agenciamento, Organização, Promoção, Intermediação E Execução De Programas De Turismo, Passeios, Viagens, Excursões, Hospedagens E Congêneres.;t_t;1.0402.13.20;t_t;Serviços de fretamento eventual ou turístico, nacional, exceto local;t_t;060101;t_t;local da prestação;t_t;000001;t_t;Situações tributadas integralmente pelo IBS e CBS.;)_g
(;09.02;t_t;Agenciamento, Organização, Promoção, Intermediação E Execução De Programas De Turismo, Passeios, Viagens, Excursões, Hospedagens E Congêneres.;t_t;1.1805.40.00;t_t;Serviços de operadoras de turismo  ;t_t;100301;t_t;Domicílio principal do adquirente;t_t;200051;t_t;Agências de Turismo;)_g
(;09.02;t_t;Agenciamento, Organização, Promoção, Intermediação E Execução De Programas De Turismo, Passeios, Viagens, Excursões, Hospedagens E Congêneres.;t_t;1.1805.11.00;t_t;Serviços de reservas para transporte aéreo de passageiros;t_t;100301;t_t;Domicílio principal do adquirente;t_t;200051;t_t;Agências de Turismo;)_g
(;09.02;t_t;Agenciamento, Organização, Promoção, Intermediação E Execução De Programas De Turismo, Passeios, Viagens, Excursões, Hospedagens E Congêneres.;t_t;1.1805.12.00;t_t;Serviços de reservas para transporte ferroviário de passageiros;t_t;100301;t_t;Domicílio principal do adquirente;t_t;200051;t_t;Agências de Turismo;)_g
(;09.02;t_t;Agenciamento, Organização, Promoção, Intermediação E Execução De Programas De Turismo, Passeios, Viagens, Excursões, Hospedagens E Congêneres.;t_t;1.1805.13.00;t_t;Serviços de reservas para transporte rodoviário de passageiros ;t_t;100301;t_t;Domicílio principal do adquirente;t_t;200051;t_t;Agências de Turismo;)_g
(;09.02;t_t;Agenciamento, Organização, Promoção, Intermediação E Execução De Programas De Turismo, Passeios, Viagens, Excursões, Hospedagens E Congêneres.;t_t;1.1805.14.00;t_t;Serviços de reservas de carros de aluguel;t_t;100301;t_t;Domicílio principal do adquirente;t_t;200051;t_t;Agências de Turismo;)_g
(;09.02;t_t;Agenciamento, Organização, Promoção, Intermediação E Execução De Programas De Turismo, Passeios, Viagens, Excursões, Hospedagens E Congêneres.;t_t;1.1805.19.00;t_t;Serviços de reservas para transporte de passageiros não classificados em subposições anteriores;t_t;100301;t_t;Domicílio principal do adquirente;t_t;200051;t_t;Agências de Turismo;)_g
(;09.02;t_t;Agenciamento, Organização, Promoção, Intermediação E Execução De Programas De Turismo, Passeios, Viagens, Excursões, Hospedagens E Congêneres.;t_t;1.1805.21.00;t_t;Serviços de reservas de hospedagem, exceto em unidades compartilhadas ;t_t;100301;t_t;Domicílio principal do adquirente;t_t;200051;t_t;Agências de Turismo;)_g
(;09.02;t_t;Agenciamento, Organização, Promoção, Intermediação E Execução De Programas De Turismo, Passeios, Viagens, Excursões, Hospedagens E Congêneres.;t_t;1.1805.22.00;t_t;Serviços de reservas e intercâmbio de unidades compartilhadas (time-share)  ;t_t;100301;t_t;Domicílio principal do adquirente;t_t;200051;t_t;Agências de Turismo;)_g
(;09.02;t_t;Agenciamento, Organização, Promoção, Intermediação E Execução De Programas De Turismo, Passeios, Viagens, Excursões, Hospedagens E Congêneres.;t_t;1.1805.23.00;t_t;Serviços de reservas em cruzeiros ;t_t;100301;t_t;Domicílio principal do adquirente;t_t;200051;t_t;Agências de Turismo;)_g
(;09.02;t_t;Agenciamento, Organização, Promoção, Intermediação E Execução De Programas De Turismo, Passeios, Viagens, Excursões, Hospedagens E Congêneres.;t_t;1.1805.24.00;t_t;Serviços de reservas de pacotes turísticos ;t_t;100301;t_t;Domicílio principal do adquirente;t_t;200051;t_t;Agências de Turismo;)_g
(;09.02;t_t;Agenciamento, Organização, Promoção, Intermediação E Execução De Programas De Turismo, Passeios, Viagens, Excursões, Hospedagens E Congêneres.;t_t;1.1805.31.00;t_t;Serviços de reservas para centros de convenções, auditórios e salas de exposições;t_t;100301;t_t;Domicílio principal do adquirente;t_t;000001;t_t;Situações tributadas integralmente pelo IBS e CBS.;)_g
(;09.02;t_t;Agenciamento, Organização, Promoção, Intermediação E Execução De Programas De Turismo, Passeios, Viagens, Excursões, Hospedagens E Congêneres.;t_t;1.1805.32.00;t_t;Serviços de reservas de ingressos para eventos de entretenimento e recreativos  ;t_t;100301;t_t;Domicílio principal do adquirente;t_t;000001;t_t;Situações tributadas integralmente pelo IBS e CBS.;)_g
(;09.02;t_t;Agenciamento, Organização, Promoção, Intermediação E Execução De Programas De Turismo, Passeios, Viagens, Excursões, Hospedagens E Congêneres.;t_t;1.1805.39.00;t_t;Serviços de reservas não classificados em subposições anteriores;t_t;100301;t_t;Domicílio principal do adquirente;t_t;000001;t_t;Situações tributadas integralmente pelo IBS e CBS.;)_g
(;09.02;t_t;Agenciamento, Organização, Promoção, Intermediação E Execução De Programas De Turismo, Passeios, Viagens, Excursões, Hospedagens E Congêneres.;t_t;1.1805.61.00;t_t;Serviços de promoção turística ;t_t;100301;t_t;Domicílio principal do adquirente;t_t;200051;t_t;Agências de Turismo;)_g
(;09.02;t_t;Agenciamento, Organização, Promoção, Intermediação E Execução De Programas De Turismo, Passeios, Viagens, Excursões, Hospedagens E Congêneres.;t_t;1.1805.62.00;t_t;Serviços de informação a visitantes ;t_t;100301;t_t;Domicílio principal do adquirente;t_t;000001;t_t;Situações tributadas integralmente pelo IBS e CBS.;)_g
(;09.03;t_t;Guias De Turismo.;t_t;1.1805.50.00;t_t;Serviços de guias turísticos ;t_t;030101;t_t;local da prestação;t_t;200051;t_t;Agências de Turismo;)_g
(;09.03;t_t;Guias De Turismo.;t_t;1.1805.50.00;t_t;Serviços de guias turísticos ;t_t;030102;t_t;local da prestação;t_t;200051;t_t;Agências de Turismo;)_g
(;09.03;t_t;Guias De Turismo.;t_t;1.1805.50.00;t_t;Serviços de guias turísticos ;t_t;030103;t_t;local da prestação;t_t;200051;t_t;Agências de Turismo;)_g
(;09.03;t_t;Guias De Turismo.;t_t;1.1805.50.00;t_t;Serviços de guias turísticos ;t_t;030104;t_t;local da prestação;t_t;200051;t_t;Agências de Turismo;)_g
(;09.03;t_t;Guias De Turismo.;t_t;1.1805.50.00;t_t;Serviços de guias turísticos ;t_t;100301;t_t;Domicílio principal do adquirente;t_t;200051;t_t;Agências de Turismo;)_g
(;10.01;t_t;Agenciamento, Corretagem Ou Intermediação De Câmbio, De Seguros, De Cartões De Crédito, De Planos De Saúde E De Planos De Previdência Privada.;t_t;1.0906.11.00;t_t;Serviços de agenciamento e corretagem de seguros, resseguros e previdência complementar, exceto de seguros saúde;t_t;100301;t_t;Domicílio principal do adquirente;t_t;000001;t_t;Situações tributadas integralmente pelo IBS e CBS.;)_g
(;10.01;t_t;Agenciamento, Corretagem Ou Intermediação De Câmbio, De Seguros, De Cartões De Crédito, De Planos De Saúde E De Planos De Previdência Privada.;t_t;1.0906.12.00;t_t;Serviços de corretagem de seguros saúde ;t_t;100301;t_t;Domicílio principal do adquirente;t_t;011003;t_t;Intermediação de planos de assistência à saúde;)_g
(;10.01;t_t;Agenciamento, Corretagem Ou Intermediação De Câmbio, De Seguros, De Cartões De Crédito, De Planos De Saúde E De Planos De Previdência Privada.;t_t;1.0910.20.00;t_t;Serviços de corretagem de planos privados de assistência à saúde;t_t;100301;t_t;Domicílio principal do adquirente;t_t;011003;t_t;Intermediação de planos de assistência à saúde;)_g
(;10.01;t_t;Agenciamento, Corretagem Ou Intermediação De Câmbio, De Seguros, De Cartões De Crédito, De Planos De Saúde E De Planos De Previdência Privada.;t_t;1.0905.90.00;t_t;Serviços auxiliares aos serviços financeiros não classificados em subposições anteriores ;t_t;100301;t_t;Domicílio principal do adquirente;t_t;000001;t_t;Situações tributadas integralmente pelo IBS e CBS.;)_g
(;10.02;t_t;Agenciamento, Corretagem Ou Intermediação De Títulos Em Geral, Valores Mobiliários E Contratos Quaisquer.;t_t;1.0607.00.00;t_t;Serviços de agenciamento de transporte de cargas;t_t;100301;t_t;Domicílio principal do adquirente;t_t;000001;t_t;Situações tributadas integralmente pelo IBS e CBS.;)_g
(;10.02;t_t;Agenciamento, Corretagem Ou Intermediação De Títulos Em Geral, Valores Mobiliários E Contratos Quaisquer.;t_t;1.0905.11.00;t_t;Serviços de corretagem de títulos;t_t;100301;t_t;Domicílio principal do adquirente;t_t;000001;t_t;Situações tributadas integralmente pelo IBS e CBS.;)_g
(;10.02;t_t;Agenciamento, Corretagem Ou Intermediação De Títulos Em Geral, Valores Mobiliários E Contratos Quaisquer.;t_t;1.0905.12.00;t_t;Serviços de corretagem de derivativos e commodities;t_t;100301;t_t;Domicílio principal do adquirente;t_t;000001;t_t;Situações tributadas integralmente pelo IBS e CBS.;)_g
(;10.03;t_t;Agenciamento, Corretagem Ou Intermediação De Direitos De Propriedade Industrial, Artística Ou Literária.;t_t;1.2501.40.00;t_t;Serviços de agenciamento para a comercialização de obras audiovisuais;t_t;100301;t_t;Domicílio principal do adquirente;t_t;000001;t_t;Situações tributadas integralmente pelo IBS e CBS.;)_g
(;10.03;t_t;Agenciamento, Corretagem Ou Intermediação De Direitos De Propriedade Industrial, Artística Ou Literária.;t_t;1.0905.11.00;t_t;Serviços de corretagem de títulos;t_t;100301;t_t;Domicílio principal do adquirente;t_t;000001;t_t;Situações tributadas integralmente pelo IBS e CBS.;)_g
(;10.04;t_t;Agenciamento, Corretagem Ou Intermediação De Contratos De Arrendamento Mercantil (Leasing), De Franquia (Franchising) E De Faturização (Factoring).;t_t;1.0905.90.00;t_t;Serviços auxiliares aos serviços financeiros não classificados em subposições anteriores ;t_t;100301;t_t;Domicílio principal do adquirente;t_t;000001;t_t;Situações tributadas integralmente pelo IBS e CBS.;)_g
(;10.05;t_t;Agenciamento, Corretagem Ou Intermediação De Bens Móveis Ou Imóveis, Não Abrangidos Em Outros Itens Ou Subitens, Inclusive Aqueles Realizados No Âmbito De Bolsas De Mercadorias E Futuros, Por Quaisquer Meios.;t_t;1.1001.21.00;t_t;Serviços de intermediação na compra e venda de imóveis residenciais;t_t;020301;t_t;local do imóvel;t_t;200046;t_t;Operações com bens imóveis;)_g
(;10.05;t_t;Agenciamento, Corretagem Ou Intermediação De Bens Móveis Ou Imóveis, Não Abrangidos Em Outros Itens Ou Subitens, Inclusive Aqueles Realizados No Âmbito De Bolsas De Mercadorias E Futuros, Por Quaisquer Meios.;t_t;1.1001.22.00;t_t;Serviços de intermediação na compra e venda de imóveis não residenciais;t_t;020301;t_t;local do imóvel;t_t;200046;t_t;Operações com bens imóveis;)_g
(;10.05;t_t;Agenciamento, Corretagem Ou Intermediação De Bens Móveis Ou Imóveis, Não Abrangidos Em Outros Itens Ou Subitens, Inclusive Aqueles Realizados No Âmbito De Bolsas De Mercadorias E Futuros, Por Quaisquer Meios.;t_t;1.0201.00.00;t_t;Serviços de intermediação na distribuição de mercadorias;t_t;100301;t_t;Domicílio principal do adquirente;t_t;000001;t_t;Situações tributadas integralmente pelo IBS e CBS.;)_g
(;10.05;t_t;Agenciamento, Corretagem Ou Intermediação De Bens Móveis Ou Imóveis, Não Abrangidos Em Outros Itens Ou Subitens, Inclusive Aqueles Realizados No Âmbito De Bolsas De Mercadorias E Futuros, Por Quaisquer Meios.;t_t;1.0205.00.00;t_t;Serviços de intermediação na comercialização de energia elétrica;t_t;100301;t_t;Domicílio principal do adquirente;t_t;000001;t_t;Situações tributadas integralmente pelo IBS e CBS.;)_g
(;10.05;t_t;Agenciamento, Corretagem Ou Intermediação De Bens Móveis Ou Imóveis, Não Abrangidos Em Outros Itens Ou Subitens, Inclusive Aqueles Realizados No Âmbito De Bolsas De Mercadorias E Futuros, Por Quaisquer Meios.;t_t;1.0905.12.00;t_t;Serviços de corretagem de derivativos e commodities;t_t;100301;t_t;Domicílio principal do adquirente;t_t;000001;t_t;Situações tributadas integralmente pelo IBS e CBS.;)_g
(;10.06;t_t;Agenciamento Marítimo.;t_t;1.0502.29.00;t_t;Serviços de transportes aquaviário costeiro de cargas não classificados em subposições anteriores;t_t;100301;t_t;Domicílio principal do adquirente;t_t;000001;t_t;Situações tributadas integralmente pelo IBS e CBS.;)_g
(;10.06;t_t;Agenciamento Marítimo.;t_t;1.0607.00.00;t_t;Serviços de agenciamento de transporte de cargas;t_t;100301;t_t;Domicílio principal do adquirente;t_t;000001;t_t;Situações tributadas integralmente pelo IBS e CBS.;)_g
(;10.07;t_t;Agenciamento De Notícias.;t_t;1.1704.10.00;t_t;Serviços de agências de notícias para jornais e periódicos;t_t;100301;t_t;Domicílio principal do adquirente;t_t;000001;t_t;Situações tributadas integralmente pelo IBS e CBS.;)_g
(;10.07;t_t;Agenciamento De Notícias.;t_t;1.1704.20.00;t_t;Serviços de agências de notícias para mídia audiovisual;t_t;100301;t_t;Domicílio principal do adquirente;t_t;000001;t_t;Situações tributadas integralmente pelo IBS e CBS.;)_g
(;10.08;t_t;Agenciamento De Publicidade E Propaganda, Inclusive O Agenciamento De Veiculação Por Quaisquer Meios.;t_t;1.1406.20.00;t_t;Aquisição ou venda de espaço ou tempo para propaganda, sob comissão ;t_t;100301;t_t;Domicílio principal do adquirente;t_t;000001;t_t;Situações tributadas integralmente pelo IBS e CBS.;)_g
(;10.09;t_t;Representação De Qualquer Natureza, Inclusive Comercial.;t_t;1.0201.00.00;t_t;Serviços de intermediação na distribuição de mercadorias;t_t;100301;t_t;Domicílio principal do adquirente;t_t;000001;t_t;Situações tributadas integralmente pelo IBS e CBS.;)_g
(;10.10;t_t;Distribuição De Bens De Terceiros.;t_t;1.0201.00.00;t_t;Serviços de intermediação na distribuição de mercadorias;t_t;100301;t_t;Domicílio principal do adquirente;t_t;000001;t_t;Situações tributadas integralmente pelo IBS e CBS.;)_g
(;11.01;t_t;Guarda E Estacionamento De Veículos Terrestres Automotores, De Aeronaves E De Embarcações.;t_t;1.0604.30.00;t_t;Serviços de estacionamento ;t_t;100301;t_t;Domicílio principal do adquirente;t_t;000001;t_t;Situações tributadas integralmente pelo IBS e CBS.;)_g
(;11.01;t_t;Guarda E Estacionamento De Veículos Terrestres Automotores, De Aeronaves E De Embarcações.;t_t;1.0605.90.00;t_t;Serviços de apoio ao transporte aquaviário não classificados em subposições anteriores;t_t;100301;t_t;Domicílio principal do adquirente;t_t;000001;t_t;Situações tributadas integralmente pelo IBS e CBS.;)_g
(;11.01;t_t;Guarda E Estacionamento De Veículos Terrestres Automotores, De Aeronaves E De Embarcações.;t_t;1.0606.19.00;t_t;Serviços de apoio ao transporte aéreo não classificados em subposições anteriores;t_t;100301;t_t;Domicílio principal do adquirente;t_t;000001;t_t;Situações tributadas integralmente pelo IBS e CBS.;)_g
(;11.02;t_t;Vigilância, Segurança Ou Monitoramento De Bens E Pessoas.;t_t;1.1802.50.00;t_t;Serviços de guarda e escolta armada;t_t;030101;t_t;local da prestação;t_t;000001;t_t;Situações tributadas integralmente pelo IBS e CBS.;)_g
(;11.02;t_t;Vigilância, Segurança Ou Monitoramento De Bens E Pessoas.;t_t;1.1802.50.00;t_t;Serviços de guarda e escolta armada;t_t;030102;t_t;local da prestação;t_t;000001;t_t;Situações tributadas integralmente pelo IBS e CBS.;)_g
(;11.02;t_t;Vigilância, Segurança Ou Monitoramento De Bens E Pessoas.;t_t;1.1802.50.00;t_t;Serviços de guarda e escolta armada;t_t;030103;t_t;local da prestação;t_t;000001;t_t;Situações tributadas integralmente pelo IBS e CBS.;)_g
(;11.02;t_t;Vigilância, Segurança Ou Monitoramento De Bens E Pessoas.;t_t;1.1802.50.00;t_t;Serviços de guarda e escolta armada;t_t;030104;t_t;local da prestação;t_t;000001;t_t;Situações tributadas integralmente pelo IBS e CBS.;)_g
(;11.02;t_t;Vigilância, Segurança Ou Monitoramento De Bens E Pessoas.;t_t;1.1802.50.00;t_t;Serviços de guarda e escolta armada;t_t;100301;t_t;Domicílio principal do adquirente;t_t;000001;t_t;Situações tributadas integralmente pelo IBS e CBS.;)_g
(;11.02;t_t;Vigilância, Segurança Ou Monitoramento De Bens E Pessoas.;t_t;1.1802.20.00;t_t;Serviços de consultoria em segurança ;t_t;100301;t_t;Domicílio principal do adquirente;t_t;000001;t_t;Situações tributadas integralmente pelo IBS e CBS.;)_g
(;11.02;t_t;Vigilância, Segurança Ou Monitoramento De Bens E Pessoas.;t_t;1.1802.30.00;t_t;Serviços de sistemas de segurança ;t_t;100301;t_t;Domicílio principal do adquirente;t_t;000001;t_t;Situações tributadas integralmente pelo IBS e CBS.;)_g
(;11.02;t_t;Vigilância, Segurança Ou Monitoramento De Bens E Pessoas.;t_t;1.1802.90.00;t_t;Serviços de segurança não classificados em subposições anteriores;t_t;100301;t_t;Domicílio principal do adquirente;t_t;000001;t_t;Situações tributadas integralmente pelo IBS e CBS.;)_g
(;11.03;t_t;Escolta, Inclusive De Veículos E Cargas.;t_t;1.1802.50.00;t_t;Serviços de guarda e escolta armada;t_t;030101;t_t;local da prestação;t_t;000001;t_t;Situações tributadas integralmente pelo IBS e CBS.;)_g
(;11.03;t_t;Escolta, Inclusive De Veículos E Cargas.;t_t;1.1802.50.00;t_t;Serviços de guarda e escolta armada;t_t;030102;t_t;local da prestação;t_t;000001;t_t;Situações tributadas integralmente pelo IBS e CBS.;)_g
(;11.03;t_t;Escolta, Inclusive De Veículos E Cargas.;t_t;1.1802.50.00;t_t;Serviços de guarda e escolta armada;t_t;030103;t_t;local da prestação;t_t;000001;t_t;Situações tributadas integralmente pelo IBS e CBS.;)_g
(;11.03;t_t;Escolta, Inclusive De Veículos E Cargas.;t_t;1.1802.50.00;t_t;Serviços de guarda e escolta armada;t_t;030104;t_t;local da prestação;t_t;000001;t_t;Situações tributadas integralmente pelo IBS e CBS.;)_g
(;11.03;t_t;Escolta, Inclusive De Veículos E Cargas.;t_t;1.1802.50.00;t_t;Serviços de guarda e escolta armada;t_t;100301;t_t;Domicílio principal do adquirente;t_t;000001;t_t;Situações tributadas integralmente pelo IBS e CBS.;)_g
(;11.04;t_t;Armazenamento, Depósito, Carga, Descarga, Arrumação E Guarda De Bens De Qualquer Espécie.;t_t;1.0601.10.00;t_t;Serviços de manuseio de contêineres ;t_t;050101;t_t;local da prestação;t_t;000001;t_t;Situações tributadas integralmente pelo IBS e CBS.;)_g
(;11.04;t_t;Armazenamento, Depósito, Carga, Descarga, Arrumação E Guarda De Bens De Qualquer Espécie.;t_t;1.0601.10.00;t_t;Serviços de manuseio de contêineres ;t_t;050102;t_t;local da prestação;t_t;000001;t_t;Situações tributadas integralmente pelo IBS e CBS.;)_g
(;11.04;t_t;Armazenamento, Depósito, Carga, Descarga, Arrumação E Guarda De Bens De Qualquer Espécie.;t_t;1.0601.10.00;t_t;Serviços de manuseio de contêineres ;t_t;050103;t_t;local da prestação;t_t;000001;t_t;Situações tributadas integralmente pelo IBS e CBS.;)_g
(;11.04;t_t;Armazenamento, Depósito, Carga, Descarga, Arrumação E Guarda De Bens De Qualquer Espécie.;t_t;1.0601.10.00;t_t;Serviços de manuseio de contêineres ;t_t;050104;t_t;local da prestação;t_t;000001;t_t;Situações tributadas integralmente pelo IBS e CBS.;)_g
(;11.04;t_t;Armazenamento, Depósito, Carga, Descarga, Arrumação E Guarda De Bens De Qualquer Espécie.;t_t;1.0601.90.00;t_t;Serviços de manuseio de cargas não classificados em subposições anteriores ;t_t;050101;t_t;local da prestação;t_t;000001;t_t;Situações tributadas integralmente pelo IBS e CBS.;)_g
(;11.04;t_t;Armazenamento, Depósito, Carga, Descarga, Arrumação E Guarda De Bens De Qualquer Espécie.;t_t;1.0601.90.00;t_t;Serviços de manuseio de cargas não classificados em subposições anteriores ;t_t;050102;t_t;local da prestação;t_t;000001;t_t;Situações tributadas integralmente pelo IBS e CBS.;)_g
(;11.04;t_t;Armazenamento, Depósito, Carga, Descarga, Arrumação E Guarda De Bens De Qualquer Espécie.;t_t;1.0601.90.00;t_t;Serviços de manuseio de cargas não classificados em subposições anteriores ;t_t;050103;t_t;local da prestação;t_t;000001;t_t;Situações tributadas integralmente pelo IBS e CBS.;)_g
(;11.04;t_t;Armazenamento, Depósito, Carga, Descarga, Arrumação E Guarda De Bens De Qualquer Espécie.;t_t;1.0601.90.00;t_t;Serviços de manuseio de cargas não classificados em subposições anteriores ;t_t;050104;t_t;local da prestação;t_t;000001;t_t;Situações tributadas integralmente pelo IBS e CBS.;)_g
(;11.04;t_t;Armazenamento, Depósito, Carga, Descarga, Arrumação E Guarda De Bens De Qualquer Espécie.;t_t;1.0602.10.00;t_t;Serviços de armazenagem frigorificada ;t_t;050101;t_t;local da prestação;t_t;000001;t_t;Situações tributadas integralmente pelo IBS e CBS.;)_g
(;11.04;t_t;Armazenamento, Depósito, Carga, Descarga, Arrumação E Guarda De Bens De Qualquer Espécie.;t_t;1.0602.10.00;t_t;Serviços de armazenagem frigorificada ;t_t;050102;t_t;local da prestação;t_t;000001;t_t;Situações tributadas integralmente pelo IBS e CBS.;)_g
(;11.04;t_t;Armazenamento, Depósito, Carga, Descarga, Arrumação E Guarda De Bens De Qualquer Espécie.;t_t;1.0602.10.00;t_t;Serviços de armazenagem frigorificada ;t_t;050103;t_t;local da prestação;t_t;000001;t_t;Situações tributadas integralmente pelo IBS e CBS.;)_g
(;11.04;t_t;Armazenamento, Depósito, Carga, Descarga, Arrumação E Guarda De Bens De Qualquer Espécie.;t_t;1.0602.10.00;t_t;Serviços de armazenagem frigorificada ;t_t;050104;t_t;local da prestação;t_t;000001;t_t;Situações tributadas integralmente pelo IBS e CBS.;)_g
(;11.04;t_t;Armazenamento, Depósito, Carga, Descarga, Arrumação E Guarda De Bens De Qualquer Espécie.;t_t;1.0602.21.00;t_t;Serviços de armazenagem de petróleo e seus derivados ;t_t;050101;t_t;local da prestação;t_t;000001;t_t;Situações tributadas integralmente pelo IBS e CBS.;)_g
(;11.04;t_t;Armazenamento, Depósito, Carga, Descarga, Arrumação E Guarda De Bens De Qualquer Espécie.;t_t;1.0602.21.00;t_t;Serviços de armazenagem de petróleo e seus derivados ;t_t;050102;t_t;local da prestação;t_t;000001;t_t;Situações tributadas integralmente pelo IBS e CBS.;)_g
(;11.04;t_t;Armazenamento, Depósito, Carga, Descarga, Arrumação E Guarda De Bens De Qualquer Espécie.;t_t;1.0602.21.00;t_t;Serviços de armazenagem de petróleo e seus derivados ;t_t;050103;t_t;local da prestação;t_t;000001;t_t;Situações tributadas integralmente pelo IBS e CBS.;)_g
(;11.04;t_t;Armazenamento, Depósito, Carga, Descarga, Arrumação E Guarda De Bens De Qualquer Espécie.;t_t;1.0602.21.00;t_t;Serviços de armazenagem de petróleo e seus derivados ;t_t;050104;t_t;local da prestação;t_t;000001;t_t;Situações tributadas integralmente pelo IBS e CBS.;)_g
(;11.04;t_t;Armazenamento, Depósito, Carga, Descarga, Arrumação E Guarda De Bens De Qualquer Espécie.;t_t;1.0602.22.00;t_t;Serviços de armazenagem de combustíveis, lubrificantes e GLP, inclusive apresentado em botijões metálicos ;t_t;050101;t_t;local da prestação;t_t;000001;t_t;Situações tributadas integralmente pelo IBS e CBS.;)_g
(;11.04;t_t;Armazenamento, Depósito, Carga, Descarga, Arrumação E Guarda De Bens De Qualquer Espécie.;t_t;1.0602.22.00;t_t;Serviços de armazenagem de combustíveis, lubrificantes e GLP, inclusive apresentado em botijões metálicos ;t_t;050102;t_t;local da prestação;t_t;000001;t_t;Situações tributadas integralmente pelo IBS e CBS.;)_g
(;11.04;t_t;Armazenamento, Depósito, Carga, Descarga, Arrumação E Guarda De Bens De Qualquer Espécie.;t_t;1.0602.22.00;t_t;Serviços de armazenagem de combustíveis, lubrificantes e GLP, inclusive apresentado em botijões metálicos ;t_t;050103;t_t;local da prestação;t_t;000001;t_t;Situações tributadas integralmente pelo IBS e CBS.;)_g
(;11.04;t_t;Armazenamento, Depósito, Carga, Descarga, Arrumação E Guarda De Bens De Qualquer Espécie.;t_t;1.0602.22.00;t_t;Serviços de armazenagem de combustíveis, lubrificantes e GLP, inclusive apresentado em botijões metálicos ;t_t;050104;t_t;local da prestação;t_t;000001;t_t;Situações tributadas integralmente pelo IBS e CBS.;)_g
(;11.04;t_t;Armazenamento, Depósito, Carga, Descarga, Arrumação E Guarda De Bens De Qualquer Espécie.;t_t;1.0602.23.00;t_t;Serviços de armazenagem de produtos químicos perigosos ;t_t;050101;t_t;local da prestação;t_t;000001;t_t;Situações tributadas integralmente pelo IBS e CBS.;)_g
(;11.04;t_t;Armazenamento, Depósito, Carga, Descarga, Arrumação E Guarda De Bens De Qualquer Espécie.;t_t;1.0602.23.00;t_t;Serviços de armazenagem de produtos químicos perigosos ;t_t;050102;t_t;local da prestação;t_t;000001;t_t;Situações tributadas integralmente pelo IBS e CBS.;)_g
(;11.04;t_t;Armazenamento, Depósito, Carga, Descarga, Arrumação E Guarda De Bens De Qualquer Espécie.;t_t;1.0602.23.00;t_t;Serviços de armazenagem de produtos químicos perigosos ;t_t;050103;t_t;local da prestação;t_t;000001;t_t;Situações tributadas integralmente pelo IBS e CBS.;)_g
(;11.04;t_t;Armazenamento, Depósito, Carga, Descarga, Arrumação E Guarda De Bens De Qualquer Espécie.;t_t;1.0602.23.00;t_t;Serviços de armazenagem de produtos químicos perigosos ;t_t;050104;t_t;local da prestação;t_t;000001;t_t;Situações tributadas integralmente pelo IBS e CBS.;)_g
(;11.04;t_t;Armazenamento, Depósito, Carga, Descarga, Arrumação E Guarda De Bens De Qualquer Espécie.;t_t;1.0602.29.00;t_t;Serviços de armazenagem de produtos perigosos não classificados em subposições anteriores;t_t;050101;t_t;local da prestação;t_t;000001;t_t;Situações tributadas integralmente pelo IBS e CBS.;)_g
(;11.04;t_t;Armazenamento, Depósito, Carga, Descarga, Arrumação E Guarda De Bens De Qualquer Espécie.;t_t;1.0602.29.00;t_t;Serviços de armazenagem de produtos perigosos não classificados em subposições anteriores;t_t;050102;t_t;local da prestação;t_t;000001;t_t;Situações tributadas integralmente pelo IBS e CBS.;)_g
(;11.04;t_t;Armazenamento, Depósito, Carga, Descarga, Arrumação E Guarda De Bens De Qualquer Espécie.;t_t;1.0602.29.00;t_t;Serviços de armazenagem de produtos perigosos não classificados em subposições anteriores;t_t;050103;t_t;local da prestação;t_t;000001;t_t;Situações tributadas integralmente pelo IBS e CBS.;)_g
(;11.04;t_t;Armazenamento, Depósito, Carga, Descarga, Arrumação E Guarda De Bens De Qualquer Espécie.;t_t;1.0602.29.00;t_t;Serviços de armazenagem de produtos perigosos não classificados em subposições anteriores;t_t;050104;t_t;local da prestação;t_t;000001;t_t;Situações tributadas integralmente pelo IBS e CBS.;)_g
(;11.04;t_t;Armazenamento, Depósito, Carga, Descarga, Arrumação E Guarda De Bens De Qualquer Espécie.;t_t;1.0602.31.00;t_t;Serviços de armazenagem de granéis sólidos ;t_t;050101;t_t;local da prestação;t_t;000001;t_t;Situações tributadas integralmente pelo IBS e CBS.;)_g
(;11.04;t_t;Armazenamento, Depósito, Carga, Descarga, Arrumação E Guarda De Bens De Qualquer Espécie.;t_t;1.0602.31.00;t_t;Serviços de armazenagem de granéis sólidos ;t_t;050102;t_t;local da prestação;t_t;000001;t_t;Situações tributadas integralmente pelo IBS e CBS.;)_g
(;11.04;t_t;Armazenamento, Depósito, Carga, Descarga, Arrumação E Guarda De Bens De Qualquer Espécie.;t_t;1.0602.31.00;t_t;Serviços de armazenagem de granéis sólidos ;t_t;050103;t_t;local da prestação;t_t;000001;t_t;Situações tributadas integralmente pelo IBS e CBS.;)_g
(;11.04;t_t;Armazenamento, Depósito, Carga, Descarga, Arrumação E Guarda De Bens De Qualquer Espécie.;t_t;1.0602.31.00;t_t;Serviços de armazenagem de granéis sólidos ;t_t;050104;t_t;local da prestação;t_t;000001;t_t;Situações tributadas integralmente pelo IBS e CBS.;)_g
(;11.04;t_t;Armazenamento, Depósito, Carga, Descarga, Arrumação E Guarda De Bens De Qualquer Espécie.;t_t;1.0602.32.00;t_t;Serviços de armazenagem de granéis líquidos ou liquefeitos ;t_t;050101;t_t;local da prestação;t_t;000001;t_t;Situações tributadas integralmente pelo IBS e CBS.;)_g
(;11.04;t_t;Armazenamento, Depósito, Carga, Descarga, Arrumação E Guarda De Bens De Qualquer Espécie.;t_t;1.0602.32.00;t_t;Serviços de armazenagem de granéis líquidos ou liquefeitos ;t_t;050102;t_t;local da prestação;t_t;000001;t_t;Situações tributadas integralmente pelo IBS e CBS.;)_g
(;11.04;t_t;Armazenamento, Depósito, Carga, Descarga, Arrumação E Guarda De Bens De Qualquer Espécie.;t_t;1.0602.32.00;t_t;Serviços de armazenagem de granéis líquidos ou liquefeitos ;t_t;050103;t_t;local da prestação;t_t;000001;t_t;Situações tributadas integralmente pelo IBS e CBS.;)_g
(;11.04;t_t;Armazenamento, Depósito, Carga, Descarga, Arrumação E Guarda De Bens De Qualquer Espécie.;t_t;1.0602.32.00;t_t;Serviços de armazenagem de granéis líquidos ou liquefeitos ;t_t;050104;t_t;local da prestação;t_t;000001;t_t;Situações tributadas integralmente pelo IBS e CBS.;)_g
(;11.04;t_t;Armazenamento, Depósito, Carga, Descarga, Arrumação E Guarda De Bens De Qualquer Espécie.;t_t;1.0602.33.00;t_t;Serviços de armazenagem de granéis gasosos ;t_t;050101;t_t;local da prestação;t_t;000001;t_t;Situações tributadas integralmente pelo IBS e CBS.;)_g
(;11.04;t_t;Armazenamento, Depósito, Carga, Descarga, Arrumação E Guarda De Bens De Qualquer Espécie.;t_t;1.0602.33.00;t_t;Serviços de armazenagem de granéis gasosos ;t_t;050102;t_t;local da prestação;t_t;000001;t_t;Situações tributadas integralmente pelo IBS e CBS.;)_g
(;11.04;t_t;Armazenamento, Depósito, Carga, Descarga, Arrumação E Guarda De Bens De Qualquer Espécie.;t_t;1.0602.33.00;t_t;Serviços de armazenagem de granéis gasosos ;t_t;050103;t_t;local da prestação;t_t;000001;t_t;Situações tributadas integralmente pelo IBS e CBS.;)_g
(;11.04;t_t;Armazenamento, Depósito, Carga, Descarga, Arrumação E Guarda De Bens De Qualquer Espécie.;t_t;1.0602.33.00;t_t;Serviços de armazenagem de granéis gasosos ;t_t;050104;t_t;local da prestação;t_t;000001;t_t;Situações tributadas integralmente pelo IBS e CBS.;)_g
(;11.04;t_t;Armazenamento, Depósito, Carga, Descarga, Arrumação E Guarda De Bens De Qualquer Espécie.;t_t;1.0602.90.00;t_t;Serviços de armazenagem não classificados em subposições anteriores;t_t;050101;t_t;local da prestação;t_t;000001;t_t;Situações tributadas integralmente pelo IBS e CBS.;)_g
(;11.04;t_t;Armazenamento, Depósito, Carga, Descarga, Arrumação E Guarda De Bens De Qualquer Espécie.;t_t;1.0602.90.00;t_t;Serviços de armazenagem não classificados em subposições anteriores;t_t;050102;t_t;local da prestação;t_t;000001;t_t;Situações tributadas integralmente pelo IBS e CBS.;)_g
(;11.04;t_t;Armazenamento, Depósito, Carga, Descarga, Arrumação E Guarda De Bens De Qualquer Espécie.;t_t;1.0602.90.00;t_t;Serviços de armazenagem não classificados em subposições anteriores;t_t;050103;t_t;local da prestação;t_t;000001;t_t;Situações tributadas integralmente pelo IBS e CBS.;)_g
(;11.04;t_t;Armazenamento, Depósito, Carga, Descarga, Arrumação E Guarda De Bens De Qualquer Espécie.;t_t;1.0602.90.00;t_t;Serviços de armazenagem não classificados em subposições anteriores;t_t;050104;t_t;local da prestação;t_t;000001;t_t;Situações tributadas integralmente pelo IBS e CBS.;)_g
(;11.04;t_t;Armazenamento, Depósito, Carga, Descarga, Arrumação E Guarda De Bens De Qualquer Espécie.;t_t;1.0608.20.00;t_t;Serviços de unitização ou desunitização de cargas no transporte multimodal ;t_t;050101;t_t;local da prestação;t_t;000001;t_t;Situações tributadas integralmente pelo IBS e CBS.;)_g
(;11.04;t_t;Armazenamento, Depósito, Carga, Descarga, Arrumação E Guarda De Bens De Qualquer Espécie.;t_t;1.0608.20.00;t_t;Serviços de unitização ou desunitização de cargas no transporte multimodal ;t_t;050102;t_t;local da prestação;t_t;000001;t_t;Situações tributadas integralmente pelo IBS e CBS.;)_g
(;11.04;t_t;Armazenamento, Depósito, Carga, Descarga, Arrumação E Guarda De Bens De Qualquer Espécie.;t_t;1.0608.20.00;t_t;Serviços de unitização ou desunitização de cargas no transporte multimodal ;t_t;050103;t_t;local da prestação;t_t;000001;t_t;Situações tributadas integralmente pelo IBS e CBS.;)_g
(;11.04;t_t;Armazenamento, Depósito, Carga, Descarga, Arrumação E Guarda De Bens De Qualquer Espécie.;t_t;1.0608.20.00;t_t;Serviços de unitização ou desunitização de cargas no transporte multimodal ;t_t;050104;t_t;local da prestação;t_t;000001;t_t;Situações tributadas integralmente pelo IBS e CBS.;)_g
(;11.04;t_t;Armazenamento, Depósito, Carga, Descarga, Arrumação E Guarda De Bens De Qualquer Espécie.;t_t;1.0608.30.00;t_t;Serviços de movimentação de cargas no transporte multimodal ;t_t;050101;t_t;local da prestação;t_t;000001;t_t;Situações tributadas integralmente pelo IBS e CBS.;)_g
(;11.04;t_t;Armazenamento, Depósito, Carga, Descarga, Arrumação E Guarda De Bens De Qualquer Espécie.;t_t;1.0608.30.00;t_t;Serviços de movimentação de cargas no transporte multimodal ;t_t;050102;t_t;local da prestação;t_t;000001;t_t;Situações tributadas integralmente pelo IBS e CBS.;)_g
(;11.04;t_t;Armazenamento, Depósito, Carga, Descarga, Arrumação E Guarda De Bens De Qualquer Espécie.;t_t;1.0608.30.00;t_t;Serviços de movimentação de cargas no transporte multimodal ;t_t;050103;t_t;local da prestação;t_t;000001;t_t;Situações tributadas integralmente pelo IBS e CBS.;)_g
(;11.04;t_t;Armazenamento, Depósito, Carga, Descarga, Arrumação E Guarda De Bens De Qualquer Espécie.;t_t;1.0608.30.00;t_t;Serviços de movimentação de cargas no transporte multimodal ;t_t;050104;t_t;local da prestação;t_t;000001;t_t;Situações tributadas integralmente pelo IBS e CBS.;)_g
(;11.05;t_t;Vigilância, Segurança Ou Monitoramento De Bens, Pessoas E Semoventes. (Redação Dada Pela Lei Complementar Nº 157, De 2016);t_t;1.1802.30.00;t_t;Serviços de sistemas de segurança ;t_t;100301;t_t;Domicílio principal do adquirente;t_t;000001;t_t;Situações tributadas integralmente pelo IBS e CBS.;)_g
(;12.01;t_t;Espetáculos Teatrais.;t_t;1.2502.20.00;t_t;Serviços de produção e apresentação de atuações artísticas ao vivo;t_t;040101;t_t;local do evento;t_t;200039;t_t;Fornecimento dos serviços e o licenciamento ou cessão dos direitos destinados às produções nacionais artísticas (Anexo X);)_g
(;12.01;t_t;Espetáculos Teatrais.;t_t;1.2502.20.00;t_t;Serviços de produção e apresentação de atuações artísticas ao vivo;t_t;040101;t_t;local do evento;t_t;000001;t_t;Situações tributadas integralmente pelo IBS e CBS.;)_g
(;12.02;t_t;Exibições Cinematográficas.;t_t;1.2501.50.00;t_t;Serviços de projeção de filmes;t_t;030101;t_t;local da prestação;t_t;200039;t_t;Fornecimento dos serviços e o licenciamento ou cessão dos direitos destinados às produções nacionais artísticas (Anexo X);)_g
(;12.02;t_t;Exibições Cinematográficas.;t_t;1.2501.50.00;t_t;Serviços de projeção de filmes;t_t;030102;t_t;local da prestação;t_t;200039;t_t;Fornecimento dos serviços e o licenciamento ou cessão dos direitos destinados às produções nacionais artísticas (Anexo X);)_g
(;12.02;t_t;Exibições Cinematográficas.;t_t;1.2501.50.00;t_t;Serviços de projeção de filmes;t_t;030103;t_t;local da prestação;t_t;200039;t_t;Fornecimento dos serviços e o licenciamento ou cessão dos direitos destinados às produções nacionais artísticas (Anexo X);)_g
(;12.02;t_t;Exibições Cinematográficas.;t_t;1.2501.50.00;t_t;Serviços de projeção de filmes;t_t;030104;t_t;local da prestação;t_t;200039;t_t;Fornecimento dos serviços e o licenciamento ou cessão dos direitos destinados às produções nacionais artísticas (Anexo X);)_g
(;12.02;t_t;Exibições Cinematográficas.;t_t;1.2501.50.00;t_t;Serviços de projeção de filmes;t_t;030101;t_t;local da prestação;t_t;000001;t_t;Situações tributadas integralmente pelo IBS e CBS.;)_g
(;12.02;t_t;Exibições Cinematográficas.;t_t;1.2501.50.00;t_t;Serviços de projeção de filmes;t_t;030102;t_t;local da prestação;t_t;000001;t_t;Situações tributadas integralmente pelo IBS e CBS.;)_g
(;12.02;t_t;Exibições Cinematográficas.;t_t;1.2501.50.00;t_t;Serviços de projeção de filmes;t_t;030103;t_t;local da prestação;t_t;000001;t_t;Situações tributadas integralmente pelo IBS e CBS.;)_g
(;12.02;t_t;Exibições Cinematográficas.;t_t;1.2501.50.00;t_t;Serviços de projeção de filmes;t_t;030104;t_t;local da prestação;t_t;000001;t_t;Situações tributadas integralmente pelo IBS e CBS.;)_g
(;12.03;t_t;Espetáculos Circenses.;t_t;1.2502.20.00;t_t;Serviços de produção e apresentação de atuações artísticas ao vivo;t_t;040101;t_t;local do evento;t_t;200039;t_t;Fornecimento dos serviços e o licenciamento ou cessão dos direitos destinados às produções nacionais artísticas (Anexo X);)_g
(;12.03;t_t;Espetáculos Circenses.;t_t;1.2502.20.00;t_t;Serviços de produção e apresentação de atuações artísticas ao vivo;t_t;040101;t_t;local do evento;t_t;000001;t_t;Situações tributadas integralmente pelo IBS e CBS.;)_g
(;12.04;t_t;Programas De Auditório.;t_t;1.2502.90.00;t_t;Serviços de apresentação e promoção de atuações artísticas e outros serviços de entretenimento ao vivo não classificados em subposições anteriores;t_t;040101;t_t;local do evento;t_t;200039;t_t;Fornecimento dos serviços e o licenciamento ou cessão dos direitos destinados às produções nacionais artísticas (Anexo X);)_g
(;12.04;t_t;Programas De Auditório.;t_t;1.2502.90.00;t_t;Serviços de apresentação e promoção de atuações artísticas e outros serviços de entretenimento ao vivo não classificados em subposições anteriores;t_t;040101;t_t;local do evento;t_t;000001;t_t;Situações tributadas integralmente pelo IBS e CBS.;)_g
(;12.05;t_t;Parques De Diversões, Centros De Lazer E Congêneres.;t_t;1.2504.21.00;t_t;Serviços de jardins botânico e zoológico ;t_t;030101;t_t;local da prestação;t_t;200048;t_t;Hotelaria, Parques de Diversão e Parques Temáticos;)_g
(;12.05;t_t;Parques De Diversões, Centros De Lazer E Congêneres.;t_t;1.2504.22.00;t_t;Serviços de reserva natural, incluindo preservação de vida selvagem;t_t;030101;t_t;local da prestação;t_t;200048;t_t;Hotelaria, Parques de Diversão e Parques Temáticos;)_g
(;12.05;t_t;Parques De Diversões, Centros De Lazer E Congêneres.;t_t;1.2507.10.00;t_t;Serviços de parques temáticos de diversão;t_t;030101;t_t;local da prestação;t_t;200048;t_t;Hotelaria, Parques de Diversão e Parques Temáticos;)_g
(;12.05;t_t;Parques De Diversões, Centros De Lazer E Congêneres.;t_t;1.2507.90.00;t_t;Serviços de parques de diversão e atrações similares não classificados em subposições anteriores;t_t;030101;t_t;local da prestação;t_t;200048;t_t;Hotelaria, Parques de Diversão e Parques Temáticos;)_g
(;12.06;t_t;Boates, taxi-dancing e congêneres.;t_t;1.2508.00.00;t_t;Serviços recreativos, culturais e desportivos não classificados em posições anteriores;t_t;030101;t_t;local da prestação;t_t;000001;t_t;Situações tributadas integralmente pelo IBS e CBS.;)_g
(;12.06;t_t;Boates, taxi-dancing e congêneres.;t_t;1.2508.00.00;t_t;Serviços recreativos, culturais e desportivos não classificados em posições anteriores;t_t;030102;t_t;local da prestação;t_t;000001;t_t;Situações tributadas integralmente pelo IBS e CBS.;)_g
(;12.06;t_t;Boates, taxi-dancing e congêneres.;t_t;1.2508.00.00;t_t;Serviços recreativos, culturais e desportivos não classificados em posições anteriores;t_t;030103;t_t;local da prestação;t_t;000001;t_t;Situações tributadas integralmente pelo IBS e CBS.;)_g
(;12.06;t_t;Boates, taxi-dancing e congêneres.;t_t;1.2508.00.00;t_t;Serviços recreativos, culturais e desportivos não classificados em posições anteriores;t_t;030104;t_t;local da prestação;t_t;000001;t_t;Situações tributadas integralmente pelo IBS e CBS.;)_g
(;12.07;t_t;Shows, ballet, danças, desfiles, bailes, óperas, concertos, recitais, festivais e congêneres.;t_t;1.2502.20.00;t_t;Serviços de produção e apresentação de atuações artísticas ao vivo;t_t;040101;t_t;local do Evento;t_t;200039;t_t;Fornecimento dos serviços e o licenciamento ou cessão dos direitos destinados às produções nacionais artísticas (Anexo X);)_g
(;12.07;t_t;Shows, ballet, danças, desfiles, bailes, óperas, concertos, recitais, festivais e congêneres.;t_t;1.2502.20.00;t_t;Serviços de produção e apresentação de atuações artísticas ao vivo;t_t;040101;t_t;local do Evento;t_t;000001;t_t;Situações tributadas integralmente pelo IBS e CBS.;)_g
(;12.07;t_t;Shows, ballet, danças, desfiles, bailes, óperas, concertos, recitais, festivais e congêneres.;t_t;1.2502.90.00;t_t;Serviços de apresentação e promoção de atuações artísticas e outros serviços de entretenimento ao vivo não classificados em subposições anteriores;t_t;040101;t_t;local do Evento;t_t;200039;t_t;Fornecimento dos serviços e o licenciamento ou cessão dos direitos destinados às produções nacionais artísticas (Anexo X);)_g
(;12.07;t_t;Shows, ballet, danças, desfiles, bailes, óperas, concertos, recitais, festivais e congêneres.;t_t;1.2502.90.00;t_t;Serviços de apresentação e promoção de atuações artísticas e outros serviços de entretenimento ao vivo não classificados em subposições anteriores;t_t;040101;t_t;local do Evento;t_t;000001;t_t;Situações tributadas integralmente pelo IBS e CBS.;)_g
(;12.08;t_t;Feiras, exposições, congressos e congêneres.;t_t;1.1806.61.00;t_t;Serviços de assistência e organização de convenções ;t_t;040101;t_t;local do evento;t_t;200039;t_t;Fornecimento dos serviços e o licenciamento ou cessão dos direitos destinados às produções nacionais artísticas (Anexo X);)_g
(;12.08;t_t;Feiras, exposições, congressos e congêneres.;t_t;1.1806.61.00;t_t;Serviços de assistência e organização de convenções ;t_t;040101;t_t;local do evento;t_t;000001;t_t;Situações tributadas integralmente pelo IBS e CBS.;)_g
(;12.08;t_t;Feiras, exposições, congressos e congêneres.;t_t;1.1806.62.00;t_t;Serviços de assistência e organização de feiras de negócios;t_t;040101;t_t;local do evento;t_t;200039;t_t;Fornecimento dos serviços e o licenciamento ou cessão dos direitos destinados às produções nacionais artísticas (Anexo X);)_g
(;12.08;t_t;Feiras, exposições, congressos e congêneres.;t_t;1.1806.62.00;t_t;Serviços de assistência e organização de feiras de negócios;t_t;040101;t_t;local do evento;t_t;000001;t_t;Situações tributadas integralmente pelo IBS e CBS.;)_g
(;12.08;t_t;Feiras, exposições, congressos e congêneres.;t_t;1.1806.63.00;t_t;Serviços de assistência e organização de exposições e outros eventos ;t_t;040101;t_t;local do evento;t_t;200039;t_t;Fornecimento dos serviços e o licenciamento ou cessão dos direitos destinados às produções nacionais artísticas (Anexo X);)_g
(;12.08;t_t;Feiras, exposições, congressos e congêneres.;t_t;1.1806.63.00;t_t;Serviços de assistência e organização de exposições e outros eventos ;t_t;040101;t_t;local do evento;t_t;000001;t_t;Situações tributadas integralmente pelo IBS e CBS.;)_g
(;12.09;t_t;Bilhares, boliches e diversões eletrônicas ou não.;t_t;1.2505.90.00;t_t;Serviços desportivos e recreacionais desportivos não classificados em subposições anteriores;t_t;030101;t_t;local da prestação;t_t;000001;t_t;Situações tributadas integralmente pelo IBS e CBS.;)_g
(;12.09;t_t;Bilhares, boliches e diversões eletrônicas ou não.;t_t;1.2505.90.00;t_t;Serviços desportivos e recreacionais desportivos não classificados em subposições anteriores;t_t;030102;t_t;local da prestação;t_t;000001;t_t;Situações tributadas integralmente pelo IBS e CBS.;)_g
(;12.09;t_t;Bilhares, boliches e diversões eletrônicas ou não.;t_t;1.2505.90.00;t_t;Serviços desportivos e recreacionais desportivos não classificados em subposições anteriores;t_t;030103;t_t;local da prestação;t_t;000001;t_t;Situações tributadas integralmente pelo IBS e CBS.;)_g
(;12.09;t_t;Bilhares, boliches e diversões eletrônicas ou não.;t_t;1.2505.90.00;t_t;Serviços desportivos e recreacionais desportivos não classificados em subposições anteriores;t_t;030104;t_t;local da prestação;t_t;000001;t_t;Situações tributadas integralmente pelo IBS e CBS.;)_g
(;12.09;t_t;Bilhares, boliches e diversões eletrônicas ou não.;t_t;1.2508.00.00;t_t;Serviços recreativos, culturais e desportivos não classificados em posições anteriores;t_t;030101;t_t;local da prestação;t_t;000001;t_t;Situações tributadas integralmente pelo IBS e CBS.;)_g
(;12.09;t_t;Bilhares, boliches e diversões eletrônicas ou não.;t_t;1.2508.00.00;t_t;Serviços recreativos, culturais e desportivos não classificados em posições anteriores;t_t;030102;t_t;local da prestação;t_t;000001;t_t;Situações tributadas integralmente pelo IBS e CBS.;)_g
(;12.09;t_t;Bilhares, boliches e diversões eletrônicas ou não.;t_t;1.2508.00.00;t_t;Serviços recreativos, culturais e desportivos não classificados em posições anteriores;t_t;030103;t_t;local da prestação;t_t;000001;t_t;Situações tributadas integralmente pelo IBS e CBS.;)_g
(;12.09;t_t;Bilhares, boliches e diversões eletrônicas ou não.;t_t;1.2508.00.00;t_t;Serviços recreativos, culturais e desportivos não classificados em posições anteriores;t_t;030104;t_t;local da prestação;t_t;000001;t_t;Situações tributadas integralmente pelo IBS e CBS.;)_g
(;12.10;t_t;Corridas e competições de animais.;t_t;1.2508.00.00;t_t;Serviços recreativos, culturais e desportivos não classificados em posições anteriores;t_t;030101;t_t;local da prestação;t_t;000001;t_t;Situações tributadas integralmente pelo IBS e CBS.;)_g
(;12.10;t_t;Corridas e competições de animais.;t_t;1.2508.00.00;t_t;Serviços recreativos, culturais e desportivos não classificados em posições anteriores;t_t;030102;t_t;local da prestação;t_t;000001;t_t;Situações tributadas integralmente pelo IBS e CBS.;)_g
(;12.10;t_t;Corridas e competições de animais.;t_t;1.2508.00.00;t_t;Serviços recreativos, culturais e desportivos não classificados em posições anteriores;t_t;030103;t_t;local da prestação;t_t;000001;t_t;Situações tributadas integralmente pelo IBS e CBS.;)_g
(;12.10;t_t;Corridas e competições de animais.;t_t;1.2508.00.00;t_t;Serviços recreativos, culturais e desportivos não classificados em posições anteriores;t_t;030104;t_t;local da prestação;t_t;000001;t_t;Situações tributadas integralmente pelo IBS e CBS.;)_g
(;12.10;t_t;Corridas e competições de animais.;t_t;1.2505.10.00;t_t;Serviços de organização e promoção de eventos desportivos e recreacionais desportivos;t_t;030101;t_t;local da prestação;t_t;000001;t_t;Situações tributadas integralmente pelo IBS e CBS.;)_g
(;12.10;t_t;Corridas e competições de animais.;t_t;1.2505.10.00;t_t;Serviços de organização e promoção de eventos desportivos e recreacionais desportivos;t_t;030102;t_t;local da prestação;t_t;000001;t_t;Situações tributadas integralmente pelo IBS e CBS.;)_g
(;12.10;t_t;Corridas e competições de animais.;t_t;1.2505.10.00;t_t;Serviços de organização e promoção de eventos desportivos e recreacionais desportivos;t_t;030103;t_t;local da prestação;t_t;000001;t_t;Situações tributadas integralmente pelo IBS e CBS.;)_g
(;12.10;t_t;Corridas e competições de animais.;t_t;1.2505.10.00;t_t;Serviços de organização e promoção de eventos desportivos e recreacionais desportivos;t_t;030104;t_t;local da prestação;t_t;000001;t_t;Situações tributadas integralmente pelo IBS e CBS.;)_g
(;12.11;t_t;Competições esportivas ou de destreza física ou intelectual, com ou sem a participação do espectador.;t_t;0.0000.00.00;t_t;Serviços de ingressos para eventos desportivos;t_t;030101;t_t;local da prestação;t_t;200042;t_t;Fornecimento de serviço de educação desportiva (art. 141. II);)_g
(;12.11;t_t;Competições esportivas ou de destreza física ou intelectual, com ou sem a participação do espectador.;t_t;0.0000.00.00;t_t;Serviços de ingressos para eventos desportivos;t_t;030102;t_t;local da prestação;t_t;200042;t_t;Fornecimento de serviço de educação desportiva (art. 141. II);)_g
(;12.11;t_t;Competições esportivas ou de destreza física ou intelectual, com ou sem a participação do espectador.;t_t;0.0000.00.00;t_t;Serviços de ingressos para eventos desportivos;t_t;030103;t_t;local da prestação;t_t;200042;t_t;Fornecimento de serviço de educação desportiva (art. 141. II);)_g
(;12.11;t_t;Competições esportivas ou de destreza física ou intelectual, com ou sem a participação do espectador.;t_t;0.0000.00.00;t_t;Serviços de ingressos para eventos desportivos;t_t;030104;t_t;local da prestação;t_t;200042;t_t;Fornecimento de serviço de educação desportiva (art. 141. II);)_g
(;12.11;t_t;Competições esportivas ou de destreza física ou intelectual, com ou sem a participação do espectador.;t_t;1.2505.20.00;t_t;Serviços de clubes desportivos;t_t;030101;t_t;local da prestação;t_t;200042;t_t;Fornecimento de serviço de educação desportiva (art. 141. II);)_g
(;12.11;t_t;Competições esportivas ou de destreza física ou intelectual, com ou sem a participação do espectador.;t_t;1.2505.20.00;t_t;Serviços de clubes desportivos;t_t;030102;t_t;local da prestação;t_t;200042;t_t;Fornecimento de serviço de educação desportiva (art. 141. II);)_g
(;12.11;t_t;Competições esportivas ou de destreza física ou intelectual, com ou sem a participação do espectador.;t_t;1.2505.20.00;t_t;Serviços de clubes desportivos;t_t;030103;t_t;local da prestação;t_t;200042;t_t;Fornecimento de serviço de educação desportiva (art. 141. II);)_g
(;12.11;t_t;Competições esportivas ou de destreza física ou intelectual, com ou sem a participação do espectador.;t_t;1.2505.20.00;t_t;Serviços de clubes desportivos;t_t;030104;t_t;local da prestação;t_t;200042;t_t;Fornecimento de serviço de educação desportiva (art. 141. II);)_g
(;12.11;t_t;Competições esportivas ou de destreza física ou intelectual, com ou sem a participação do espectador.;t_t;1.2505.20.00;t_t;Serviços de clubes desportivos;t_t;030101;t_t;local da prestação;t_t;000001;t_t;Situações tributadas integralmente pelo IBS e CBS.;)_g
(;12.11;t_t;Competições esportivas ou de destreza física ou intelectual, com ou sem a participação do espectador.;t_t;1.2505.20.00;t_t;Serviços de clubes desportivos;t_t;030102;t_t;local da prestação;t_t;000001;t_t;Situações tributadas integralmente pelo IBS e CBS.;)_g
(;12.11;t_t;Competições esportivas ou de destreza física ou intelectual, com ou sem a participação do espectador.;t_t;1.2505.20.00;t_t;Serviços de clubes desportivos;t_t;030103;t_t;local da prestação;t_t;000001;t_t;Situações tributadas integralmente pelo IBS e CBS.;)_g
(;12.11;t_t;Competições esportivas ou de destreza física ou intelectual, com ou sem a participação do espectador.;t_t;1.2505.20.00;t_t;Serviços de clubes desportivos;t_t;030104;t_t;local da prestação;t_t;000001;t_t;Situações tributadas integralmente pelo IBS e CBS.;)_g
(;12.11;t_t;Competições esportivas ou de destreza física ou intelectual, com ou sem a participação do espectador.;t_t;1.2505.90.00;t_t;Serviços desportivos e recreacionais desportivos não classificados em subposições anteriores;t_t;030101;t_t;local da prestação;t_t;000001;t_t;Situações tributadas integralmente pelo IBS e CBS.;)_g
(;12.11;t_t;Competições esportivas ou de destreza física ou intelectual, com ou sem a participação do espectador.;t_t;1.2505.90.00;t_t;Serviços desportivos e recreacionais desportivos não classificados em subposições anteriores;t_t;030102;t_t;local da prestação;t_t;000001;t_t;Situações tributadas integralmente pelo IBS e CBS.;)_g
(;12.11;t_t;Competições esportivas ou de destreza física ou intelectual, com ou sem a participação do espectador.;t_t;1.2505.90.00;t_t;Serviços desportivos e recreacionais desportivos não classificados em subposições anteriores;t_t;030103;t_t;local da prestação;t_t;000001;t_t;Situações tributadas integralmente pelo IBS e CBS.;)_g
(;12.11;t_t;Competições esportivas ou de destreza física ou intelectual, com ou sem a participação do espectador.;t_t;1.2505.90.00;t_t;Serviços desportivos e recreacionais desportivos não classificados em subposições anteriores;t_t;030104;t_t;local da prestação;t_t;000001;t_t;Situações tributadas integralmente pelo IBS e CBS.;)_g
(;12.11;t_t;Competições esportivas ou de destreza física ou intelectual, com ou sem a participação do espectador.;t_t;1.2505.10.00;t_t;Serviços de organização e promoção de eventos desportivos e recreacionais desportivos;t_t;030101;t_t;local da prestação;t_t;000001;t_t;Situações tributadas integralmente pelo IBS e CBS.;)_g
(;12.11;t_t;Competições esportivas ou de destreza física ou intelectual, com ou sem a participação do espectador.;t_t;1.2505.10.00;t_t;Serviços de organização e promoção de eventos desportivos e recreacionais desportivos;t_t;030102;t_t;local da prestação;t_t;000001;t_t;Situações tributadas integralmente pelo IBS e CBS.;)_g
(;12.11;t_t;Competições esportivas ou de destreza física ou intelectual, com ou sem a participação do espectador.;t_t;1.2505.10.00;t_t;Serviços de organização e promoção de eventos desportivos e recreacionais desportivos;t_t;030103;t_t;local da prestação;t_t;000001;t_t;Situações tributadas integralmente pelo IBS e CBS.;)_g
(;12.11;t_t;Competições esportivas ou de destreza física ou intelectual, com ou sem a participação do espectador.;t_t;1.2505.10.00;t_t;Serviços de organização e promoção de eventos desportivos e recreacionais desportivos;t_t;030104;t_t;local da prestação;t_t;000001;t_t;Situações tributadas integralmente pelo IBS e CBS.;)_g
(;12.12;t_t;Execução de música.;t_t;1.2503.10.00;t_t;Serviços de atuação artística;t_t;030101;t_t;local da prestação;t_t;200039;t_t;Fornecimento dos serviços e o licenciamento ou cessão dos direitos destinados às produções nacionais artísticas (Anexo X);)_g
(;12.12;t_t;Execução de música.;t_t;1.2503.10.00;t_t;Serviços de atuação artística;t_t;030102;t_t;local da prestação;t_t;200039;t_t;Fornecimento dos serviços e o licenciamento ou cessão dos direitos destinados às produções nacionais artísticas (Anexo X);)_g
(;12.12;t_t;Execução de música.;t_t;1.2503.10.00;t_t;Serviços de atuação artística;t_t;030103;t_t;local da prestação;t_t;200039;t_t;Fornecimento dos serviços e o licenciamento ou cessão dos direitos destinados às produções nacionais artísticas (Anexo X);)_g
(;12.12;t_t;Execução de música.;t_t;1.2503.10.00;t_t;Serviços de atuação artística;t_t;030104;t_t;local da prestação;t_t;200039;t_t;Fornecimento dos serviços e o licenciamento ou cessão dos direitos destinados às produções nacionais artísticas (Anexo X);)_g
(;12.12;t_t;Execução de música.;t_t;1.2503.10.00;t_t;Serviços de atuação artística;t_t;100301;t_t;Domicílio principal do adquirente;t_t;200039;t_t;Fornecimento dos serviços e o licenciamento ou cessão dos direitos destinados às produções nacionais artísticas (Anexo X);)_g
(;12.12;t_t;Execução de música.;t_t;1.2503.10.00;t_t;Serviços de atuação artística;t_t;030101;t_t;local da prestação;t_t;000001;t_t;Situações tributadas integralmente pelo IBS e CBS.;)_g
(;12.12;t_t;Execução de música.;t_t;1.2503.10.00;t_t;Serviços de atuação artística;t_t;030102;t_t;local da prestação;t_t;000001;t_t;Situações tributadas integralmente pelo IBS e CBS.;)_g
(;12.12;t_t;Execução de música.;t_t;1.2503.10.00;t_t;Serviços de atuação artística;t_t;030103;t_t;local da prestação;t_t;000001;t_t;Situações tributadas integralmente pelo IBS e CBS.;)_g
(;12.12;t_t;Execução de música.;t_t;1.2503.10.00;t_t;Serviços de atuação artística;t_t;030104;t_t;local da prestação;t_t;000001;t_t;Situações tributadas integralmente pelo IBS e CBS.;)_g
(;12.12;t_t;Execução de música.;t_t;1.2503.10.00;t_t;Serviços de atuação artística;t_t;100301;t_t;Domicílio principal do adquirente;t_t;000001;t_t;Situações tributadas integralmente pelo IBS e CBS.;)_g
(;12.13;t_t;Produção, mediante ou sem encomenda prévia, de eventos, espetáculos, entrevistas, shows, ballet , danças, desfiles, bailes, teatros, óperas, concertos, recitais, festivais e congêneres, inclusive programas de televisão, matérias jornalísticas ou publicitárias.;t_t;1.2501.21.00;t_t;Serviços de produção de programas de televisão, videoteipes e filmes;t_t;040101;t_t;local evento;t_t;200039;t_t;Fornecimento dos serviços e o licenciamento ou cessão dos direitos destinados às produções nacionais artísticas (Anexo X);)_g
(;12.13;t_t;Produção, mediante ou sem encomenda prévia, de eventos, espetáculos, entrevistas, shows, ballet , danças, desfiles, bailes, teatros, óperas, concertos, recitais, festivais e congêneres, inclusive programas de televisão, matérias jornalísticas ou publicitárias.;t_t;1.2501.21.00;t_t;Serviços de produção de programas de televisão, videoteipes e filmes;t_t;040101;t_t;local evento;t_t;000001;t_t;Situações tributadas integralmente pelo IBS e CBS.;)_g
(;12.13;t_t;Produção, mediante ou sem encomenda prévia, de eventos, espetáculos, entrevistas, shows, ballet , danças, desfiles, bailes, teatros, óperas, concertos, recitais, festivais e congêneres, inclusive programas de televisão, matérias jornalísticas ou publicitárias.;t_t;1.2501.22.00;t_t;Serviços de produção de programas de rádio;t_t;040101;t_t;local evento;t_t;200039;t_t;Fornecimento dos serviços e o licenciamento ou cessão dos direitos destinados às produções nacionais artísticas (Anexo X);)_g
(;12.13;t_t;Produção, mediante ou sem encomenda prévia, de eventos, espetáculos, entrevistas, shows, ballet , danças, desfiles, bailes, teatros, óperas, concertos, recitais, festivais e congêneres, inclusive programas de televisão, matérias jornalísticas ou publicitárias.;t_t;1.2501.22.00;t_t;Serviços de produção de programas de rádio;t_t;040101;t_t;local evento;t_t;000001;t_t;Situações tributadas integralmente pelo IBS e CBS.;)_g
(;12.13;t_t;Produção, mediante ou sem encomenda prévia, de eventos, espetáculos, entrevistas, shows, ballet , danças, desfiles, bailes, teatros, óperas, concertos, recitais, festivais e congêneres, inclusive programas de televisão, matérias jornalísticas ou publicitárias.;t_t;1.2502.10.00;t_t;Serviços de organização e promoção de atuações artísticas ao vivo;t_t;040101;t_t;local evento;t_t;200039;t_t;Fornecimento dos serviços e o licenciamento ou cessão dos direitos destinados às produções nacionais artísticas (Anexo X);)_g
(;12.13;t_t;Produção, mediante ou sem encomenda prévia, de eventos, espetáculos, entrevistas, shows, ballet , danças, desfiles, bailes, teatros, óperas, concertos, recitais, festivais e congêneres, inclusive programas de televisão, matérias jornalísticas ou publicitárias.;t_t;1.2502.10.00;t_t;Serviços de organização e promoção de atuações artísticas ao vivo;t_t;040101;t_t;local evento;t_t;000001;t_t;Situações tributadas integralmente pelo IBS e CBS.;)_g
(;12.13;t_t;Produção, mediante ou sem encomenda prévia, de eventos, espetáculos, entrevistas, shows, ballet , danças, desfiles, bailes, teatros, óperas, concertos, recitais, festivais e congêneres, inclusive programas de televisão, matérias jornalísticas ou publicitárias.;t_t;1.2502.20.00;t_t;Serviços de produção e apresentação de atuações artísticas ao vivo;t_t;040101;t_t;local evento;t_t;200039;t_t;Fornecimento dos serviços e o licenciamento ou cessão dos direitos destinados às produções nacionais artísticas (Anexo X);)_g
(;12.13;t_t;Produção, mediante ou sem encomenda prévia, de eventos, espetáculos, entrevistas, shows, ballet , danças, desfiles, bailes, teatros, óperas, concertos, recitais, festivais e congêneres, inclusive programas de televisão, matérias jornalísticas ou publicitárias.;t_t;1.2502.20.00;t_t;Serviços de produção e apresentação de atuações artísticas ao vivo;t_t;040101;t_t;local evento;t_t;000001;t_t;Situações tributadas integralmente pelo IBS e CBS.;)_g
(;12.13;t_t;Produção, mediante ou sem encomenda prévia, de eventos, espetáculos, entrevistas, shows, ballet , danças, desfiles, bailes, teatros, óperas, concertos, recitais, festivais e congêneres, inclusive programas de televisão, matérias jornalísticas ou publicitárias.;t_t;1.2502.30.00;t_t;Serviços de apoio para atuações artísticas ao vivo;t_t;040101;t_t;local evento;t_t;200039;t_t;Fornecimento dos serviços e o licenciamento ou cessão dos direitos destinados às produções nacionais artísticas (Anexo X);)_g
(;12.13;t_t;Produção, mediante ou sem encomenda prévia, de eventos, espetáculos, entrevistas, shows, ballet , danças, desfiles, bailes, teatros, óperas, concertos, recitais, festivais e congêneres, inclusive programas de televisão, matérias jornalísticas ou publicitárias.;t_t;1.2502.30.00;t_t;Serviços de apoio para atuações artísticas ao vivo;t_t;040101;t_t;local evento;t_t;000001;t_t;Situações tributadas integralmente pelo IBS e CBS.;)_g
(;12.13;t_t;Produção, mediante ou sem encomenda prévia, de eventos, espetáculos, entrevistas, shows, ballet , danças, desfiles, bailes, teatros, óperas, concertos, recitais, festivais e congêneres, inclusive programas de televisão, matérias jornalísticas ou publicitárias.;t_t;1.2505.10.00;t_t;Serviços de organização e promoção de eventos desportivos e recreacionais desportivos;t_t;040101;t_t;local evento;t_t;000001;t_t;Situações tributadas integralmente pelo IBS e CBS.;)_g
(;12.14;t_t;Fornecimento de música para ambientes fechados ou não, mediante transmissão por qualquer processo.;t_t;1.2502.90.00;t_t;Serviços de apresentação e promoção de atuações artísticas e outros serviços de entretenimento ao vivo não classificados em subposições anteriores;t_t;030101;t_t;local da prestação;t_t;200039;t_t;Fornecimento dos serviços e o licenciamento ou cessão dos direitos destinados às produções nacionais artísticas (Anexo X);)_g
(;12.14;t_t;Fornecimento de música para ambientes fechados ou não, mediante transmissão por qualquer processo.;t_t;1.2502.90.00;t_t;Serviços de apresentação e promoção de atuações artísticas e outros serviços de entretenimento ao vivo não classificados em subposições anteriores;t_t;030102;t_t;local da prestação;t_t;200039;t_t;Fornecimento dos serviços e o licenciamento ou cessão dos direitos destinados às produções nacionais artísticas (Anexo X);)_g
(;12.14;t_t;Fornecimento de música para ambientes fechados ou não, mediante transmissão por qualquer processo.;t_t;1.2502.90.00;t_t;Serviços de apresentação e promoção de atuações artísticas e outros serviços de entretenimento ao vivo não classificados em subposições anteriores;t_t;030103;t_t;local da prestação;t_t;200039;t_t;Fornecimento dos serviços e o licenciamento ou cessão dos direitos destinados às produções nacionais artísticas (Anexo X);)_g
(;12.14;t_t;Fornecimento de música para ambientes fechados ou não, mediante transmissão por qualquer processo.;t_t;1.2502.90.00;t_t;Serviços de apresentação e promoção de atuações artísticas e outros serviços de entretenimento ao vivo não classificados em subposições anteriores;t_t;030104;t_t;local da prestação;t_t;200039;t_t;Fornecimento dos serviços e o licenciamento ou cessão dos direitos destinados às produções nacionais artísticas (Anexo X);)_g
(;12.14;t_t;Fornecimento de música para ambientes fechados ou não, mediante transmissão por qualquer processo.;t_t;1.2502.90.00;t_t;Serviços de apresentação e promoção de atuações artísticas e outros serviços de entretenimento ao vivo não classificados em subposições anteriores;t_t;100301;t_t;Domicílio principal do adquirente;t_t;200039;t_t;Fornecimento dos serviços e o licenciamento ou cessão dos direitos destinados às produções nacionais artísticas (Anexo X);)_g
(;12.14;t_t;Fornecimento de música para ambientes fechados ou não, mediante transmissão por qualquer processo.;t_t;1.2502.90.00;t_t;Serviços de apresentação e promoção de atuações artísticas e outros serviços de entretenimento ao vivo não classificados em subposições anteriores;t_t;030101;t_t;local da prestação;t_t;000001;t_t;Situações tributadas integralmente pelo IBS e CBS.;)_g
(;12.14;t_t;Fornecimento de música para ambientes fechados ou não, mediante transmissão por qualquer processo.;t_t;1.2502.90.00;t_t;Serviços de apresentação e promoção de atuações artísticas e outros serviços de entretenimento ao vivo não classificados em subposições anteriores;t_t;030102;t_t;local da prestação;t_t;000001;t_t;Situações tributadas integralmente pelo IBS e CBS.;)_g
(;12.14;t_t;Fornecimento de música para ambientes fechados ou não, mediante transmissão por qualquer processo.;t_t;1.2502.90.00;t_t;Serviços de apresentação e promoção de atuações artísticas e outros serviços de entretenimento ao vivo não classificados em subposições anteriores;t_t;030103;t_t;local da prestação;t_t;000001;t_t;Situações tributadas integralmente pelo IBS e CBS.;)_g
(;12.14;t_t;Fornecimento de música para ambientes fechados ou não, mediante transmissão por qualquer processo.;t_t;1.2502.90.00;t_t;Serviços de apresentação e promoção de atuações artísticas e outros serviços de entretenimento ao vivo não classificados em subposições anteriores;t_t;030104;t_t;local da prestação;t_t;000001;t_t;Situações tributadas integralmente pelo IBS e CBS.;)_g
(;12.14;t_t;Fornecimento de música para ambientes fechados ou não, mediante transmissão por qualquer processo.;t_t;1.2502.90.00;t_t;Serviços de apresentação e promoção de atuações artísticas e outros serviços de entretenimento ao vivo não classificados em subposições anteriores;t_t;100301;t_t;Domicílio principal do adquirente;t_t;000001;t_t;Situações tributadas integralmente pelo IBS e CBS.;)_g
(;12.15;t_t;Desfiles de blocos carnavalescos ou folclóricos, trios elétricos e congêneres.;t_t;1.2502.90.00;t_t;Serviços de apresentação e promoção de atuações artísticas e outros serviços de entretenimento ao vivo não classificados em subposições anteriores;t_t;040101;t_t;local do evento;t_t;200039;t_t;Fornecimento dos serviços e o licenciamento ou cessão dos direitos destinados às produções nacionais artísticas (Anexo X);)_g
(;12.15;t_t;Desfiles de blocos carnavalescos ou folclóricos, trios elétricos e congêneres.;t_t;1.2502.90.00;t_t;Serviços de apresentação e promoção de atuações artísticas e outros serviços de entretenimento ao vivo não classificados em subposições anteriores;t_t;040101;t_t;local do evento;t_t;000001;t_t;Situações tributadas integralmente pelo IBS e CBS.;)_g
(;12.15;t_t;Desfiles de blocos carnavalescos ou folclóricos, trios elétricos e congêneres.;t_t;1.2502.20.00;t_t;Serviços de produção e apresentação de atuações artísticas ao vivo;t_t;040101;t_t;local do evento;t_t;200039;t_t;Fornecimento dos serviços e o licenciamento ou cessão dos direitos destinados às produções nacionais artísticas (Anexo X);)_g
(;12.15;t_t;Desfiles de blocos carnavalescos ou folclóricos, trios elétricos e congêneres.;t_t;1.2502.20.00;t_t;Serviços de produção e apresentação de atuações artísticas ao vivo;t_t;040101;t_t;local do evento;t_t;000001;t_t;Situações tributadas integralmente pelo IBS e CBS.;)_g
(;12.16;t_t;Exibição de filmes, entrevistas, musicais, espetáculos, shows, concertos, desfiles, óperas, competições esportivas, de destreza intelectual ou congêneres.;t_t;1.2501.50.00;t_t;Serviços de projeção de filmes;t_t;100301;t_t;Domicílio principal do adquirente;t_t;200039;t_t;Fornecimento dos serviços e o licenciamento ou cessão dos direitos destinados às produções nacionais artísticas (Anexo X);)_g
(;12.16;t_t;Exibição de filmes, entrevistas, musicais, espetáculos, shows, concertos, desfiles, óperas, competições esportivas, de destreza intelectual ou congêneres.;t_t;1.2501.50.00;t_t;Serviços de projeção de filmes;t_t;100301;t_t;Domicílio principal do adquirente;t_t;000001;t_t;Situações tributadas integralmente pelo IBS e CBS.;)_g
(;12.16;t_t;Exibição de filmes, entrevistas, musicais, espetáculos, shows, concertos, desfiles, óperas, competições esportivas, de destreza intelectual ou congêneres.;t_t;1.2502.90.00;t_t;Serviços de apresentação e promoção de atuações artísticas e outros serviços de entretenimento ao vivo não classificados em subposições anteriores;t_t;100301;t_t;Domicílio principal do adquirente;t_t;200039;t_t;Fornecimento dos serviços e o licenciamento ou cessão dos direitos destinados às produções nacionais artísticas (Anexo X);)_g
(;12.16;t_t;Exibição de filmes, entrevistas, musicais, espetáculos, shows, concertos, desfiles, óperas, competições esportivas, de destreza intelectual ou congêneres.;t_t;1.2502.90.00;t_t;Serviços de apresentação e promoção de atuações artísticas e outros serviços de entretenimento ao vivo não classificados em subposições anteriores;t_t;100301;t_t;Domicílio principal do adquirente;t_t;000001;t_t;Situações tributadas integralmente pelo IBS e CBS.;)_g
(;12.16;t_t;Exibição de filmes, entrevistas, musicais, espetáculos, shows, concertos, desfiles, óperas, competições esportivas, de destreza intelectual ou congêneres.;t_t;1.2505.10.00;t_t;Serviços de organização e promoção de eventos desportivos e recreacionais desportivos;t_t;100301;t_t;Domicílio principal do adquirente;t_t;000001;t_t;Situações tributadas integralmente pelo IBS e CBS.;)_g
(;12.17;t_t;Recreação e animação, inclusive em festas e eventos de qualquer natureza.;t_t;1.2508.00.00;t_t;Serviços recreativos, culturais e desportivos não classificados em posições anteriores;t_t;030101;t_t;local da prestação;t_t;000001;t_t;Situações tributadas integralmente pelo IBS e CBS.;)_g
(;12.17;t_t;Recreação e animação, inclusive em festas e eventos de qualquer natureza.;t_t;1.2508.00.00;t_t;Serviços recreativos, culturais e desportivos não classificados em posições anteriores;t_t;030102;t_t;local da prestação;t_t;000001;t_t;Situações tributadas integralmente pelo IBS e CBS.;)_g
(;12.17;t_t;Recreação e animação, inclusive em festas e eventos de qualquer natureza.;t_t;1.2508.00.00;t_t;Serviços recreativos, culturais e desportivos não classificados em posições anteriores;t_t;030103;t_t;local da prestação;t_t;000001;t_t;Situações tributadas integralmente pelo IBS e CBS.;)_g
(;12.17;t_t;Recreação e animação, inclusive em festas e eventos de qualquer natureza.;t_t;1.2508.00.00;t_t;Serviços recreativos, culturais e desportivos não classificados em posições anteriores;t_t;030104;t_t;local da prestação;t_t;000001;t_t;Situações tributadas integralmente pelo IBS e CBS.;)_g
(;13.02;t_t;Fonografia ou gravação de sons, inclusive trucagem, dublagem, mixagem e congêneres.;t_t;1.2501.11.00;t_t;Serviços de gravação de som em estúdio;t_t;100301;t_t;Domicílio principal do adquirente;t_t;200039;t_t;Fornecimento dos serviços e o licenciamento ou cessão dos direitos destinados às produções nacionais artísticas (Anexo X);)_g
(;13.02;t_t;Fonografia ou gravação de sons, inclusive trucagem, dublagem, mixagem e congêneres.;t_t;1.2501.11.00;t_t;Serviços de gravação de som em estúdio;t_t;100301;t_t;Domicílio principal do adquirente;t_t;000001;t_t;Situações tributadas integralmente pelo IBS e CBS.;)_g
(;13.02;t_t;Fonografia ou gravação de sons, inclusive trucagem, dublagem, mixagem e congêneres.;t_t;1.2501.12.00;t_t;Serviços de gravação de som ao vivo;t_t;100301;t_t;Domicílio principal do adquirente;t_t;200039;t_t;Fornecimento dos serviços e o licenciamento ou cessão dos direitos destinados às produções nacionais artísticas (Anexo X);)_g
(;13.02;t_t;Fonografia ou gravação de sons, inclusive trucagem, dublagem, mixagem e congêneres.;t_t;1.2501.12.00;t_t;Serviços de gravação de som ao vivo;t_t;100301;t_t;Domicílio principal do adquirente;t_t;000001;t_t;Situações tributadas integralmente pelo IBS e CBS.;)_g
(;13.02;t_t;Fonografia ou gravação de sons, inclusive trucagem, dublagem, mixagem e congêneres.;t_t;1.2501.36.00;t_t;Serviços de legendas, títulos e dublagem em obras audiovisuais;t_t;100301;t_t;Domicílio principal do adquirente;t_t;200039;t_t;Fornecimento dos serviços e o licenciamento ou cessão dos direitos destinados às produções nacionais artísticas (Anexo X);)_g
(;13.02;t_t;Fonografia ou gravação de sons, inclusive trucagem, dublagem, mixagem e congêneres.;t_t;1.2501.36.00;t_t;Serviços de legendas, títulos e dublagem em obras audiovisuais;t_t;100301;t_t;Domicílio principal do adquirente;t_t;000001;t_t;Situações tributadas integralmente pelo IBS e CBS.;)_g
(;13.02;t_t;Fonografia ou gravação de sons, inclusive trucagem, dublagem, mixagem e congêneres.;t_t;1.2501.37.00;t_t;Serviços de projeto e edição de som em obras audiovisuais;t_t;100301;t_t;Domicílio principal do adquirente;t_t;200039;t_t;Fornecimento dos serviços e o licenciamento ou cessão dos direitos destinados às produções nacionais artísticas (Anexo X);)_g
(;13.02;t_t;Fonografia ou gravação de sons, inclusive trucagem, dublagem, mixagem e congêneres.;t_t;1.2501.37.00;t_t;Serviços de projeto e edição de som em obras audiovisuais;t_t;100301;t_t;Domicílio principal do adquirente;t_t;000001;t_t;Situações tributadas integralmente pelo IBS e CBS.;)_g
(;13.02;t_t;Fonografia ou gravação de sons, inclusive trucagem, dublagem, mixagem e congêneres.;t_t;1.2501.39.00;t_t;Serviços de pós-produção de obras audiovisuais não classificados em subposições anteriores;t_t;100301;t_t;Domicílio principal do adquirente;t_t;000001;t_t;Situações tributadas integralmente pelo IBS e CBS.;)_g
(;13.03;t_t;Fotografia e cinematografia, inclusive revelação, ampliação, cópia, reprodução, trucagem e congêneres.;t_t;1.1408.11.00;t_t;Serviços fotográficos de retratos;t_t;100301;t_t;Domicílio principal do adquirente;t_t;000001;t_t;Situações tributadas integralmente pelo IBS e CBS.;)_g
(;13.03;t_t;Fotografia e cinematografia, inclusive revelação, ampliação, cópia, reprodução, trucagem e congêneres.;t_t;1.1408.12.00;t_t;Serviços fotográficos e videográficos para propaganda;t_t;100301;t_t;Domicílio principal do adquirente;t_t;000001;t_t;Situações tributadas integralmente pelo IBS e CBS.;)_g
(;13.03;t_t;Fotografia e cinematografia, inclusive revelação, ampliação, cópia, reprodução, trucagem e congêneres.;t_t;1.1408.13.00;t_t;Serviços fotográficos e videográficos de eventos;t_t;100301;t_t;Domicílio principal do adquirente;t_t;000001;t_t;Situações tributadas integralmente pelo IBS e CBS.;)_g
(;13.03;t_t;Fotografia e cinematografia, inclusive revelação, ampliação, cópia, reprodução, trucagem e congêneres.;t_t;1.1408.14.00;t_t;Serviços fotográficos especiais ;t_t;100301;t_t;Domicílio principal do adquirente;t_t;000001;t_t;Situações tributadas integralmente pelo IBS e CBS.;)_g
(;13.03;t_t;Fotografia e cinematografia, inclusive revelação, ampliação, cópia, reprodução, trucagem e congêneres.;t_t;1.1408.15.00;t_t;Serviços de restauração e retoque de fotografias ;t_t;100301;t_t;Domicílio principal do adquirente;t_t;000001;t_t;Situações tributadas integralmente pelo IBS e CBS.;)_g
(;13.03;t_t;Fotografia e cinematografia, inclusive revelação, ampliação, cópia, reprodução, trucagem e congêneres.;t_t;1.1408.19.00;t_t;Serviços fotográficos e videográficos não classificados em subposições anteriores;t_t;100301;t_t;Domicílio principal do adquirente;t_t;000001;t_t;Situações tributadas integralmente pelo IBS e CBS.;)_g
(;13.03;t_t;Fotografia e cinematografia, inclusive revelação, ampliação, cópia, reprodução, trucagem e congêneres.;t_t;1.1408.20.00;t_t;Serviços de processamento de fotografias;t_t;100301;t_t;Domicílio principal do adquirente;t_t;000001;t_t;Situações tributadas integralmente pelo IBS e CBS.;)_g
(;13.03;t_t;Fotografia e cinematografia, inclusive revelação, ampliação, cópia, reprodução, trucagem e congêneres.;t_t;1.2101.23.00;t_t;Serviços de reprodução de mídia gravada;t_t;100301;t_t;Domicílio principal do adquirente;t_t;000001;t_t;Situações tributadas integralmente pelo IBS e CBS.;)_g
(;13.03;t_t;Fotografia e cinematografia, inclusive revelação, ampliação, cópia, reprodução, trucagem e congêneres.;t_t;1.2501.31.00;t_t;Serviços de edição de obras audiovisuais;t_t;100301;t_t;Domicílio principal do adquirente;t_t;200039;t_t;Fornecimento dos serviços e o licenciamento ou cessão dos direitos destinados às produções nacionais artísticas (Anexo X);)_g
(;13.03;t_t;Fotografia e cinematografia, inclusive revelação, ampliação, cópia, reprodução, trucagem e congêneres.;t_t;1.2501.31.00;t_t;Serviços de edição de obras audiovisuais;t_t;100301;t_t;Domicílio principal do adquirente;t_t;000001;t_t;Situações tributadas integralmente pelo IBS e CBS.;)_g
(;13.03;t_t;Fotografia e cinematografia, inclusive revelação, ampliação, cópia, reprodução, trucagem e congêneres.;t_t;1.2501.32.00;t_t;Serviços de duplicação e transferência de obras audiovisuais;t_t;100301;t_t;Domicílio principal do adquirente;t_t;200039;t_t;Fornecimento dos serviços e o licenciamento ou cessão dos direitos destinados às produções nacionais artísticas (Anexo X);)_g
(;13.03;t_t;Fotografia e cinematografia, inclusive revelação, ampliação, cópia, reprodução, trucagem e congêneres.;t_t;1.2501.32.00;t_t;Serviços de duplicação e transferência de obras audiovisuais;t_t;100301;t_t;Domicílio principal do adquirente;t_t;000001;t_t;Situações tributadas integralmente pelo IBS e CBS.;)_g
(;13.03;t_t;Fotografia e cinematografia, inclusive revelação, ampliação, cópia, reprodução, trucagem e congêneres.;t_t;1.2501.33.00;t_t;Serviços de correção de cor e restauração digital de obras audiovisuais;t_t;100301;t_t;Domicílio principal do adquirente;t_t;200039;t_t;Fornecimento dos serviços e o licenciamento ou cessão dos direitos destinados às produções nacionais artísticas (Anexo X);)_g
(;13.03;t_t;Fotografia e cinematografia, inclusive revelação, ampliação, cópia, reprodução, trucagem e congêneres.;t_t;1.2501.33.00;t_t;Serviços de correção de cor e restauração digital de obras audiovisuais;t_t;100301;t_t;Domicílio principal do adquirente;t_t;000001;t_t;Situações tributadas integralmente pelo IBS e CBS.;)_g
(;13.03;t_t;Fotografia e cinematografia, inclusive revelação, ampliação, cópia, reprodução, trucagem e congêneres.;t_t;1.2501.34.00;t_t;Serviços de efeitos visuais em obras audiovisuais;t_t;100301;t_t;Domicílio principal do adquirente;t_t;200039;t_t;Fornecimento dos serviços e o licenciamento ou cessão dos direitos destinados às produções nacionais artísticas (Anexo X);)_g
(;13.03;t_t;Fotografia e cinematografia, inclusive revelação, ampliação, cópia, reprodução, trucagem e congêneres.;t_t;1.2501.34.00;t_t;Serviços de efeitos visuais em obras audiovisuais;t_t;100301;t_t;Domicílio principal do adquirente;t_t;000001;t_t;Situações tributadas integralmente pelo IBS e CBS.;)_g
(;13.03;t_t;Fotografia e cinematografia, inclusive revelação, ampliação, cópia, reprodução, trucagem e congêneres.;t_t;1.2501.35.00;t_t;Serviços de animação;t_t;100301;t_t;Domicílio principal do adquirente;t_t;200039;t_t;Fornecimento dos serviços e o licenciamento ou cessão dos direitos destinados às produções nacionais artísticas (Anexo X);)_g
(;13.03;t_t;Fotografia e cinematografia, inclusive revelação, ampliação, cópia, reprodução, trucagem e congêneres.;t_t;1.2501.35.00;t_t;Serviços de animação;t_t;100301;t_t;Domicílio principal do adquirente;t_t;000001;t_t;Situações tributadas integralmente pelo IBS e CBS.;)_g
(;13.03;t_t;Fotografia e cinematografia, inclusive revelação, ampliação, cópia, reprodução, trucagem e congêneres.;t_t;1.2501.36.00;t_t;Serviços de legendas, títulos e dublagem em obras audiovisuais;t_t;100301;t_t;Domicílio principal do adquirente;t_t;200039;t_t;Fornecimento dos serviços e o licenciamento ou cessão dos direitos destinados às produções nacionais artísticas (Anexo X);)_g
(;13.03;t_t;Fotografia e cinematografia, inclusive revelação, ampliação, cópia, reprodução, trucagem e congêneres.;t_t;1.2501.36.00;t_t;Serviços de legendas, títulos e dublagem em obras audiovisuais;t_t;100301;t_t;Domicílio principal do adquirente;t_t;000001;t_t;Situações tributadas integralmente pelo IBS e CBS.;)_g
(;13.03;t_t;Fotografia e cinematografia, inclusive revelação, ampliação, cópia, reprodução, trucagem e congêneres.;t_t;1.2501.39.00;t_t;Serviços de pós-produção de obras audiovisuais não classificados em subposições anteriores;t_t;100301;t_t;Domicílio principal do adquirente;t_t;000001;t_t;Situações tributadas integralmente pelo IBS e CBS.;)_g
(;13.03;t_t;Fotografia e cinematografia, inclusive revelação, ampliação, cópia, reprodução, trucagem e congêneres.;t_t;1.2501.90.00;t_t;Serviços de produção audiovisual, de apoio e relacionados não classificados em subposições anteriores;t_t;100301;t_t;Domicílio principal do adquirente;t_t;200039;t_t;Fornecimento dos serviços e o licenciamento ou cessão dos direitos destinados às produções nacionais artísticas (Anexo X);)_g
(;13.03;t_t;Fotografia e cinematografia, inclusive revelação, ampliação, cópia, reprodução, trucagem e congêneres.;t_t;1.2501.90.00;t_t;Serviços de produção audiovisual, de apoio e relacionados não classificados em subposições anteriores;t_t;100301;t_t;Domicílio principal do adquirente;t_t;000001;t_t;Situações tributadas integralmente pelo IBS e CBS.;)_g
(;13.04;t_t;Reprografia, microfilmagem e digitalização.;t_t;1.1806.51.00;t_t;Serviços de fotocópias e outros serviços de reprodução de documentos;t_t;100301;t_t;Domicílio principal do adquirente;t_t;000001;t_t;Situações tributadas integralmente pelo IBS e CBS.;)_g
(;13.05;t_t;Composição Gráfica, Inclusive Confecção De Impressos Gráficos, Fotocomposição, Clicheria, Zincografia, Litografia E Fotolitografia, Exceto Se Destinados A Posterior Operação De Comercialização Ou Industrialização, Ainda Que Incorporados, De Qualquer Forma, A Outra Mercadoria Que Deva Ser Objeto De Posterior Circulação, Tais Como Bulas, Rótulos, Etiquetas, Caixas, Cartuchos, Embalagens E Manuais Técnicos E De Instrução, Quando Ficarão Sujeitos Ao ICMS.;t_t;1.2101.10.00;t_t;Serviços de editoração;t_t;100301;t_t;Domicílio principal do adquirente;t_t;000001;t_t;Situações tributadas integralmente pelo IBS e CBS.;)_g
(;13.05;t_t;Composição Gráfica, Inclusive Confecção De Impressos Gráficos, Fotocomposição, Clicheria, Zincografia, Litografia E Fotolitografia, Exceto Se Destinados A Posterior Operação De Comercialização Ou Industrialização, Ainda Que Incorporados, De Qualquer Forma, A Outra Mercadoria Que Deva Ser Objeto De Posterior Circulação, Tais Como Bulas, Rótulos, Etiquetas, Caixas, Cartuchos, Embalagens E Manuais Técnicos E De Instrução, Quando Ficarão Sujeitos Ao ICMS.;t_t;1.2101.21.00;t_t;Serviços de impressão;t_t;100301;t_t;Domicílio principal do adquirente;t_t;000001;t_t;Situações tributadas integralmente pelo IBS e CBS.;)_g
(;13.05;t_t;Composição Gráfica, Inclusive Confecção De Impressos Gráficos, Fotocomposição, Clicheria, Zincografia, Litografia E Fotolitografia, Exceto Se Destinados A Posterior Operação De Comercialização Ou Industrialização, Ainda Que Incorporados, De Qualquer Forma, A Outra Mercadoria Que Deva Ser Objeto De Posterior Circulação, Tais Como Bulas, Rótulos, Etiquetas, Caixas, Cartuchos, Embalagens E Manuais Técnicos E De Instrução, Quando Ficarão Sujeitos Ao ICMS.;t_t;1.2101.22.00;t_t;Serviços relacionados à impressão;t_t;100301;t_t;Domicílio principal do adquirente;t_t;000001;t_t;Situações tributadas integralmente pelo IBS e CBS.;)_g
(;14.01;t_t;Lubrificação, limpeza, lustração, revisão, carga e recarga, conserto, restauração, blindagem, manutenção e conservação de máquinas, veículos, aparelhos, equipamentos, motores, elevadores ou de qualquer objeto (exceto peças e partes empregadas, que ficam sujeitas ao ICMS).;t_t;1.2001.10.00;t_t;Serviços de manutenção e reparação de produtos metálicos, exceto maquinários e equipamentos;t_t;050101;t_t;local da prestação;t_t;000001;t_t;Situações tributadas integralmente pelo IBS e CBS.;)_g
(;14.01;t_t;Lubrificação, limpeza, lustração, revisão, carga e recarga, conserto, restauração, blindagem, manutenção e conservação de máquinas, veículos, aparelhos, equipamentos, motores, elevadores ou de qualquer objeto (exceto peças e partes empregadas, que ficam sujeitas ao ICMS).;t_t;1.2001.10.00;t_t;Serviços de manutenção e reparação de produtos metálicos, exceto maquinários e equipamentos;t_t;050102;t_t;local da prestação;t_t;000001;t_t;Situações tributadas integralmente pelo IBS e CBS.;)_g
(;14.01;t_t;Lubrificação, limpeza, lustração, revisão, carga e recarga, conserto, restauração, blindagem, manutenção e conservação de máquinas, veículos, aparelhos, equipamentos, motores, elevadores ou de qualquer objeto (exceto peças e partes empregadas, que ficam sujeitas ao ICMS).;t_t;1.2001.10.00;t_t;Serviços de manutenção e reparação de produtos metálicos, exceto maquinários e equipamentos;t_t;050103;t_t;local da prestação;t_t;000001;t_t;Situações tributadas integralmente pelo IBS e CBS.;)_g
(;14.01;t_t;Lubrificação, limpeza, lustração, revisão, carga e recarga, conserto, restauração, blindagem, manutenção e conservação de máquinas, veículos, aparelhos, equipamentos, motores, elevadores ou de qualquer objeto (exceto peças e partes empregadas, que ficam sujeitas ao ICMS).;t_t;1.2001.10.00;t_t;Serviços de manutenção e reparação de produtos metálicos, exceto maquinários e equipamentos;t_t;050104;t_t;local da prestação;t_t;000001;t_t;Situações tributadas integralmente pelo IBS e CBS.;)_g
(;14.01;t_t;Lubrificação, limpeza, lustração, revisão, carga e recarga, conserto, restauração, blindagem, manutenção e conservação de máquinas, veículos, aparelhos, equipamentos, motores, elevadores ou de qualquer objeto (exceto peças e partes empregadas, que ficam sujeitas ao ICMS).;t_t;1.2001.20.00;t_t;Serviços de manutenção e reparação de computadores e seus periféricos e de maquinário para escritório;t_t;050101;t_t;local da prestação;t_t;000001;t_t;Situações tributadas integralmente pelo IBS e CBS.;)_g
(;14.01;t_t;Lubrificação, limpeza, lustração, revisão, carga e recarga, conserto, restauração, blindagem, manutenção e conservação de máquinas, veículos, aparelhos, equipamentos, motores, elevadores ou de qualquer objeto (exceto peças e partes empregadas, que ficam sujeitas ao ICMS).;t_t;1.2001.20.00;t_t;Serviços de manutenção e reparação de computadores e seus periféricos e de maquinário para escritório;t_t;050102;t_t;local da prestação;t_t;000001;t_t;Situações tributadas integralmente pelo IBS e CBS.;)_g
(;14.01;t_t;Lubrificação, limpeza, lustração, revisão, carga e recarga, conserto, restauração, blindagem, manutenção e conservação de máquinas, veículos, aparelhos, equipamentos, motores, elevadores ou de qualquer objeto (exceto peças e partes empregadas, que ficam sujeitas ao ICMS).;t_t;1.2001.20.00;t_t;Serviços de manutenção e reparação de computadores e seus periféricos e de maquinário para escritório;t_t;050103;t_t;local da prestação;t_t;000001;t_t;Situações tributadas integralmente pelo IBS e CBS.;)_g
(;14.01;t_t;Lubrificação, limpeza, lustração, revisão, carga e recarga, conserto, restauração, blindagem, manutenção e conservação de máquinas, veículos, aparelhos, equipamentos, motores, elevadores ou de qualquer objeto (exceto peças e partes empregadas, que ficam sujeitas ao ICMS).;t_t;1.2001.20.00;t_t;Serviços de manutenção e reparação de computadores e seus periféricos e de maquinário para escritório;t_t;050104;t_t;local da prestação;t_t;000001;t_t;Situações tributadas integralmente pelo IBS e CBS.;)_g
(;14.01;t_t;Lubrificação, limpeza, lustração, revisão, carga e recarga, conserto, restauração, blindagem, manutenção e conservação de máquinas, veículos, aparelhos, equipamentos, motores, elevadores ou de qualquer objeto (exceto peças e partes empregadas, que ficam sujeitas ao ICMS).;t_t;1.2001.31.10;t_t;Serviços de manutenção e reparação de veículos rodoviários motorizados;t_t;050101;t_t;local da prestação;t_t;000001;t_t;Situações tributadas integralmente pelo IBS e CBS.;)_g
(;14.01;t_t;Lubrificação, limpeza, lustração, revisão, carga e recarga, conserto, restauração, blindagem, manutenção e conservação de máquinas, veículos, aparelhos, equipamentos, motores, elevadores ou de qualquer objeto (exceto peças e partes empregadas, que ficam sujeitas ao ICMS).;t_t;1.2001.31.10;t_t;Serviços de manutenção e reparação de veículos rodoviários motorizados;t_t;050102;t_t;local da prestação;t_t;000001;t_t;Situações tributadas integralmente pelo IBS e CBS.;)_g
(;14.01;t_t;Lubrificação, limpeza, lustração, revisão, carga e recarga, conserto, restauração, blindagem, manutenção e conservação de máquinas, veículos, aparelhos, equipamentos, motores, elevadores ou de qualquer objeto (exceto peças e partes empregadas, que ficam sujeitas ao ICMS).;t_t;1.2001.31.10;t_t;Serviços de manutenção e reparação de veículos rodoviários motorizados;t_t;050103;t_t;local da prestação;t_t;000001;t_t;Situações tributadas integralmente pelo IBS e CBS.;)_g
(;14.01;t_t;Lubrificação, limpeza, lustração, revisão, carga e recarga, conserto, restauração, blindagem, manutenção e conservação de máquinas, veículos, aparelhos, equipamentos, motores, elevadores ou de qualquer objeto (exceto peças e partes empregadas, que ficam sujeitas ao ICMS).;t_t;1.2001.31.10;t_t;Serviços de manutenção e reparação de veículos rodoviários motorizados;t_t;050104;t_t;local da prestação;t_t;000001;t_t;Situações tributadas integralmente pelo IBS e CBS.;)_g
(;14.01;t_t;Lubrificação, limpeza, lustração, revisão, carga e recarga, conserto, restauração, blindagem, manutenção e conservação de máquinas, veículos, aparelhos, equipamentos, motores, elevadores ou de qualquer objeto (exceto peças e partes empregadas, que ficam sujeitas ao ICMS).;t_t;1.2001.31.20;t_t;Serviços de manutenção e reparação de veículos rodoviários não motorizados;t_t;050101;t_t;local da prestação;t_t;000001;t_t;Situações tributadas integralmente pelo IBS e CBS.;)_g
(;14.01;t_t;Lubrificação, limpeza, lustração, revisão, carga e recarga, conserto, restauração, blindagem, manutenção e conservação de máquinas, veículos, aparelhos, equipamentos, motores, elevadores ou de qualquer objeto (exceto peças e partes empregadas, que ficam sujeitas ao ICMS).;t_t;1.2001.31.20;t_t;Serviços de manutenção e reparação de veículos rodoviários não motorizados;t_t;050102;t_t;local da prestação;t_t;000001;t_t;Situações tributadas integralmente pelo IBS e CBS.;)_g
(;14.01;t_t;Lubrificação, limpeza, lustração, revisão, carga e recarga, conserto, restauração, blindagem, manutenção e conservação de máquinas, veículos, aparelhos, equipamentos, motores, elevadores ou de qualquer objeto (exceto peças e partes empregadas, que ficam sujeitas ao ICMS).;t_t;1.2001.31.20;t_t;Serviços de manutenção e reparação de veículos rodoviários não motorizados;t_t;050103;t_t;local da prestação;t_t;000001;t_t;Situações tributadas integralmente pelo IBS e CBS.;)_g
(;14.01;t_t;Lubrificação, limpeza, lustração, revisão, carga e recarga, conserto, restauração, blindagem, manutenção e conservação de máquinas, veículos, aparelhos, equipamentos, motores, elevadores ou de qualquer objeto (exceto peças e partes empregadas, que ficam sujeitas ao ICMS).;t_t;1.2001.31.20;t_t;Serviços de manutenção e reparação de veículos rodoviários não motorizados;t_t;050104;t_t;local da prestação;t_t;000001;t_t;Situações tributadas integralmente pelo IBS e CBS.;)_g
(;14.01;t_t;Lubrificação, limpeza, lustração, revisão, carga e recarga, conserto, restauração, blindagem, manutenção e conservação de máquinas, veículos, aparelhos, equipamentos, motores, elevadores ou de qualquer objeto (exceto peças e partes empregadas, que ficam sujeitas ao ICMS).;t_t;1.2001.32.00;t_t;Serviços de manutenção e reparação de veículos sobre trilhos;t_t;050101;t_t;local da prestação;t_t;000001;t_t;Situações tributadas integralmente pelo IBS e CBS.;)_g
(;14.01;t_t;Lubrificação, limpeza, lustração, revisão, carga e recarga, conserto, restauração, blindagem, manutenção e conservação de máquinas, veículos, aparelhos, equipamentos, motores, elevadores ou de qualquer objeto (exceto peças e partes empregadas, que ficam sujeitas ao ICMS).;t_t;1.2001.32.00;t_t;Serviços de manutenção e reparação de veículos sobre trilhos;t_t;050102;t_t;local da prestação;t_t;000001;t_t;Situações tributadas integralmente pelo IBS e CBS.;)_g
(;14.01;t_t;Lubrificação, limpeza, lustração, revisão, carga e recarga, conserto, restauração, blindagem, manutenção e conservação de máquinas, veículos, aparelhos, equipamentos, motores, elevadores ou de qualquer objeto (exceto peças e partes empregadas, que ficam sujeitas ao ICMS).;t_t;1.2001.32.00;t_t;Serviços de manutenção e reparação de veículos sobre trilhos;t_t;050103;t_t;local da prestação;t_t;000001;t_t;Situações tributadas integralmente pelo IBS e CBS.;)_g
(;14.01;t_t;Lubrificação, limpeza, lustração, revisão, carga e recarga, conserto, restauração, blindagem, manutenção e conservação de máquinas, veículos, aparelhos, equipamentos, motores, elevadores ou de qualquer objeto (exceto peças e partes empregadas, que ficam sujeitas ao ICMS).;t_t;1.2001.32.00;t_t;Serviços de manutenção e reparação de veículos sobre trilhos;t_t;050104;t_t;local da prestação;t_t;000001;t_t;Situações tributadas integralmente pelo IBS e CBS.;)_g
(;14.01;t_t;Lubrificação, limpeza, lustração, revisão, carga e recarga, conserto, restauração, blindagem, manutenção e conservação de máquinas, veículos, aparelhos, equipamentos, motores, elevadores ou de qualquer objeto (exceto peças e partes empregadas, que ficam sujeitas ao ICMS).;t_t;1.2001.33.00;t_t;Serviços de manutenção e reparação de veículos aquaviários;t_t;050101;t_t;local da prestação;t_t;000001;t_t;Situações tributadas integralmente pelo IBS e CBS.;)_g
(;14.01;t_t;Lubrificação, limpeza, lustração, revisão, carga e recarga, conserto, restauração, blindagem, manutenção e conservação de máquinas, veículos, aparelhos, equipamentos, motores, elevadores ou de qualquer objeto (exceto peças e partes empregadas, que ficam sujeitas ao ICMS).;t_t;1.2001.33.00;t_t;Serviços de manutenção e reparação de veículos aquaviários;t_t;050102;t_t;local da prestação;t_t;000001;t_t;Situações tributadas integralmente pelo IBS e CBS.;)_g
(;14.01;t_t;Lubrificação, limpeza, lustração, revisão, carga e recarga, conserto, restauração, blindagem, manutenção e conservação de máquinas, veículos, aparelhos, equipamentos, motores, elevadores ou de qualquer objeto (exceto peças e partes empregadas, que ficam sujeitas ao ICMS).;t_t;1.2001.33.00;t_t;Serviços de manutenção e reparação de veículos aquaviários;t_t;050103;t_t;local da prestação;t_t;000001;t_t;Situações tributadas integralmente pelo IBS e CBS.;)_g
(;14.01;t_t;Lubrificação, limpeza, lustração, revisão, carga e recarga, conserto, restauração, blindagem, manutenção e conservação de máquinas, veículos, aparelhos, equipamentos, motores, elevadores ou de qualquer objeto (exceto peças e partes empregadas, que ficam sujeitas ao ICMS).;t_t;1.2001.33.00;t_t;Serviços de manutenção e reparação de veículos aquaviários;t_t;050104;t_t;local da prestação;t_t;000001;t_t;Situações tributadas integralmente pelo IBS e CBS.;)_g
(;14.01;t_t;Lubrificação, limpeza, lustração, revisão, carga e recarga, conserto, restauração, blindagem, manutenção e conservação de máquinas, veículos, aparelhos, equipamentos, motores, elevadores ou de qualquer objeto (exceto peças e partes empregadas, que ficam sujeitas ao ICMS).;t_t;1.2001.34.10;t_t;Serviços de manutenção e reparação de aeronaves, exceto de motores, turborreatores e turbopropulsores aeronáuticos;t_t;050101;t_t;local da prestação;t_t;000001;t_t;Situações tributadas integralmente pelo IBS e CBS.;)_g
(;14.01;t_t;Lubrificação, limpeza, lustração, revisão, carga e recarga, conserto, restauração, blindagem, manutenção e conservação de máquinas, veículos, aparelhos, equipamentos, motores, elevadores ou de qualquer objeto (exceto peças e partes empregadas, que ficam sujeitas ao ICMS).;t_t;1.2001.34.10;t_t;Serviços de manutenção e reparação de aeronaves, exceto de motores, turborreatores e turbopropulsores aeronáuticos;t_t;050102;t_t;local da prestação;t_t;000001;t_t;Situações tributadas integralmente pelo IBS e CBS.;)_g
(;14.01;t_t;Lubrificação, limpeza, lustração, revisão, carga e recarga, conserto, restauração, blindagem, manutenção e conservação de máquinas, veículos, aparelhos, equipamentos, motores, elevadores ou de qualquer objeto (exceto peças e partes empregadas, que ficam sujeitas ao ICMS).;t_t;1.2001.34.10;t_t;Serviços de manutenção e reparação de aeronaves, exceto de motores, turborreatores e turbopropulsores aeronáuticos;t_t;050103;t_t;local da prestação;t_t;000001;t_t;Situações tributadas integralmente pelo IBS e CBS.;)_g
(;14.01;t_t;Lubrificação, limpeza, lustração, revisão, carga e recarga, conserto, restauração, blindagem, manutenção e conservação de máquinas, veículos, aparelhos, equipamentos, motores, elevadores ou de qualquer objeto (exceto peças e partes empregadas, que ficam sujeitas ao ICMS).;t_t;1.2001.34.10;t_t;Serviços de manutenção e reparação de aeronaves, exceto de motores, turborreatores e turbopropulsores aeronáuticos;t_t;050104;t_t;local da prestação;t_t;000001;t_t;Situações tributadas integralmente pelo IBS e CBS.;)_g
(;14.01;t_t;Lubrificação, limpeza, lustração, revisão, carga e recarga, conserto, restauração, blindagem, manutenção e conservação de máquinas, veículos, aparelhos, equipamentos, motores, elevadores ou de qualquer objeto (exceto peças e partes empregadas, que ficam sujeitas ao ICMS).;t_t;1.2001.34.20;t_t;Serviços de manutenção e reparação de motores, turborreatores e turbopropulsores aeronáuticos;t_t;050101;t_t;local da prestação;t_t;000001;t_t;Situações tributadas integralmente pelo IBS e CBS.;)_g
(;14.01;t_t;Lubrificação, limpeza, lustração, revisão, carga e recarga, conserto, restauração, blindagem, manutenção e conservação de máquinas, veículos, aparelhos, equipamentos, motores, elevadores ou de qualquer objeto (exceto peças e partes empregadas, que ficam sujeitas ao ICMS).;t_t;1.2001.34.20;t_t;Serviços de manutenção e reparação de motores, turborreatores e turbopropulsores aeronáuticos;t_t;050102;t_t;local da prestação;t_t;000001;t_t;Situações tributadas integralmente pelo IBS e CBS.;)_g
(;14.01;t_t;Lubrificação, limpeza, lustração, revisão, carga e recarga, conserto, restauração, blindagem, manutenção e conservação de máquinas, veículos, aparelhos, equipamentos, motores, elevadores ou de qualquer objeto (exceto peças e partes empregadas, que ficam sujeitas ao ICMS).;t_t;1.2001.34.20;t_t;Serviços de manutenção e reparação de motores, turborreatores e turbopropulsores aeronáuticos;t_t;050103;t_t;local da prestação;t_t;000001;t_t;Situações tributadas integralmente pelo IBS e CBS.;)_g
(;14.01;t_t;Lubrificação, limpeza, lustração, revisão, carga e recarga, conserto, restauração, blindagem, manutenção e conservação de máquinas, veículos, aparelhos, equipamentos, motores, elevadores ou de qualquer objeto (exceto peças e partes empregadas, que ficam sujeitas ao ICMS).;t_t;1.2001.34.20;t_t;Serviços de manutenção e reparação de motores, turborreatores e turbopropulsores aeronáuticos;t_t;050104;t_t;local da prestação;t_t;000001;t_t;Situações tributadas integralmente pelo IBS e CBS.;)_g
(;14.01;t_t;Lubrificação, limpeza, lustração, revisão, carga e recarga, conserto, restauração, blindagem, manutenção e conservação de máquinas, veículos, aparelhos, equipamentos, motores, elevadores ou de qualquer objeto (exceto peças e partes empregadas, que ficam sujeitas ao ICMS).;t_t;1.2001.34.30;t_t;Serviços de manutenção e reparação de foguetes e equipamentos aeroespaciais ;t_t;050101;t_t;local da prestação;t_t;000001;t_t;Situações tributadas integralmente pelo IBS e CBS.;)_g
(;14.01;t_t;Lubrificação, limpeza, lustração, revisão, carga e recarga, conserto, restauração, blindagem, manutenção e conservação de máquinas, veículos, aparelhos, equipamentos, motores, elevadores ou de qualquer objeto (exceto peças e partes empregadas, que ficam sujeitas ao ICMS).;t_t;1.2001.34.30;t_t;Serviços de manutenção e reparação de foguetes e equipamentos aeroespaciais ;t_t;050102;t_t;local da prestação;t_t;000001;t_t;Situações tributadas integralmente pelo IBS e CBS.;)_g
(;14.01;t_t;Lubrificação, limpeza, lustração, revisão, carga e recarga, conserto, restauração, blindagem, manutenção e conservação de máquinas, veículos, aparelhos, equipamentos, motores, elevadores ou de qualquer objeto (exceto peças e partes empregadas, que ficam sujeitas ao ICMS).;t_t;1.2001.34.30;t_t;Serviços de manutenção e reparação de foguetes e equipamentos aeroespaciais ;t_t;050103;t_t;local da prestação;t_t;000001;t_t;Situações tributadas integralmente pelo IBS e CBS.;)_g
(;14.01;t_t;Lubrificação, limpeza, lustração, revisão, carga e recarga, conserto, restauração, blindagem, manutenção e conservação de máquinas, veículos, aparelhos, equipamentos, motores, elevadores ou de qualquer objeto (exceto peças e partes empregadas, que ficam sujeitas ao ICMS).;t_t;1.2001.34.30;t_t;Serviços de manutenção e reparação de foguetes e equipamentos aeroespaciais ;t_t;050104;t_t;local da prestação;t_t;000001;t_t;Situações tributadas integralmente pelo IBS e CBS.;)_g
(;14.01;t_t;Lubrificação, limpeza, lustração, revisão, carga e recarga, conserto, restauração, blindagem, manutenção e conservação de máquinas, veículos, aparelhos, equipamentos, motores, elevadores ou de qualquer objeto (exceto peças e partes empregadas, que ficam sujeitas ao ICMS).;t_t;1.2001.35.00;t_t;Serviços de manutenção e reparação de veículos militares;t_t;050101;t_t;local da prestação;t_t;200044;t_t;Operações e prestações de serviços de segurança da informação e segurança cibernética desenvolvidos por sociedade que tenha sócio brasileiro (Anexo XI);)_g
(;14.01;t_t;Lubrificação, limpeza, lustração, revisão, carga e recarga, conserto, restauração, blindagem, manutenção e conservação de máquinas, veículos, aparelhos, equipamentos, motores, elevadores ou de qualquer objeto (exceto peças e partes empregadas, que ficam sujeitas ao ICMS).;t_t;1.2001.35.00;t_t;Serviços de manutenção e reparação de veículos militares;t_t;050102;t_t;local da prestação;t_t;200044;t_t;Operações e prestações de serviços de segurança da informação e segurança cibernética desenvolvidos por sociedade que tenha sócio brasileiro (Anexo XI);)_g
(;14.01;t_t;Lubrificação, limpeza, lustração, revisão, carga e recarga, conserto, restauração, blindagem, manutenção e conservação de máquinas, veículos, aparelhos, equipamentos, motores, elevadores ou de qualquer objeto (exceto peças e partes empregadas, que ficam sujeitas ao ICMS).;t_t;1.2001.35.00;t_t;Serviços de manutenção e reparação de veículos militares;t_t;050103;t_t;local da prestação;t_t;200044;t_t;Operações e prestações de serviços de segurança da informação e segurança cibernética desenvolvidos por sociedade que tenha sócio brasileiro (Anexo XI);)_g
(;14.01;t_t;Lubrificação, limpeza, lustração, revisão, carga e recarga, conserto, restauração, blindagem, manutenção e conservação de máquinas, veículos, aparelhos, equipamentos, motores, elevadores ou de qualquer objeto (exceto peças e partes empregadas, que ficam sujeitas ao ICMS).;t_t;1.2001.35.00;t_t;Serviços de manutenção e reparação de veículos militares;t_t;050104;t_t;local da prestação;t_t;200044;t_t;Operações e prestações de serviços de segurança da informação e segurança cibernética desenvolvidos por sociedade que tenha sócio brasileiro (Anexo XI);)_g
(;14.01;t_t;Lubrificação, limpeza, lustração, revisão, carga e recarga, conserto, restauração, blindagem, manutenção e conservação de máquinas, veículos, aparelhos, equipamentos, motores, elevadores ou de qualquer objeto (exceto peças e partes empregadas, que ficam sujeitas ao ICMS).;t_t;1.2001.39.00;t_t;Serviços de manutenção e reparação de maquinários e equipamentos de transporte não classificados em subposições anteriores;t_t;050101;t_t;local da prestação;t_t;000001;t_t;Situações tributadas integralmente pelo IBS e CBS.;)_g
(;14.01;t_t;Lubrificação, limpeza, lustração, revisão, carga e recarga, conserto, restauração, blindagem, manutenção e conservação de máquinas, veículos, aparelhos, equipamentos, motores, elevadores ou de qualquer objeto (exceto peças e partes empregadas, que ficam sujeitas ao ICMS).;t_t;1.2001.39.00;t_t;Serviços de manutenção e reparação de maquinários e equipamentos de transporte não classificados em subposições anteriores;t_t;050102;t_t;local da prestação;t_t;000001;t_t;Situações tributadas integralmente pelo IBS e CBS.;)_g
(;14.01;t_t;Lubrificação, limpeza, lustração, revisão, carga e recarga, conserto, restauração, blindagem, manutenção e conservação de máquinas, veículos, aparelhos, equipamentos, motores, elevadores ou de qualquer objeto (exceto peças e partes empregadas, que ficam sujeitas ao ICMS).;t_t;1.2001.39.00;t_t;Serviços de manutenção e reparação de maquinários e equipamentos de transporte não classificados em subposições anteriores;t_t;050103;t_t;local da prestação;t_t;000001;t_t;Situações tributadas integralmente pelo IBS e CBS.;)_g
(;14.01;t_t;Lubrificação, limpeza, lustração, revisão, carga e recarga, conserto, restauração, blindagem, manutenção e conservação de máquinas, veículos, aparelhos, equipamentos, motores, elevadores ou de qualquer objeto (exceto peças e partes empregadas, que ficam sujeitas ao ICMS).;t_t;1.2001.39.00;t_t;Serviços de manutenção e reparação de maquinários e equipamentos de transporte não classificados em subposições anteriores;t_t;050104;t_t;local da prestação;t_t;000001;t_t;Situações tributadas integralmente pelo IBS e CBS.;)_g
(;14.01;t_t;Lubrificação, limpeza, lustração, revisão, carga e recarga, conserto, restauração, blindagem, manutenção e conservação de máquinas, veículos, aparelhos, equipamentos, motores, elevadores ou de qualquer objeto (exceto peças e partes empregadas, que ficam sujeitas ao ICMS).;t_t;1.2001.40.00;t_t;Serviços de manutenção e reparação de plataformas, inclusive navios-plataforma, para extração de petróleo e gás;t_t;050101;t_t;local da prestação;t_t;000001;t_t;Situações tributadas integralmente pelo IBS e CBS.;)_g
(;14.01;t_t;Lubrificação, limpeza, lustração, revisão, carga e recarga, conserto, restauração, blindagem, manutenção e conservação de máquinas, veículos, aparelhos, equipamentos, motores, elevadores ou de qualquer objeto (exceto peças e partes empregadas, que ficam sujeitas ao ICMS).;t_t;1.2001.40.00;t_t;Serviços de manutenção e reparação de plataformas, inclusive navios-plataforma, para extração de petróleo e gás;t_t;050102;t_t;local da prestação;t_t;000001;t_t;Situações tributadas integralmente pelo IBS e CBS.;)_g
(;14.01;t_t;Lubrificação, limpeza, lustração, revisão, carga e recarga, conserto, restauração, blindagem, manutenção e conservação de máquinas, veículos, aparelhos, equipamentos, motores, elevadores ou de qualquer objeto (exceto peças e partes empregadas, que ficam sujeitas ao ICMS).;t_t;1.2001.40.00;t_t;Serviços de manutenção e reparação de plataformas, inclusive navios-plataforma, para extração de petróleo e gás;t_t;050103;t_t;local da prestação;t_t;000001;t_t;Situações tributadas integralmente pelo IBS e CBS.;)_g
(;14.01;t_t;Lubrificação, limpeza, lustração, revisão, carga e recarga, conserto, restauração, blindagem, manutenção e conservação de máquinas, veículos, aparelhos, equipamentos, motores, elevadores ou de qualquer objeto (exceto peças e partes empregadas, que ficam sujeitas ao ICMS).;t_t;1.2001.40.00;t_t;Serviços de manutenção e reparação de plataformas, inclusive navios-plataforma, para extração de petróleo e gás;t_t;050104;t_t;local da prestação;t_t;000001;t_t;Situações tributadas integralmente pelo IBS e CBS.;)_g
(;14.01;t_t;Lubrificação, limpeza, lustração, revisão, carga e recarga, conserto, restauração, blindagem, manutenção e conservação de máquinas, veículos, aparelhos, equipamentos, motores, elevadores ou de qualquer objeto (exceto peças e partes empregadas, que ficam sujeitas ao ICMS).;t_t;1.2001.50.00;t_t;Serviços de manutenção e reparação de maquinários e equipamentos de uso industrial;t_t;050101;t_t;local da prestação;t_t;000001;t_t;Situações tributadas integralmente pelo IBS e CBS.;)_g
(;14.01;t_t;Lubrificação, limpeza, lustração, revisão, carga e recarga, conserto, restauração, blindagem, manutenção e conservação de máquinas, veículos, aparelhos, equipamentos, motores, elevadores ou de qualquer objeto (exceto peças e partes empregadas, que ficam sujeitas ao ICMS).;t_t;1.2001.50.00;t_t;Serviços de manutenção e reparação de maquinários e equipamentos de uso industrial;t_t;050102;t_t;local da prestação;t_t;000001;t_t;Situações tributadas integralmente pelo IBS e CBS.;)_g
(;14.01;t_t;Lubrificação, limpeza, lustração, revisão, carga e recarga, conserto, restauração, blindagem, manutenção e conservação de máquinas, veículos, aparelhos, equipamentos, motores, elevadores ou de qualquer objeto (exceto peças e partes empregadas, que ficam sujeitas ao ICMS).;t_t;1.2001.50.00;t_t;Serviços de manutenção e reparação de maquinários e equipamentos de uso industrial;t_t;050103;t_t;local da prestação;t_t;000001;t_t;Situações tributadas integralmente pelo IBS e CBS.;)_g
(;14.01;t_t;Lubrificação, limpeza, lustração, revisão, carga e recarga, conserto, restauração, blindagem, manutenção e conservação de máquinas, veículos, aparelhos, equipamentos, motores, elevadores ou de qualquer objeto (exceto peças e partes empregadas, que ficam sujeitas ao ICMS).;t_t;1.2001.50.00;t_t;Serviços de manutenção e reparação de maquinários e equipamentos de uso industrial;t_t;050104;t_t;local da prestação;t_t;000001;t_t;Situações tributadas integralmente pelo IBS e CBS.;)_g
(;14.01;t_t;Lubrificação, limpeza, lustração, revisão, carga e recarga, conserto, restauração, blindagem, manutenção e conservação de máquinas, veículos, aparelhos, equipamentos, motores, elevadores ou de qualquer objeto (exceto peças e partes empregadas, que ficam sujeitas ao ICMS).;t_t;1.2001.60.00;t_t;Serviços de manutenção e reparação de maquinários e equipamentos de uso comercial;t_t;050101;t_t;local da prestação;t_t;000001;t_t;Situações tributadas integralmente pelo IBS e CBS.;)_g
(;14.01;t_t;Lubrificação, limpeza, lustração, revisão, carga e recarga, conserto, restauração, blindagem, manutenção e conservação de máquinas, veículos, aparelhos, equipamentos, motores, elevadores ou de qualquer objeto (exceto peças e partes empregadas, que ficam sujeitas ao ICMS).;t_t;1.2001.60.00;t_t;Serviços de manutenção e reparação de maquinários e equipamentos de uso comercial;t_t;050102;t_t;local da prestação;t_t;000001;t_t;Situações tributadas integralmente pelo IBS e CBS.;)_g
(;14.01;t_t;Lubrificação, limpeza, lustração, revisão, carga e recarga, conserto, restauração, blindagem, manutenção e conservação de máquinas, veículos, aparelhos, equipamentos, motores, elevadores ou de qualquer objeto (exceto peças e partes empregadas, que ficam sujeitas ao ICMS).;t_t;1.2001.60.00;t_t;Serviços de manutenção e reparação de maquinários e equipamentos de uso comercial;t_t;050103;t_t;local da prestação;t_t;000001;t_t;Situações tributadas integralmente pelo IBS e CBS.;)_g
(;14.01;t_t;Lubrificação, limpeza, lustração, revisão, carga e recarga, conserto, restauração, blindagem, manutenção e conservação de máquinas, veículos, aparelhos, equipamentos, motores, elevadores ou de qualquer objeto (exceto peças e partes empregadas, que ficam sujeitas ao ICMS).;t_t;1.2001.60.00;t_t;Serviços de manutenção e reparação de maquinários e equipamentos de uso comercial;t_t;050104;t_t;local da prestação;t_t;000001;t_t;Situações tributadas integralmente pelo IBS e CBS.;)_g
(;14.01;t_t;Lubrificação, limpeza, lustração, revisão, carga e recarga, conserto, restauração, blindagem, manutenção e conservação de máquinas, veículos, aparelhos, equipamentos, motores, elevadores ou de qualquer objeto (exceto peças e partes empregadas, que ficam sujeitas ao ICMS).;t_t;1.2001.70.00;t_t;Serviços de manutenção e reparação de equipamentos e aparelhos de telecomunicações;t_t;050101;t_t;local da prestação;t_t;000001;t_t;Situações tributadas integralmente pelo IBS e CBS.;)_g
(;14.01;t_t;Lubrificação, limpeza, lustração, revisão, carga e recarga, conserto, restauração, blindagem, manutenção e conservação de máquinas, veículos, aparelhos, equipamentos, motores, elevadores ou de qualquer objeto (exceto peças e partes empregadas, que ficam sujeitas ao ICMS).;t_t;1.2001.70.00;t_t;Serviços de manutenção e reparação de equipamentos e aparelhos de telecomunicações;t_t;050102;t_t;local da prestação;t_t;000001;t_t;Situações tributadas integralmente pelo IBS e CBS.;)_g
(;14.01;t_t;Lubrificação, limpeza, lustração, revisão, carga e recarga, conserto, restauração, blindagem, manutenção e conservação de máquinas, veículos, aparelhos, equipamentos, motores, elevadores ou de qualquer objeto (exceto peças e partes empregadas, que ficam sujeitas ao ICMS).;t_t;1.2001.70.00;t_t;Serviços de manutenção e reparação de equipamentos e aparelhos de telecomunicações;t_t;050103;t_t;local da prestação;t_t;000001;t_t;Situações tributadas integralmente pelo IBS e CBS.;)_g
(;14.01;t_t;Lubrificação, limpeza, lustração, revisão, carga e recarga, conserto, restauração, blindagem, manutenção e conservação de máquinas, veículos, aparelhos, equipamentos, motores, elevadores ou de qualquer objeto (exceto peças e partes empregadas, que ficam sujeitas ao ICMS).;t_t;1.2001.70.00;t_t;Serviços de manutenção e reparação de equipamentos e aparelhos de telecomunicações;t_t;050104;t_t;local da prestação;t_t;000001;t_t;Situações tributadas integralmente pelo IBS e CBS.;)_g
(;14.01;t_t;Lubrificação, limpeza, lustração, revisão, carga e recarga, conserto, restauração, blindagem, manutenção e conservação de máquinas, veículos, aparelhos, equipamentos, motores, elevadores ou de qualquer objeto (exceto peças e partes empregadas, que ficam sujeitas ao ICMS).;t_t;1.2001.81.00;t_t;Serviços de manutenção e reparação de aparelhos eletroeletrônicos domésticos;t_t;050101;t_t;local da prestação;t_t;000001;t_t;Situações tributadas integralmente pelo IBS e CBS.;)_g
(;14.01;t_t;Lubrificação, limpeza, lustração, revisão, carga e recarga, conserto, restauração, blindagem, manutenção e conservação de máquinas, veículos, aparelhos, equipamentos, motores, elevadores ou de qualquer objeto (exceto peças e partes empregadas, que ficam sujeitas ao ICMS).;t_t;1.2001.81.00;t_t;Serviços de manutenção e reparação de aparelhos eletroeletrônicos domésticos;t_t;050102;t_t;local da prestação;t_t;000001;t_t;Situações tributadas integralmente pelo IBS e CBS.;)_g
(;14.01;t_t;Lubrificação, limpeza, lustração, revisão, carga e recarga, conserto, restauração, blindagem, manutenção e conservação de máquinas, veículos, aparelhos, equipamentos, motores, elevadores ou de qualquer objeto (exceto peças e partes empregadas, que ficam sujeitas ao ICMS).;t_t;1.2001.81.00;t_t;Serviços de manutenção e reparação de aparelhos eletroeletrônicos domésticos;t_t;050103;t_t;local da prestação;t_t;000001;t_t;Situações tributadas integralmente pelo IBS e CBS.;)_g
(;14.01;t_t;Lubrificação, limpeza, lustração, revisão, carga e recarga, conserto, restauração, blindagem, manutenção e conservação de máquinas, veículos, aparelhos, equipamentos, motores, elevadores ou de qualquer objeto (exceto peças e partes empregadas, que ficam sujeitas ao ICMS).;t_t;1.2001.81.00;t_t;Serviços de manutenção e reparação de aparelhos eletroeletrônicos domésticos;t_t;050104;t_t;local da prestação;t_t;000001;t_t;Situações tributadas integralmente pelo IBS e CBS.;)_g
(;14.01;t_t;Lubrificação, limpeza, lustração, revisão, carga e recarga, conserto, restauração, blindagem, manutenção e conservação de máquinas, veículos, aparelhos, equipamentos, motores, elevadores ou de qualquer objeto (exceto peças e partes empregadas, que ficam sujeitas ao ICMS).;t_t;1.2001.82.00;t_t;Serviços de manutenção e reparação de instrumentos e equipamentos médico-hospitalares, odontológicos, óticos e de precisão;t_t;050101;t_t;local da prestação;t_t;000001;t_t;Situações tributadas integralmente pelo IBS e CBS.;)_g
(;14.01;t_t;Lubrificação, limpeza, lustração, revisão, carga e recarga, conserto, restauração, blindagem, manutenção e conservação de máquinas, veículos, aparelhos, equipamentos, motores, elevadores ou de qualquer objeto (exceto peças e partes empregadas, que ficam sujeitas ao ICMS).;t_t;1.2001.82.00;t_t;Serviços de manutenção e reparação de instrumentos e equipamentos médico-hospitalares, odontológicos, óticos e de precisão;t_t;050102;t_t;local da prestação;t_t;000001;t_t;Situações tributadas integralmente pelo IBS e CBS.;)_g
(;14.01;t_t;Lubrificação, limpeza, lustração, revisão, carga e recarga, conserto, restauração, blindagem, manutenção e conservação de máquinas, veículos, aparelhos, equipamentos, motores, elevadores ou de qualquer objeto (exceto peças e partes empregadas, que ficam sujeitas ao ICMS).;t_t;1.2001.82.00;t_t;Serviços de manutenção e reparação de instrumentos e equipamentos médico-hospitalares, odontológicos, óticos e de precisão;t_t;050103;t_t;local da prestação;t_t;000001;t_t;Situações tributadas integralmente pelo IBS e CBS.;)_g
(;14.01;t_t;Lubrificação, limpeza, lustração, revisão, carga e recarga, conserto, restauração, blindagem, manutenção e conservação de máquinas, veículos, aparelhos, equipamentos, motores, elevadores ou de qualquer objeto (exceto peças e partes empregadas, que ficam sujeitas ao ICMS).;t_t;1.2001.82.00;t_t;Serviços de manutenção e reparação de instrumentos e equipamentos médico-hospitalares, odontológicos, óticos e de precisão;t_t;050104;t_t;local da prestação;t_t;000001;t_t;Situações tributadas integralmente pelo IBS e CBS.;)_g
(;14.01;t_t;Lubrificação, limpeza, lustração, revisão, carga e recarga, conserto, restauração, blindagem, manutenção e conservação de máquinas, veículos, aparelhos, equipamentos, motores, elevadores ou de qualquer objeto (exceto peças e partes empregadas, que ficam sujeitas ao ICMS).;t_t;1.2001.83.00;t_t;Serviços de manutenção e reparação de equipamentos militares;t_t;050101;t_t;local da prestação;t_t;200044;t_t;Operações e prestações de serviços de segurança da informação e segurança cibernética desenvolvidos por sociedade que tenha sócio brasileiro (Anexo XI);)_g
(;14.01;t_t;Lubrificação, limpeza, lustração, revisão, carga e recarga, conserto, restauração, blindagem, manutenção e conservação de máquinas, veículos, aparelhos, equipamentos, motores, elevadores ou de qualquer objeto (exceto peças e partes empregadas, que ficam sujeitas ao ICMS).;t_t;1.2001.83.00;t_t;Serviços de manutenção e reparação de equipamentos militares;t_t;050102;t_t;local da prestação;t_t;200044;t_t;Operações e prestações de serviços de segurança da informação e segurança cibernética desenvolvidos por sociedade que tenha sócio brasileiro (Anexo XI);)_g
(;14.01;t_t;Lubrificação, limpeza, lustração, revisão, carga e recarga, conserto, restauração, blindagem, manutenção e conservação de máquinas, veículos, aparelhos, equipamentos, motores, elevadores ou de qualquer objeto (exceto peças e partes empregadas, que ficam sujeitas ao ICMS).;t_t;1.2001.83.00;t_t;Serviços de manutenção e reparação de equipamentos militares;t_t;050103;t_t;local da prestação;t_t;200044;t_t;Operações e prestações de serviços de segurança da informação e segurança cibernética desenvolvidos por sociedade que tenha sócio brasileiro (Anexo XI);)_g
(;14.01;t_t;Lubrificação, limpeza, lustração, revisão, carga e recarga, conserto, restauração, blindagem, manutenção e conservação de máquinas, veículos, aparelhos, equipamentos, motores, elevadores ou de qualquer objeto (exceto peças e partes empregadas, que ficam sujeitas ao ICMS).;t_t;1.2001.83.00;t_t;Serviços de manutenção e reparação de equipamentos militares;t_t;050104;t_t;local da prestação;t_t;200044;t_t;Operações e prestações de serviços de segurança da informação e segurança cibernética desenvolvidos por sociedade que tenha sócio brasileiro (Anexo XI);)_g
(;14.01;t_t;Lubrificação, limpeza, lustração, revisão, carga e recarga, conserto, restauração, blindagem, manutenção e conservação de máquinas, veículos, aparelhos, equipamentos, motores, elevadores ou de qualquer objeto (exceto peças e partes empregadas, que ficam sujeitas ao ICMS).;t_t;1.2001.89.00;t_t;Serviços de manutenção e reparação de outros maquinários e equipamentos não classificados em subposições anteriores;t_t;050101;t_t;local da prestação;t_t;000001;t_t;Situações tributadas integralmente pelo IBS e CBS.;)_g
(;14.01;t_t;Lubrificação, limpeza, lustração, revisão, carga e recarga, conserto, restauração, blindagem, manutenção e conservação de máquinas, veículos, aparelhos, equipamentos, motores, elevadores ou de qualquer objeto (exceto peças e partes empregadas, que ficam sujeitas ao ICMS).;t_t;1.2001.89.00;t_t;Serviços de manutenção e reparação de outros maquinários e equipamentos não classificados em subposições anteriores;t_t;050102;t_t;local da prestação;t_t;000001;t_t;Situações tributadas integralmente pelo IBS e CBS.;)_g
(;14.01;t_t;Lubrificação, limpeza, lustração, revisão, carga e recarga, conserto, restauração, blindagem, manutenção e conservação de máquinas, veículos, aparelhos, equipamentos, motores, elevadores ou de qualquer objeto (exceto peças e partes empregadas, que ficam sujeitas ao ICMS).;t_t;1.2001.89.00;t_t;Serviços de manutenção e reparação de outros maquinários e equipamentos não classificados em subposições anteriores;t_t;050103;t_t;local da prestação;t_t;000001;t_t;Situações tributadas integralmente pelo IBS e CBS.;)_g
(;14.01;t_t;Lubrificação, limpeza, lustração, revisão, carga e recarga, conserto, restauração, blindagem, manutenção e conservação de máquinas, veículos, aparelhos, equipamentos, motores, elevadores ou de qualquer objeto (exceto peças e partes empregadas, que ficam sujeitas ao ICMS).;t_t;1.2001.89.00;t_t;Serviços de manutenção e reparação de outros maquinários e equipamentos não classificados em subposições anteriores;t_t;050104;t_t;local da prestação;t_t;000001;t_t;Situações tributadas integralmente pelo IBS e CBS.;)_g
(;14.01;t_t;Lubrificação, limpeza, lustração, revisão, carga e recarga, conserto, restauração, blindagem, manutenção e conservação de máquinas, veículos, aparelhos, equipamentos, motores, elevadores ou de qualquer objeto (exceto peças e partes empregadas, que ficam sujeitas ao ICMS).;t_t;1.2002.10.00;t_t;Serviços de manutenção e reparação de produtos de couro, calçados, malas e bolsas;t_t;050101;t_t;local da prestação;t_t;000001;t_t;Situações tributadas integralmente pelo IBS e CBS.;)_g
(;14.01;t_t;Lubrificação, limpeza, lustração, revisão, carga e recarga, conserto, restauração, blindagem, manutenção e conservação de máquinas, veículos, aparelhos, equipamentos, motores, elevadores ou de qualquer objeto (exceto peças e partes empregadas, que ficam sujeitas ao ICMS).;t_t;1.2002.10.00;t_t;Serviços de manutenção e reparação de produtos de couro, calçados, malas e bolsas;t_t;050102;t_t;local da prestação;t_t;000001;t_t;Situações tributadas integralmente pelo IBS e CBS.;)_g
(;14.01;t_t;Lubrificação, limpeza, lustração, revisão, carga e recarga, conserto, restauração, blindagem, manutenção e conservação de máquinas, veículos, aparelhos, equipamentos, motores, elevadores ou de qualquer objeto (exceto peças e partes empregadas, que ficam sujeitas ao ICMS).;t_t;1.2002.10.00;t_t;Serviços de manutenção e reparação de produtos de couro, calçados, malas e bolsas;t_t;050103;t_t;local da prestação;t_t;000001;t_t;Situações tributadas integralmente pelo IBS e CBS.;)_g
(;14.01;t_t;Lubrificação, limpeza, lustração, revisão, carga e recarga, conserto, restauração, blindagem, manutenção e conservação de máquinas, veículos, aparelhos, equipamentos, motores, elevadores ou de qualquer objeto (exceto peças e partes empregadas, que ficam sujeitas ao ICMS).;t_t;1.2002.10.00;t_t;Serviços de manutenção e reparação de produtos de couro, calçados, malas e bolsas;t_t;050104;t_t;local da prestação;t_t;000001;t_t;Situações tributadas integralmente pelo IBS e CBS.;)_g
(;14.01;t_t;Lubrificação, limpeza, lustração, revisão, carga e recarga, conserto, restauração, blindagem, manutenção e conservação de máquinas, veículos, aparelhos, equipamentos, motores, elevadores ou de qualquer objeto (exceto peças e partes empregadas, que ficam sujeitas ao ICMS).;t_t;1.2002.20.00;t_t;Serviços de manutenção e reparação de relógios e joias;t_t;050101;t_t;local da prestação;t_t;000001;t_t;Situações tributadas integralmente pelo IBS e CBS.;)_g
(;14.01;t_t;Lubrificação, limpeza, lustração, revisão, carga e recarga, conserto, restauração, blindagem, manutenção e conservação de máquinas, veículos, aparelhos, equipamentos, motores, elevadores ou de qualquer objeto (exceto peças e partes empregadas, que ficam sujeitas ao ICMS).;t_t;1.2002.20.00;t_t;Serviços de manutenção e reparação de relógios e joias;t_t;050102;t_t;local da prestação;t_t;000001;t_t;Situações tributadas integralmente pelo IBS e CBS.;)_g
(;14.01;t_t;Lubrificação, limpeza, lustração, revisão, carga e recarga, conserto, restauração, blindagem, manutenção e conservação de máquinas, veículos, aparelhos, equipamentos, motores, elevadores ou de qualquer objeto (exceto peças e partes empregadas, que ficam sujeitas ao ICMS).;t_t;1.2002.20.00;t_t;Serviços de manutenção e reparação de relógios e joias;t_t;050103;t_t;local da prestação;t_t;000001;t_t;Situações tributadas integralmente pelo IBS e CBS.;)_g
(;14.01;t_t;Lubrificação, limpeza, lustração, revisão, carga e recarga, conserto, restauração, blindagem, manutenção e conservação de máquinas, veículos, aparelhos, equipamentos, motores, elevadores ou de qualquer objeto (exceto peças e partes empregadas, que ficam sujeitas ao ICMS).;t_t;1.2002.20.00;t_t;Serviços de manutenção e reparação de relógios e joias;t_t;050104;t_t;local da prestação;t_t;000001;t_t;Situações tributadas integralmente pelo IBS e CBS.;)_g
(;14.01;t_t;Lubrificação, limpeza, lustração, revisão, carga e recarga, conserto, restauração, blindagem, manutenção e conservação de máquinas, veículos, aparelhos, equipamentos, motores, elevadores ou de qualquer objeto (exceto peças e partes empregadas, que ficam sujeitas ao ICMS).;t_t;1.2002.30.00;t_t;Serviços de manutenção e reparação de móveis;t_t;050101;t_t;local da prestação;t_t;000001;t_t;Situações tributadas integralmente pelo IBS e CBS.;)_g
(;14.01;t_t;Lubrificação, limpeza, lustração, revisão, carga e recarga, conserto, restauração, blindagem, manutenção e conservação de máquinas, veículos, aparelhos, equipamentos, motores, elevadores ou de qualquer objeto (exceto peças e partes empregadas, que ficam sujeitas ao ICMS).;t_t;1.2002.30.00;t_t;Serviços de manutenção e reparação de móveis;t_t;050102;t_t;local da prestação;t_t;000001;t_t;Situações tributadas integralmente pelo IBS e CBS.;)_g
(;14.01;t_t;Lubrificação, limpeza, lustração, revisão, carga e recarga, conserto, restauração, blindagem, manutenção e conservação de máquinas, veículos, aparelhos, equipamentos, motores, elevadores ou de qualquer objeto (exceto peças e partes empregadas, que ficam sujeitas ao ICMS).;t_t;1.2002.30.00;t_t;Serviços de manutenção e reparação de móveis;t_t;050103;t_t;local da prestação;t_t;000001;t_t;Situações tributadas integralmente pelo IBS e CBS.;)_g
(;14.01;t_t;Lubrificação, limpeza, lustração, revisão, carga e recarga, conserto, restauração, blindagem, manutenção e conservação de máquinas, veículos, aparelhos, equipamentos, motores, elevadores ou de qualquer objeto (exceto peças e partes empregadas, que ficam sujeitas ao ICMS).;t_t;1.2002.30.00;t_t;Serviços de manutenção e reparação de móveis;t_t;050104;t_t;local da prestação;t_t;000001;t_t;Situações tributadas integralmente pelo IBS e CBS.;)_g
(;14.01;t_t;Lubrificação, limpeza, lustração, revisão, carga e recarga, conserto, restauração, blindagem, manutenção e conservação de máquinas, veículos, aparelhos, equipamentos, motores, elevadores ou de qualquer objeto (exceto peças e partes empregadas, que ficam sujeitas ao ICMS).;t_t;1.2002.40.00;t_t;Serviços de manutenção de roupas e outros produtos têxteis ;t_t;050101;t_t;local da prestação;t_t;000001;t_t;Situações tributadas integralmente pelo IBS e CBS.;)_g
(;14.01;t_t;Lubrificação, limpeza, lustração, revisão, carga e recarga, conserto, restauração, blindagem, manutenção e conservação de máquinas, veículos, aparelhos, equipamentos, motores, elevadores ou de qualquer objeto (exceto peças e partes empregadas, que ficam sujeitas ao ICMS).;t_t;1.2002.40.00;t_t;Serviços de manutenção de roupas e outros produtos têxteis ;t_t;050102;t_t;local da prestação;t_t;000001;t_t;Situações tributadas integralmente pelo IBS e CBS.;)_g
(;14.01;t_t;Lubrificação, limpeza, lustração, revisão, carga e recarga, conserto, restauração, blindagem, manutenção e conservação de máquinas, veículos, aparelhos, equipamentos, motores, elevadores ou de qualquer objeto (exceto peças e partes empregadas, que ficam sujeitas ao ICMS).;t_t;1.2002.40.00;t_t;Serviços de manutenção de roupas e outros produtos têxteis ;t_t;050103;t_t;local da prestação;t_t;000001;t_t;Situações tributadas integralmente pelo IBS e CBS.;)_g
(;14.01;t_t;Lubrificação, limpeza, lustração, revisão, carga e recarga, conserto, restauração, blindagem, manutenção e conservação de máquinas, veículos, aparelhos, equipamentos, motores, elevadores ou de qualquer objeto (exceto peças e partes empregadas, que ficam sujeitas ao ICMS).;t_t;1.2002.40.00;t_t;Serviços de manutenção de roupas e outros produtos têxteis ;t_t;050104;t_t;local da prestação;t_t;000001;t_t;Situações tributadas integralmente pelo IBS e CBS.;)_g
(;14.01;t_t;Lubrificação, limpeza, lustração, revisão, carga e recarga, conserto, restauração, blindagem, manutenção e conservação de máquinas, veículos, aparelhos, equipamentos, motores, elevadores ou de qualquer objeto (exceto peças e partes empregadas, que ficam sujeitas ao ICMS).;t_t;1.2002.90.00;t_t;Serviços de manutenção e reparação de outros bens de consumo não classificados em subposições anteriores;t_t;050101;t_t;local da prestação;t_t;000001;t_t;Situações tributadas integralmente pelo IBS e CBS.;)_g
(;14.01;t_t;Lubrificação, limpeza, lustração, revisão, carga e recarga, conserto, restauração, blindagem, manutenção e conservação de máquinas, veículos, aparelhos, equipamentos, motores, elevadores ou de qualquer objeto (exceto peças e partes empregadas, que ficam sujeitas ao ICMS).;t_t;1.2002.90.00;t_t;Serviços de manutenção e reparação de outros bens de consumo não classificados em subposições anteriores;t_t;050102;t_t;local da prestação;t_t;000001;t_t;Situações tributadas integralmente pelo IBS e CBS.;)_g
(;14.01;t_t;Lubrificação, limpeza, lustração, revisão, carga e recarga, conserto, restauração, blindagem, manutenção e conservação de máquinas, veículos, aparelhos, equipamentos, motores, elevadores ou de qualquer objeto (exceto peças e partes empregadas, que ficam sujeitas ao ICMS).;t_t;1.2002.90.00;t_t;Serviços de manutenção e reparação de outros bens de consumo não classificados em subposições anteriores;t_t;050103;t_t;local da prestação;t_t;000001;t_t;Situações tributadas integralmente pelo IBS e CBS.;)_g
(;14.01;t_t;Lubrificação, limpeza, lustração, revisão, carga e recarga, conserto, restauração, blindagem, manutenção e conservação de máquinas, veículos, aparelhos, equipamentos, motores, elevadores ou de qualquer objeto (exceto peças e partes empregadas, que ficam sujeitas ao ICMS).;t_t;1.2002.90.00;t_t;Serviços de manutenção e reparação de outros bens de consumo não classificados em subposições anteriores;t_t;050104;t_t;local da prestação;t_t;000001;t_t;Situações tributadas integralmente pelo IBS e CBS.;)_g
(;14.01;t_t;Lubrificação, limpeza, lustração, revisão, carga e recarga, conserto, restauração, blindagem, manutenção e conservação de máquinas, veículos, aparelhos, equipamentos, motores, elevadores ou de qualquer objeto (exceto peças e partes empregadas, que ficam sujeitas ao ICMS).;t_t;1.1803.29.00;t_t;Serviços especializados de limpeza não classificados em subposições anteriores;t_t;050101;t_t;local da prestação;t_t;000001;t_t;Situações tributadas integralmente pelo IBS e CBS.;)_g
(;14.01;t_t;Lubrificação, limpeza, lustração, revisão, carga e recarga, conserto, restauração, blindagem, manutenção e conservação de máquinas, veículos, aparelhos, equipamentos, motores, elevadores ou de qualquer objeto (exceto peças e partes empregadas, que ficam sujeitas ao ICMS).;t_t;1.1803.29.00;t_t;Serviços especializados de limpeza não classificados em subposições anteriores;t_t;050102;t_t;local da prestação;t_t;000001;t_t;Situações tributadas integralmente pelo IBS e CBS.;)_g
(;14.01;t_t;Lubrificação, limpeza, lustração, revisão, carga e recarga, conserto, restauração, blindagem, manutenção e conservação de máquinas, veículos, aparelhos, equipamentos, motores, elevadores ou de qualquer objeto (exceto peças e partes empregadas, que ficam sujeitas ao ICMS).;t_t;1.1803.29.00;t_t;Serviços especializados de limpeza não classificados em subposições anteriores;t_t;050103;t_t;local da prestação;t_t;000001;t_t;Situações tributadas integralmente pelo IBS e CBS.;)_g
(;14.01;t_t;Lubrificação, limpeza, lustração, revisão, carga e recarga, conserto, restauração, blindagem, manutenção e conservação de máquinas, veículos, aparelhos, equipamentos, motores, elevadores ou de qualquer objeto (exceto peças e partes empregadas, que ficam sujeitas ao ICMS).;t_t;1.1803.29.00;t_t;Serviços especializados de limpeza não classificados em subposições anteriores;t_t;050104;t_t;local da prestação;t_t;000001;t_t;Situações tributadas integralmente pelo IBS e CBS.;)_g
(;14.02;t_t;Assistência técnica.;t_t;1.2001.10.00;t_t;Serviços de manutenção e reparação de produtos metálicos, exceto maquinários e equipamentos;t_t;050101;t_t;local da prestação;t_t;000001;t_t;Situações tributadas integralmente pelo IBS e CBS.;)_g
(;14.02;t_t;Assistência técnica.;t_t;1.2001.10.00;t_t;Serviços de manutenção e reparação de produtos metálicos, exceto maquinários e equipamentos;t_t;050102;t_t;local da prestação;t_t;000001;t_t;Situações tributadas integralmente pelo IBS e CBS.;)_g
(;14.02;t_t;Assistência técnica.;t_t;1.2001.10.00;t_t;Serviços de manutenção e reparação de produtos metálicos, exceto maquinários e equipamentos;t_t;050103;t_t;local da prestação;t_t;000001;t_t;Situações tributadas integralmente pelo IBS e CBS.;)_g
(;14.02;t_t;Assistência técnica.;t_t;1.2001.10.00;t_t;Serviços de manutenção e reparação de produtos metálicos, exceto maquinários e equipamentos;t_t;050104;t_t;local da prestação;t_t;000001;t_t;Situações tributadas integralmente pelo IBS e CBS.;)_g
(;14.02;t_t;Assistência técnica.;t_t;1.2001.20.00;t_t;Serviços de manutenção e reparação de computadores e seus periféricos e de maquinário para escritório;t_t;050101;t_t;local da prestação;t_t;000001;t_t;Situações tributadas integralmente pelo IBS e CBS.;)_g
(;14.02;t_t;Assistência técnica.;t_t;1.2001.20.00;t_t;Serviços de manutenção e reparação de computadores e seus periféricos e de maquinário para escritório;t_t;050102;t_t;local da prestação;t_t;000001;t_t;Situações tributadas integralmente pelo IBS e CBS.;)_g
(;14.02;t_t;Assistência técnica.;t_t;1.2001.20.00;t_t;Serviços de manutenção e reparação de computadores e seus periféricos e de maquinário para escritório;t_t;050103;t_t;local da prestação;t_t;000001;t_t;Situações tributadas integralmente pelo IBS e CBS.;)_g
(;14.02;t_t;Assistência técnica.;t_t;1.2001.20.00;t_t;Serviços de manutenção e reparação de computadores e seus periféricos e de maquinário para escritório;t_t;050104;t_t;local da prestação;t_t;000001;t_t;Situações tributadas integralmente pelo IBS e CBS.;)_g
(;14.02;t_t;Assistência técnica.;t_t;1.2001.31.10;t_t;Serviços de manutenção e reparação de veículos rodoviários motorizados;t_t;050101;t_t;local da prestação;t_t;000001;t_t;Situações tributadas integralmente pelo IBS e CBS.;)_g
(;14.02;t_t;Assistência técnica.;t_t;1.2001.31.10;t_t;Serviços de manutenção e reparação de veículos rodoviários motorizados;t_t;050102;t_t;local da prestação;t_t;000001;t_t;Situações tributadas integralmente pelo IBS e CBS.;)_g
(;14.02;t_t;Assistência técnica.;t_t;1.2001.31.10;t_t;Serviços de manutenção e reparação de veículos rodoviários motorizados;t_t;050103;t_t;local da prestação;t_t;000001;t_t;Situações tributadas integralmente pelo IBS e CBS.;)_g
(;14.02;t_t;Assistência técnica.;t_t;1.2001.31.10;t_t;Serviços de manutenção e reparação de veículos rodoviários motorizados;t_t;050104;t_t;local da prestação;t_t;000001;t_t;Situações tributadas integralmente pelo IBS e CBS.;)_g
(;14.02;t_t;Assistência técnica.;t_t;1.2001.31.20;t_t;Serviços de manutenção e reparação de veículos rodoviários não motorizados;t_t;050101;t_t;local da prestação;t_t;000001;t_t;Situações tributadas integralmente pelo IBS e CBS.;)_g
(;14.02;t_t;Assistência técnica.;t_t;1.2001.31.20;t_t;Serviços de manutenção e reparação de veículos rodoviários não motorizados;t_t;050102;t_t;local da prestação;t_t;000001;t_t;Situações tributadas integralmente pelo IBS e CBS.;)_g
(;14.02;t_t;Assistência técnica.;t_t;1.2001.31.20;t_t;Serviços de manutenção e reparação de veículos rodoviários não motorizados;t_t;050103;t_t;local da prestação;t_t;000001;t_t;Situações tributadas integralmente pelo IBS e CBS.;)_g
(;14.02;t_t;Assistência técnica.;t_t;1.2001.31.20;t_t;Serviços de manutenção e reparação de veículos rodoviários não motorizados;t_t;050104;t_t;local da prestação;t_t;000001;t_t;Situações tributadas integralmente pelo IBS e CBS.;)_g
(;14.02;t_t;Assistência técnica.;t_t;1.2001.32.00;t_t;Serviços de manutenção e reparação de veículos sobre trilhos;t_t;050101;t_t;local da prestação;t_t;000001;t_t;Situações tributadas integralmente pelo IBS e CBS.;)_g
(;14.02;t_t;Assistência técnica.;t_t;1.2001.32.00;t_t;Serviços de manutenção e reparação de veículos sobre trilhos;t_t;050102;t_t;local da prestação;t_t;000001;t_t;Situações tributadas integralmente pelo IBS e CBS.;)_g
(;14.02;t_t;Assistência técnica.;t_t;1.2001.32.00;t_t;Serviços de manutenção e reparação de veículos sobre trilhos;t_t;050103;t_t;local da prestação;t_t;000001;t_t;Situações tributadas integralmente pelo IBS e CBS.;)_g
(;14.02;t_t;Assistência técnica.;t_t;1.2001.32.00;t_t;Serviços de manutenção e reparação de veículos sobre trilhos;t_t;050104;t_t;local da prestação;t_t;000001;t_t;Situações tributadas integralmente pelo IBS e CBS.;)_g
(;14.02;t_t;Assistência técnica.;t_t;1.2001.33.00;t_t;Serviços de manutenção e reparação de veículos aquaviários;t_t;050101;t_t;local da prestação;t_t;000001;t_t;Situações tributadas integralmente pelo IBS e CBS.;)_g
(;14.02;t_t;Assistência técnica.;t_t;1.2001.33.00;t_t;Serviços de manutenção e reparação de veículos aquaviários;t_t;050102;t_t;local da prestação;t_t;000001;t_t;Situações tributadas integralmente pelo IBS e CBS.;)_g
(;14.02;t_t;Assistência técnica.;t_t;1.2001.33.00;t_t;Serviços de manutenção e reparação de veículos aquaviários;t_t;050103;t_t;local da prestação;t_t;000001;t_t;Situações tributadas integralmente pelo IBS e CBS.;)_g
(;14.02;t_t;Assistência técnica.;t_t;1.2001.33.00;t_t;Serviços de manutenção e reparação de veículos aquaviários;t_t;050104;t_t;local da prestação;t_t;000001;t_t;Situações tributadas integralmente pelo IBS e CBS.;)_g
(;14.02;t_t;Assistência técnica.;t_t;1.2001.34.10;t_t;Serviços de manutenção e reparação de aeronaves, exceto de motores, turborreatores e turbopropulsores aeronáuticos;t_t;050101;t_t;local da prestação;t_t;000001;t_t;Situações tributadas integralmente pelo IBS e CBS.;)_g
(;14.02;t_t;Assistência técnica.;t_t;1.2001.34.10;t_t;Serviços de manutenção e reparação de aeronaves, exceto de motores, turborreatores e turbopropulsores aeronáuticos;t_t;050102;t_t;local da prestação;t_t;000001;t_t;Situações tributadas integralmente pelo IBS e CBS.;)_g
(;14.02;t_t;Assistência técnica.;t_t;1.2001.34.10;t_t;Serviços de manutenção e reparação de aeronaves, exceto de motores, turborreatores e turbopropulsores aeronáuticos;t_t;050103;t_t;local da prestação;t_t;000001;t_t;Situações tributadas integralmente pelo IBS e CBS.;)_g
(;14.02;t_t;Assistência técnica.;t_t;1.2001.34.10;t_t;Serviços de manutenção e reparação de aeronaves, exceto de motores, turborreatores e turbopropulsores aeronáuticos;t_t;050104;t_t;local da prestação;t_t;000001;t_t;Situações tributadas integralmente pelo IBS e CBS.;)_g
(;14.02;t_t;Assistência técnica.;t_t;1.2001.34.20;t_t;Serviços de manutenção e reparação de motores, turborreatores e turbopropulsores aeronáuticos;t_t;050101;t_t;local da prestação;t_t;000001;t_t;Situações tributadas integralmente pelo IBS e CBS.;)_g
(;14.02;t_t;Assistência técnica.;t_t;1.2001.34.20;t_t;Serviços de manutenção e reparação de motores, turborreatores e turbopropulsores aeronáuticos;t_t;050102;t_t;local da prestação;t_t;000001;t_t;Situações tributadas integralmente pelo IBS e CBS.;)_g
(;14.02;t_t;Assistência técnica.;t_t;1.2001.34.20;t_t;Serviços de manutenção e reparação de motores, turborreatores e turbopropulsores aeronáuticos;t_t;050103;t_t;local da prestação;t_t;000001;t_t;Situações tributadas integralmente pelo IBS e CBS.;)_g
(;14.02;t_t;Assistência técnica.;t_t;1.2001.34.20;t_t;Serviços de manutenção e reparação de motores, turborreatores e turbopropulsores aeronáuticos;t_t;050104;t_t;local da prestação;t_t;000001;t_t;Situações tributadas integralmente pelo IBS e CBS.;)_g
(;14.02;t_t;Assistência técnica.;t_t;1.2001.34.30;t_t;Serviços de manutenção e reparação de foguetes e equipamentos aeroespaciais ;t_t;050101;t_t;local da prestação;t_t;000001;t_t;Situações tributadas integralmente pelo IBS e CBS.;)_g
(;14.02;t_t;Assistência técnica.;t_t;1.2001.34.30;t_t;Serviços de manutenção e reparação de foguetes e equipamentos aeroespaciais ;t_t;050102;t_t;local da prestação;t_t;000001;t_t;Situações tributadas integralmente pelo IBS e CBS.;)_g
(;14.02;t_t;Assistência técnica.;t_t;1.2001.34.30;t_t;Serviços de manutenção e reparação de foguetes e equipamentos aeroespaciais ;t_t;050103;t_t;local da prestação;t_t;000001;t_t;Situações tributadas integralmente pelo IBS e CBS.;)_g
(;14.02;t_t;Assistência técnica.;t_t;1.2001.34.30;t_t;Serviços de manutenção e reparação de foguetes e equipamentos aeroespaciais ;t_t;050104;t_t;local da prestação;t_t;000001;t_t;Situações tributadas integralmente pelo IBS e CBS.;)_g
(;14.02;t_t;Assistência técnica.;t_t;1.2001.35.00;t_t;Serviços de manutenção e reparação de veículos militares;t_t;050101;t_t;local da prestação;t_t;200044;t_t;Operações e prestações de serviços de segurança da informação e segurança cibernética desenvolvidos por sociedade que tenha sócio brasileiro (Anexo XI);)_g
(;14.02;t_t;Assistência técnica.;t_t;1.2001.35.00;t_t;Serviços de manutenção e reparação de veículos militares;t_t;050102;t_t;local da prestação;t_t;200044;t_t;Operações e prestações de serviços de segurança da informação e segurança cibernética desenvolvidos por sociedade que tenha sócio brasileiro (Anexo XI);)_g
(;14.02;t_t;Assistência técnica.;t_t;1.2001.35.00;t_t;Serviços de manutenção e reparação de veículos militares;t_t;050103;t_t;local da prestação;t_t;200044;t_t;Operações e prestações de serviços de segurança da informação e segurança cibernética desenvolvidos por sociedade que tenha sócio brasileiro (Anexo XI);)_g
(;14.02;t_t;Assistência técnica.;t_t;1.2001.35.00;t_t;Serviços de manutenção e reparação de veículos militares;t_t;050104;t_t;local da prestação;t_t;200044;t_t;Operações e prestações de serviços de segurança da informação e segurança cibernética desenvolvidos por sociedade que tenha sócio brasileiro (Anexo XI);)_g
(;14.02;t_t;Assistência técnica.;t_t;1.2001.39.00;t_t;Serviços de manutenção e reparação de maquinários e equipamentos de transporte não classificados em subposições anteriores;t_t;050101;t_t;local da prestação;t_t;000001;t_t;Situações tributadas integralmente pelo IBS e CBS.;)_g
(;14.02;t_t;Assistência técnica.;t_t;1.2001.39.00;t_t;Serviços de manutenção e reparação de maquinários e equipamentos de transporte não classificados em subposições anteriores;t_t;050102;t_t;local da prestação;t_t;000001;t_t;Situações tributadas integralmente pelo IBS e CBS.;)_g
(;14.02;t_t;Assistência técnica.;t_t;1.2001.39.00;t_t;Serviços de manutenção e reparação de maquinários e equipamentos de transporte não classificados em subposições anteriores;t_t;050103;t_t;local da prestação;t_t;000001;t_t;Situações tributadas integralmente pelo IBS e CBS.;)_g
(;14.02;t_t;Assistência técnica.;t_t;1.2001.39.00;t_t;Serviços de manutenção e reparação de maquinários e equipamentos de transporte não classificados em subposições anteriores;t_t;050104;t_t;local da prestação;t_t;000001;t_t;Situações tributadas integralmente pelo IBS e CBS.;)_g
(;14.02;t_t;Assistência técnica.;t_t;1.2001.40.00;t_t;Serviços de manutenção e reparação de plataformas, inclusive navios-plataforma, para extração de petróleo e gás;t_t;050101;t_t;local da prestação;t_t;000001;t_t;Situações tributadas integralmente pelo IBS e CBS.;)_g
(;14.02;t_t;Assistência técnica.;t_t;1.2001.40.00;t_t;Serviços de manutenção e reparação de plataformas, inclusive navios-plataforma, para extração de petróleo e gás;t_t;050102;t_t;local da prestação;t_t;000001;t_t;Situações tributadas integralmente pelo IBS e CBS.;)_g
(;14.02;t_t;Assistência técnica.;t_t;1.2001.40.00;t_t;Serviços de manutenção e reparação de plataformas, inclusive navios-plataforma, para extração de petróleo e gás;t_t;050103;t_t;local da prestação;t_t;000001;t_t;Situações tributadas integralmente pelo IBS e CBS.;)_g
(;14.02;t_t;Assistência técnica.;t_t;1.2001.40.00;t_t;Serviços de manutenção e reparação de plataformas, inclusive navios-plataforma, para extração de petróleo e gás;t_t;050104;t_t;local da prestação;t_t;000001;t_t;Situações tributadas integralmente pelo IBS e CBS.;)_g
(;14.02;t_t;Assistência técnica.;t_t;1.2001.50.00;t_t;Serviços de manutenção e reparação de maquinários e equipamentos de uso industrial;t_t;050101;t_t;local da prestação;t_t;000001;t_t;Situações tributadas integralmente pelo IBS e CBS.;)_g
(;14.02;t_t;Assistência técnica.;t_t;1.2001.50.00;t_t;Serviços de manutenção e reparação de maquinários e equipamentos de uso industrial;t_t;050102;t_t;local da prestação;t_t;000001;t_t;Situações tributadas integralmente pelo IBS e CBS.;)_g
(;14.02;t_t;Assistência técnica.;t_t;1.2001.50.00;t_t;Serviços de manutenção e reparação de maquinários e equipamentos de uso industrial;t_t;050103;t_t;local da prestação;t_t;000001;t_t;Situações tributadas integralmente pelo IBS e CBS.;)_g
(;14.02;t_t;Assistência técnica.;t_t;1.2001.50.00;t_t;Serviços de manutenção e reparação de maquinários e equipamentos de uso industrial;t_t;050104;t_t;local da prestação;t_t;000001;t_t;Situações tributadas integralmente pelo IBS e CBS.;)_g
(;14.02;t_t;Assistência técnica.;t_t;1.2001.60.00;t_t;Serviços de manutenção e reparação de maquinários e equipamentos de uso comercial;t_t;050101;t_t;local da prestação;t_t;000001;t_t;Situações tributadas integralmente pelo IBS e CBS.;)_g
(;14.02;t_t;Assistência técnica.;t_t;1.2001.60.00;t_t;Serviços de manutenção e reparação de maquinários e equipamentos de uso comercial;t_t;050102;t_t;local da prestação;t_t;000001;t_t;Situações tributadas integralmente pelo IBS e CBS.;)_g
(;14.02;t_t;Assistência técnica.;t_t;1.2001.60.00;t_t;Serviços de manutenção e reparação de maquinários e equipamentos de uso comercial;t_t;050103;t_t;local da prestação;t_t;000001;t_t;Situações tributadas integralmente pelo IBS e CBS.;)_g
(;14.02;t_t;Assistência técnica.;t_t;1.2001.60.00;t_t;Serviços de manutenção e reparação de maquinários e equipamentos de uso comercial;t_t;050104;t_t;local da prestação;t_t;000001;t_t;Situações tributadas integralmente pelo IBS e CBS.;)_g
(;14.02;t_t;Assistência técnica.;t_t;1.2001.70.00;t_t;Serviços de manutenção e reparação de equipamentos e aparelhos de telecomunicações;t_t;050101;t_t;local da prestação;t_t;000001;t_t;Situações tributadas integralmente pelo IBS e CBS.;)_g
(;14.02;t_t;Assistência técnica.;t_t;1.2001.70.00;t_t;Serviços de manutenção e reparação de equipamentos e aparelhos de telecomunicações;t_t;050102;t_t;local da prestação;t_t;000001;t_t;Situações tributadas integralmente pelo IBS e CBS.;)_g
(;14.02;t_t;Assistência técnica.;t_t;1.2001.70.00;t_t;Serviços de manutenção e reparação de equipamentos e aparelhos de telecomunicações;t_t;050103;t_t;local da prestação;t_t;000001;t_t;Situações tributadas integralmente pelo IBS e CBS.;)_g
(;14.02;t_t;Assistência técnica.;t_t;1.2001.70.00;t_t;Serviços de manutenção e reparação de equipamentos e aparelhos de telecomunicações;t_t;050104;t_t;local da prestação;t_t;000001;t_t;Situações tributadas integralmente pelo IBS e CBS.;)_g
(;14.02;t_t;Assistência técnica.;t_t;1.2001.81.00;t_t;Serviços de manutenção e reparação de aparelhos eletroeletrônicos domésticos;t_t;050101;t_t;local da prestação;t_t;000001;t_t;Situações tributadas integralmente pelo IBS e CBS.;)_g
(;14.02;t_t;Assistência técnica.;t_t;1.2001.81.00;t_t;Serviços de manutenção e reparação de aparelhos eletroeletrônicos domésticos;t_t;050102;t_t;local da prestação;t_t;000001;t_t;Situações tributadas integralmente pelo IBS e CBS.;)_g
(;14.02;t_t;Assistência técnica.;t_t;1.2001.81.00;t_t;Serviços de manutenção e reparação de aparelhos eletroeletrônicos domésticos;t_t;050103;t_t;local da prestação;t_t;000001;t_t;Situações tributadas integralmente pelo IBS e CBS.;)_g
(;14.02;t_t;Assistência técnica.;t_t;1.2001.81.00;t_t;Serviços de manutenção e reparação de aparelhos eletroeletrônicos domésticos;t_t;050104;t_t;local da prestação;t_t;000001;t_t;Situações tributadas integralmente pelo IBS e CBS.;)_g
(;14.02;t_t;Assistência técnica.;t_t;1.2001.82.00;t_t;Serviços de manutenção e reparação de instrumentos e equipamentos médico-hospitalares, odontológicos, óticos e de precisão;t_t;050101;t_t;local da prestação;t_t;000001;t_t;Situações tributadas integralmente pelo IBS e CBS.;)_g
(;14.02;t_t;Assistência técnica.;t_t;1.2001.82.00;t_t;Serviços de manutenção e reparação de instrumentos e equipamentos médico-hospitalares, odontológicos, óticos e de precisão;t_t;050102;t_t;local da prestação;t_t;000001;t_t;Situações tributadas integralmente pelo IBS e CBS.;)_g
(;14.02;t_t;Assistência técnica.;t_t;1.2001.82.00;t_t;Serviços de manutenção e reparação de instrumentos e equipamentos médico-hospitalares, odontológicos, óticos e de precisão;t_t;050103;t_t;local da prestação;t_t;000001;t_t;Situações tributadas integralmente pelo IBS e CBS.;)_g
(;14.02;t_t;Assistência técnica.;t_t;1.2001.82.00;t_t;Serviços de manutenção e reparação de instrumentos e equipamentos médico-hospitalares, odontológicos, óticos e de precisão;t_t;050104;t_t;local da prestação;t_t;000001;t_t;Situações tributadas integralmente pelo IBS e CBS.;)_g
(;14.02;t_t;Assistência técnica.;t_t;1.2001.83.00;t_t;Serviços de manutenção e reparação de equipamentos militares;t_t;050101;t_t;local da prestação;t_t;200044;t_t;Operações e prestações de serviços de segurança da informação e segurança cibernética desenvolvidos por sociedade que tenha sócio brasileiro (Anexo XI);)_g
(;14.02;t_t;Assistência técnica.;t_t;1.2001.83.00;t_t;Serviços de manutenção e reparação de equipamentos militares;t_t;050102;t_t;local da prestação;t_t;200044;t_t;Operações e prestações de serviços de segurança da informação e segurança cibernética desenvolvidos por sociedade que tenha sócio brasileiro (Anexo XI);)_g
(;14.02;t_t;Assistência técnica.;t_t;1.2001.83.00;t_t;Serviços de manutenção e reparação de equipamentos militares;t_t;050103;t_t;local da prestação;t_t;200044;t_t;Operações e prestações de serviços de segurança da informação e segurança cibernética desenvolvidos por sociedade que tenha sócio brasileiro (Anexo XI);)_g
(;14.02;t_t;Assistência técnica.;t_t;1.2001.83.00;t_t;Serviços de manutenção e reparação de equipamentos militares;t_t;050104;t_t;local da prestação;t_t;200044;t_t;Operações e prestações de serviços de segurança da informação e segurança cibernética desenvolvidos por sociedade que tenha sócio brasileiro (Anexo XI);)_g
(;14.02;t_t;Assistência técnica.;t_t;1.2001.89.00;t_t;Serviços de manutenção e reparação de outros maquinários e equipamentos não classificados em subposições anteriores;t_t;050101;t_t;local da prestação;t_t;000001;t_t;Situações tributadas integralmente pelo IBS e CBS.;)_g
(;14.02;t_t;Assistência técnica.;t_t;1.2001.89.00;t_t;Serviços de manutenção e reparação de outros maquinários e equipamentos não classificados em subposições anteriores;t_t;050102;t_t;local da prestação;t_t;000001;t_t;Situações tributadas integralmente pelo IBS e CBS.;)_g
(;14.02;t_t;Assistência técnica.;t_t;1.2001.89.00;t_t;Serviços de manutenção e reparação de outros maquinários e equipamentos não classificados em subposições anteriores;t_t;050103;t_t;local da prestação;t_t;000001;t_t;Situações tributadas integralmente pelo IBS e CBS.;)_g
(;14.02;t_t;Assistência técnica.;t_t;1.2001.89.00;t_t;Serviços de manutenção e reparação de outros maquinários e equipamentos não classificados em subposições anteriores;t_t;050104;t_t;local da prestação;t_t;000001;t_t;Situações tributadas integralmente pelo IBS e CBS.;)_g
(;14.02;t_t;Assistência técnica.;t_t;1.2002.10.00;t_t;Serviços de manutenção e reparação de produtos de couro, calçados, malas e bolsas;t_t;050101;t_t;local da prestação;t_t;000001;t_t;Situações tributadas integralmente pelo IBS e CBS.;)_g
(;14.02;t_t;Assistência técnica.;t_t;1.2002.10.00;t_t;Serviços de manutenção e reparação de produtos de couro, calçados, malas e bolsas;t_t;050102;t_t;local da prestação;t_t;000001;t_t;Situações tributadas integralmente pelo IBS e CBS.;)_g
(;14.02;t_t;Assistência técnica.;t_t;1.2002.10.00;t_t;Serviços de manutenção e reparação de produtos de couro, calçados, malas e bolsas;t_t;050103;t_t;local da prestação;t_t;000001;t_t;Situações tributadas integralmente pelo IBS e CBS.;)_g
(;14.02;t_t;Assistência técnica.;t_t;1.2002.10.00;t_t;Serviços de manutenção e reparação de produtos de couro, calçados, malas e bolsas;t_t;050104;t_t;local da prestação;t_t;000001;t_t;Situações tributadas integralmente pelo IBS e CBS.;)_g
(;14.02;t_t;Assistência técnica.;t_t;1.2002.20.00;t_t;Serviços de manutenção e reparação de relógios e joias;t_t;050101;t_t;local da prestação;t_t;000001;t_t;Situações tributadas integralmente pelo IBS e CBS.;)_g
(;14.02;t_t;Assistência técnica.;t_t;1.2002.20.00;t_t;Serviços de manutenção e reparação de relógios e joias;t_t;050102;t_t;local da prestação;t_t;000001;t_t;Situações tributadas integralmente pelo IBS e CBS.;)_g
(;14.02;t_t;Assistência técnica.;t_t;1.2002.20.00;t_t;Serviços de manutenção e reparação de relógios e joias;t_t;050103;t_t;local da prestação;t_t;000001;t_t;Situações tributadas integralmente pelo IBS e CBS.;)_g
(;14.02;t_t;Assistência técnica.;t_t;1.2002.20.00;t_t;Serviços de manutenção e reparação de relógios e joias;t_t;050104;t_t;local da prestação;t_t;000001;t_t;Situações tributadas integralmente pelo IBS e CBS.;)_g
(;14.02;t_t;Assistência técnica.;t_t;1.2002.30.00;t_t;Serviços de manutenção e reparação de móveis;t_t;050101;t_t;local da prestação;t_t;000001;t_t;Situações tributadas integralmente pelo IBS e CBS.;)_g
(;14.02;t_t;Assistência técnica.;t_t;1.2002.30.00;t_t;Serviços de manutenção e reparação de móveis;t_t;050102;t_t;local da prestação;t_t;000001;t_t;Situações tributadas integralmente pelo IBS e CBS.;)_g
(;14.02;t_t;Assistência técnica.;t_t;1.2002.30.00;t_t;Serviços de manutenção e reparação de móveis;t_t;050103;t_t;local da prestação;t_t;000001;t_t;Situações tributadas integralmente pelo IBS e CBS.;)_g
(;14.02;t_t;Assistência técnica.;t_t;1.2002.30.00;t_t;Serviços de manutenção e reparação de móveis;t_t;050104;t_t;local da prestação;t_t;000001;t_t;Situações tributadas integralmente pelo IBS e CBS.;)_g
(;14.02;t_t;Assistência técnica.;t_t;1.2002.40.00;t_t;Serviços de manutenção de roupas e outros produtos têxteis ;t_t;050101;t_t;local da prestação;t_t;000001;t_t;Situações tributadas integralmente pelo IBS e CBS.;)_g
(;14.02;t_t;Assistência técnica.;t_t;1.2002.40.00;t_t;Serviços de manutenção de roupas e outros produtos têxteis ;t_t;050102;t_t;local da prestação;t_t;000001;t_t;Situações tributadas integralmente pelo IBS e CBS.;)_g
(;14.02;t_t;Assistência técnica.;t_t;1.2002.40.00;t_t;Serviços de manutenção de roupas e outros produtos têxteis ;t_t;050103;t_t;local da prestação;t_t;000001;t_t;Situações tributadas integralmente pelo IBS e CBS.;)_g
(;14.02;t_t;Assistência técnica.;t_t;1.2002.40.00;t_t;Serviços de manutenção de roupas e outros produtos têxteis ;t_t;050104;t_t;local da prestação;t_t;000001;t_t;Situações tributadas integralmente pelo IBS e CBS.;)_g
(;14.02;t_t;Assistência técnica.;t_t;1.2002.90.00;t_t;Serviços de manutenção e reparação de outros bens de consumo não classificados em subposições anteriores;t_t;050101;t_t;local da prestação;t_t;000001;t_t;Situações tributadas integralmente pelo IBS e CBS.;)_g
(;14.02;t_t;Assistência técnica.;t_t;1.2002.90.00;t_t;Serviços de manutenção e reparação de outros bens de consumo não classificados em subposições anteriores;t_t;050102;t_t;local da prestação;t_t;000001;t_t;Situações tributadas integralmente pelo IBS e CBS.;)_g
(;14.02;t_t;Assistência técnica.;t_t;1.2002.90.00;t_t;Serviços de manutenção e reparação de outros bens de consumo não classificados em subposições anteriores;t_t;050103;t_t;local da prestação;t_t;000001;t_t;Situações tributadas integralmente pelo IBS e CBS.;)_g
(;14.02;t_t;Assistência técnica.;t_t;1.2002.90.00;t_t;Serviços de manutenção e reparação de outros bens de consumo não classificados em subposições anteriores;t_t;050104;t_t;local da prestação;t_t;000001;t_t;Situações tributadas integralmente pelo IBS e CBS.;)_g
(;14.03;t_t;Recondicionamento de motores (exceto peças e partes empregadas, que ficam sujeitas ao ICMS).;t_t;1.2001.31.10;t_t;Serviços de manutenção e reparação de veículos rodoviários motorizados;t_t;050101;t_t;local da prestação;t_t;000001;t_t;Situações tributadas integralmente pelo IBS e CBS.;)_g
(;14.03;t_t;Recondicionamento de motores (exceto peças e partes empregadas, que ficam sujeitas ao ICMS).;t_t;1.2001.31.10;t_t;Serviços de manutenção e reparação de veículos rodoviários motorizados;t_t;050102;t_t;local da prestação;t_t;000001;t_t;Situações tributadas integralmente pelo IBS e CBS.;)_g
(;14.03;t_t;Recondicionamento de motores (exceto peças e partes empregadas, que ficam sujeitas ao ICMS).;t_t;1.2001.31.10;t_t;Serviços de manutenção e reparação de veículos rodoviários motorizados;t_t;050103;t_t;local da prestação;t_t;000001;t_t;Situações tributadas integralmente pelo IBS e CBS.;)_g
(;14.03;t_t;Recondicionamento de motores (exceto peças e partes empregadas, que ficam sujeitas ao ICMS).;t_t;1.2001.31.10;t_t;Serviços de manutenção e reparação de veículos rodoviários motorizados;t_t;050104;t_t;local da prestação;t_t;000001;t_t;Situações tributadas integralmente pelo IBS e CBS.;)_g
(;14.04;t_t;Recauchutagem ou regeneração de pneus.;t_t;1.2002.90.00;t_t;Serviços de manutenção e reparação de outros bens de consumo não classificados em subposições anteriores;t_t;050101;t_t;local da prestação;t_t;000001;t_t;Situações tributadas integralmente pelo IBS e CBS.;)_g
(;14.04;t_t;Recauchutagem ou regeneração de pneus.;t_t;1.2002.90.00;t_t;Serviços de manutenção e reparação de outros bens de consumo não classificados em subposições anteriores;t_t;050102;t_t;local da prestação;t_t;000001;t_t;Situações tributadas integralmente pelo IBS e CBS.;)_g
(;14.04;t_t;Recauchutagem ou regeneração de pneus.;t_t;1.2002.90.00;t_t;Serviços de manutenção e reparação de outros bens de consumo não classificados em subposições anteriores;t_t;050103;t_t;local da prestação;t_t;000001;t_t;Situações tributadas integralmente pelo IBS e CBS.;)_g
(;14.04;t_t;Recauchutagem ou regeneração de pneus.;t_t;1.2002.90.00;t_t;Serviços de manutenção e reparação de outros bens de consumo não classificados em subposições anteriores;t_t;050104;t_t;local da prestação;t_t;000001;t_t;Situações tributadas integralmente pelo IBS e CBS.;)_g
(;14.05;t_t;Restauração, Recondicionamento, Acondicionamento, Pintura, Beneficiamento, Lavagem, Secagem, Tingimento, Galvanoplastia, Anodização, Corte, Recorte, Plastificação, Costura, Acabamento, Polimento E Congêneres De Objetos Quaisquer. (Redação Dada Pela Lei Complementar Nº 157, De 2016);t_t;1.1804.00.00;t_t;Serviços de acondicionamento e empacotamento;t_t;050101;t_t;local da prestação;t_t;000001;t_t;Situações tributadas integralmente pelo IBS e CBS.;)_g
(;14.05;t_t;Restauração, Recondicionamento, Acondicionamento, Pintura, Beneficiamento, Lavagem, Secagem, Tingimento, Galvanoplastia, Anodização, Corte, Recorte, Plastificação, Costura, Acabamento, Polimento E Congêneres De Objetos Quaisquer. (Redação Dada Pela Lei Complementar Nº 157, De 2016);t_t;1.1804.00.00;t_t;Serviços de acondicionamento e empacotamento;t_t;050102;t_t;local da prestação;t_t;000001;t_t;Situações tributadas integralmente pelo IBS e CBS.;)_g
(;14.05;t_t;Restauração, Recondicionamento, Acondicionamento, Pintura, Beneficiamento, Lavagem, Secagem, Tingimento, Galvanoplastia, Anodização, Corte, Recorte, Plastificação, Costura, Acabamento, Polimento E Congêneres De Objetos Quaisquer. (Redação Dada Pela Lei Complementar Nº 157, De 2016);t_t;1.1804.00.00;t_t;Serviços de acondicionamento e empacotamento;t_t;050103;t_t;local da prestação;t_t;000001;t_t;Situações tributadas integralmente pelo IBS e CBS.;)_g
(;14.05;t_t;Restauração, Recondicionamento, Acondicionamento, Pintura, Beneficiamento, Lavagem, Secagem, Tingimento, Galvanoplastia, Anodização, Corte, Recorte, Plastificação, Costura, Acabamento, Polimento E Congêneres De Objetos Quaisquer. (Redação Dada Pela Lei Complementar Nº 157, De 2016);t_t;1.1804.00.00;t_t;Serviços de acondicionamento e empacotamento;t_t;050104;t_t;local da prestação;t_t;000001;t_t;Situações tributadas integralmente pelo IBS e CBS.;)_g
(;14.05;t_t;Restauração, Recondicionamento, Acondicionamento, Pintura, Beneficiamento, Lavagem, Secagem, Tingimento, Galvanoplastia, Anodização, Corte, Recorte, Plastificação, Costura, Acabamento, Polimento E Congêneres De Objetos Quaisquer. (Redação Dada Pela Lei Complementar Nº 157, De 2016);t_t;1.2002.90.00;t_t;Serviços de manutenção e reparação de outros bens de consumo não classificados em subposições anteriores;t_t;050101;t_t;local da prestação;t_t;000001;t_t;Situações tributadas integralmente pelo IBS e CBS.;)_g
(;14.05;t_t;Restauração, Recondicionamento, Acondicionamento, Pintura, Beneficiamento, Lavagem, Secagem, Tingimento, Galvanoplastia, Anodização, Corte, Recorte, Plastificação, Costura, Acabamento, Polimento E Congêneres De Objetos Quaisquer. (Redação Dada Pela Lei Complementar Nº 157, De 2016);t_t;1.2002.90.00;t_t;Serviços de manutenção e reparação de outros bens de consumo não classificados em subposições anteriores;t_t;050102;t_t;local da prestação;t_t;000001;t_t;Situações tributadas integralmente pelo IBS e CBS.;)_g
(;14.05;t_t;Restauração, Recondicionamento, Acondicionamento, Pintura, Beneficiamento, Lavagem, Secagem, Tingimento, Galvanoplastia, Anodização, Corte, Recorte, Plastificação, Costura, Acabamento, Polimento E Congêneres De Objetos Quaisquer. (Redação Dada Pela Lei Complementar Nº 157, De 2016);t_t;1.2002.90.00;t_t;Serviços de manutenção e reparação de outros bens de consumo não classificados em subposições anteriores;t_t;050103;t_t;local da prestação;t_t;000001;t_t;Situações tributadas integralmente pelo IBS e CBS.;)_g
(;14.05;t_t;Restauração, Recondicionamento, Acondicionamento, Pintura, Beneficiamento, Lavagem, Secagem, Tingimento, Galvanoplastia, Anodização, Corte, Recorte, Plastificação, Costura, Acabamento, Polimento E Congêneres De Objetos Quaisquer. (Redação Dada Pela Lei Complementar Nº 157, De 2016);t_t;1.2002.90.00;t_t;Serviços de manutenção e reparação de outros bens de consumo não classificados em subposições anteriores;t_t;050104;t_t;local da prestação;t_t;000001;t_t;Situações tributadas integralmente pelo IBS e CBS.;)_g
(;14.06;t_t;Instalação E Montagem De Aparelhos, Máquinas E Equipamentos, Inclusive Montagem Industrial, Prestados Ao Usuário Final, Exclusivamente Com Material Por Ele Fornecido.;t_t;1.0106.12.00;t_t;Serviços de instalação de alarmes contra incêndio;t_t;050101;t_t;local da prestação;t_t;000001;t_t;Situações tributadas integralmente pelo IBS e CBS.;)_g
(;14.06;t_t;Instalação E Montagem De Aparelhos, Máquinas E Equipamentos, Inclusive Montagem Industrial, Prestados Ao Usuário Final, Exclusivamente Com Material Por Ele Fornecido.;t_t;1.0106.12.00;t_t;Serviços de instalação de alarmes contra incêndio;t_t;050102;t_t;local da prestação;t_t;000001;t_t;Situações tributadas integralmente pelo IBS e CBS.;)_g
(;14.06;t_t;Instalação E Montagem De Aparelhos, Máquinas E Equipamentos, Inclusive Montagem Industrial, Prestados Ao Usuário Final, Exclusivamente Com Material Por Ele Fornecido.;t_t;1.0106.12.00;t_t;Serviços de instalação de alarmes contra incêndio;t_t;050103;t_t;local da prestação;t_t;000001;t_t;Situações tributadas integralmente pelo IBS e CBS.;)_g
(;14.06;t_t;Instalação E Montagem De Aparelhos, Máquinas E Equipamentos, Inclusive Montagem Industrial, Prestados Ao Usuário Final, Exclusivamente Com Material Por Ele Fornecido.;t_t;1.0106.12.00;t_t;Serviços de instalação de alarmes contra incêndio;t_t;050104;t_t;local da prestação;t_t;000001;t_t;Situações tributadas integralmente pelo IBS e CBS.;)_g
(;14.06;t_t;Instalação E Montagem De Aparelhos, Máquinas E Equipamentos, Inclusive Montagem Industrial, Prestados Ao Usuário Final, Exclusivamente Com Material Por Ele Fornecido.;t_t;1.0106.13.00;t_t;Serviços de instalação de sistemas de alarmes antifurto;t_t;050101;t_t;local da prestação;t_t;000001;t_t;Situações tributadas integralmente pelo IBS e CBS.;)_g
(;14.06;t_t;Instalação E Montagem De Aparelhos, Máquinas E Equipamentos, Inclusive Montagem Industrial, Prestados Ao Usuário Final, Exclusivamente Com Material Por Ele Fornecido.;t_t;1.0106.13.00;t_t;Serviços de instalação de sistemas de alarmes antifurto;t_t;050102;t_t;local da prestação;t_t;000001;t_t;Situações tributadas integralmente pelo IBS e CBS.;)_g
(;14.06;t_t;Instalação E Montagem De Aparelhos, Máquinas E Equipamentos, Inclusive Montagem Industrial, Prestados Ao Usuário Final, Exclusivamente Com Material Por Ele Fornecido.;t_t;1.0106.13.00;t_t;Serviços de instalação de sistemas de alarmes antifurto;t_t;050103;t_t;local da prestação;t_t;000001;t_t;Situações tributadas integralmente pelo IBS e CBS.;)_g
(;14.06;t_t;Instalação E Montagem De Aparelhos, Máquinas E Equipamentos, Inclusive Montagem Industrial, Prestados Ao Usuário Final, Exclusivamente Com Material Por Ele Fornecido.;t_t;1.0106.13.00;t_t;Serviços de instalação de sistemas de alarmes antifurto;t_t;050104;t_t;local da prestação;t_t;000001;t_t;Situações tributadas integralmente pelo IBS e CBS.;)_g
(;14.06;t_t;Instalação E Montagem De Aparelhos, Máquinas E Equipamentos, Inclusive Montagem Industrial, Prestados Ao Usuário Final, Exclusivamente Com Material Por Ele Fornecido.;t_t;1.0106.14.00;t_t;Serviços de instalação de antenas residenciais;t_t;050101;t_t;local da prestação;t_t;000001;t_t;Situações tributadas integralmente pelo IBS e CBS.;)_g
(;14.06;t_t;Instalação E Montagem De Aparelhos, Máquinas E Equipamentos, Inclusive Montagem Industrial, Prestados Ao Usuário Final, Exclusivamente Com Material Por Ele Fornecido.;t_t;1.0106.14.00;t_t;Serviços de instalação de antenas residenciais;t_t;050102;t_t;local da prestação;t_t;000001;t_t;Situações tributadas integralmente pelo IBS e CBS.;)_g
(;14.06;t_t;Instalação E Montagem De Aparelhos, Máquinas E Equipamentos, Inclusive Montagem Industrial, Prestados Ao Usuário Final, Exclusivamente Com Material Por Ele Fornecido.;t_t;1.0106.14.00;t_t;Serviços de instalação de antenas residenciais;t_t;050103;t_t;local da prestação;t_t;000001;t_t;Situações tributadas integralmente pelo IBS e CBS.;)_g
(;14.06;t_t;Instalação E Montagem De Aparelhos, Máquinas E Equipamentos, Inclusive Montagem Industrial, Prestados Ao Usuário Final, Exclusivamente Com Material Por Ele Fornecido.;t_t;1.0106.14.00;t_t;Serviços de instalação de antenas residenciais;t_t;050104;t_t;local da prestação;t_t;000001;t_t;Situações tributadas integralmente pelo IBS e CBS.;)_g
(;14.06;t_t;Instalação E Montagem De Aparelhos, Máquinas E Equipamentos, Inclusive Montagem Industrial, Prestados Ao Usuário Final, Exclusivamente Com Material Por Ele Fornecido.;t_t;1.0106.31.00;t_t;Serviços de instalação de equipamentos de aquecimento;t_t;050101;t_t;local da prestação;t_t;000001;t_t;Situações tributadas integralmente pelo IBS e CBS.;)_g
(;14.06;t_t;Instalação E Montagem De Aparelhos, Máquinas E Equipamentos, Inclusive Montagem Industrial, Prestados Ao Usuário Final, Exclusivamente Com Material Por Ele Fornecido.;t_t;1.0106.31.00;t_t;Serviços de instalação de equipamentos de aquecimento;t_t;050102;t_t;local da prestação;t_t;000001;t_t;Situações tributadas integralmente pelo IBS e CBS.;)_g
(;14.06;t_t;Instalação E Montagem De Aparelhos, Máquinas E Equipamentos, Inclusive Montagem Industrial, Prestados Ao Usuário Final, Exclusivamente Com Material Por Ele Fornecido.;t_t;1.0106.31.00;t_t;Serviços de instalação de equipamentos de aquecimento;t_t;050103;t_t;local da prestação;t_t;000001;t_t;Situações tributadas integralmente pelo IBS e CBS.;)_g
(;14.06;t_t;Instalação E Montagem De Aparelhos, Máquinas E Equipamentos, Inclusive Montagem Industrial, Prestados Ao Usuário Final, Exclusivamente Com Material Por Ele Fornecido.;t_t;1.0106.31.00;t_t;Serviços de instalação de equipamentos de aquecimento;t_t;050104;t_t;local da prestação;t_t;000001;t_t;Situações tributadas integralmente pelo IBS e CBS.;)_g
(;14.06;t_t;Instalação E Montagem De Aparelhos, Máquinas E Equipamentos, Inclusive Montagem Industrial, Prestados Ao Usuário Final, Exclusivamente Com Material Por Ele Fornecido.;t_t;1.0106.32.00;t_t;Serviços de instalação de equipamentos de ventilação e de ar condicionado;t_t;050101;t_t;local da prestação;t_t;000001;t_t;Situações tributadas integralmente pelo IBS e CBS.;)_g
(;14.06;t_t;Instalação E Montagem De Aparelhos, Máquinas E Equipamentos, Inclusive Montagem Industrial, Prestados Ao Usuário Final, Exclusivamente Com Material Por Ele Fornecido.;t_t;1.0106.32.00;t_t;Serviços de instalação de equipamentos de ventilação e de ar condicionado;t_t;050102;t_t;local da prestação;t_t;000001;t_t;Situações tributadas integralmente pelo IBS e CBS.;)_g
(;14.06;t_t;Instalação E Montagem De Aparelhos, Máquinas E Equipamentos, Inclusive Montagem Industrial, Prestados Ao Usuário Final, Exclusivamente Com Material Por Ele Fornecido.;t_t;1.0106.32.00;t_t;Serviços de instalação de equipamentos de ventilação e de ar condicionado;t_t;050103;t_t;local da prestação;t_t;000001;t_t;Situações tributadas integralmente pelo IBS e CBS.;)_g
(;14.06;t_t;Instalação E Montagem De Aparelhos, Máquinas E Equipamentos, Inclusive Montagem Industrial, Prestados Ao Usuário Final, Exclusivamente Com Material Por Ele Fornecido.;t_t;1.0106.32.00;t_t;Serviços de instalação de equipamentos de ventilação e de ar condicionado;t_t;050104;t_t;local da prestação;t_t;000001;t_t;Situações tributadas integralmente pelo IBS e CBS.;)_g
(;14.06;t_t;Instalação E Montagem De Aparelhos, Máquinas E Equipamentos, Inclusive Montagem Industrial, Prestados Ao Usuário Final, Exclusivamente Com Material Por Ele Fornecido.;t_t;1.0106.40.00;t_t;Serviços de instalação de gás;t_t;050101;t_t;local da prestação;t_t;000001;t_t;Situações tributadas integralmente pelo IBS e CBS.;)_g
(;14.06;t_t;Instalação E Montagem De Aparelhos, Máquinas E Equipamentos, Inclusive Montagem Industrial, Prestados Ao Usuário Final, Exclusivamente Com Material Por Ele Fornecido.;t_t;1.0106.40.00;t_t;Serviços de instalação de gás;t_t;050102;t_t;local da prestação;t_t;000001;t_t;Situações tributadas integralmente pelo IBS e CBS.;)_g
(;14.06;t_t;Instalação E Montagem De Aparelhos, Máquinas E Equipamentos, Inclusive Montagem Industrial, Prestados Ao Usuário Final, Exclusivamente Com Material Por Ele Fornecido.;t_t;1.0106.40.00;t_t;Serviços de instalação de gás;t_t;050103;t_t;local da prestação;t_t;000001;t_t;Situações tributadas integralmente pelo IBS e CBS.;)_g
(;14.06;t_t;Instalação E Montagem De Aparelhos, Máquinas E Equipamentos, Inclusive Montagem Industrial, Prestados Ao Usuário Final, Exclusivamente Com Material Por Ele Fornecido.;t_t;1.0106.40.00;t_t;Serviços de instalação de gás;t_t;050104;t_t;local da prestação;t_t;000001;t_t;Situações tributadas integralmente pelo IBS e CBS.;)_g
(;14.06;t_t;Instalação E Montagem De Aparelhos, Máquinas E Equipamentos, Inclusive Montagem Industrial, Prestados Ao Usuário Final, Exclusivamente Com Material Por Ele Fornecido.;t_t;1.0106.90.00;t_t;Serviços de instalação não classificados em subposições anteriores;t_t;050101;t_t;local da prestação;t_t;000001;t_t;Situações tributadas integralmente pelo IBS e CBS.;)_g
(;14.06;t_t;Instalação E Montagem De Aparelhos, Máquinas E Equipamentos, Inclusive Montagem Industrial, Prestados Ao Usuário Final, Exclusivamente Com Material Por Ele Fornecido.;t_t;1.0106.90.00;t_t;Serviços de instalação não classificados em subposições anteriores;t_t;050102;t_t;local da prestação;t_t;000001;t_t;Situações tributadas integralmente pelo IBS e CBS.;)_g
(;14.06;t_t;Instalação E Montagem De Aparelhos, Máquinas E Equipamentos, Inclusive Montagem Industrial, Prestados Ao Usuário Final, Exclusivamente Com Material Por Ele Fornecido.;t_t;1.0106.90.00;t_t;Serviços de instalação não classificados em subposições anteriores;t_t;050103;t_t;local da prestação;t_t;000001;t_t;Situações tributadas integralmente pelo IBS e CBS.;)_g
(;14.06;t_t;Instalação E Montagem De Aparelhos, Máquinas E Equipamentos, Inclusive Montagem Industrial, Prestados Ao Usuário Final, Exclusivamente Com Material Por Ele Fornecido.;t_t;1.0106.90.00;t_t;Serviços de instalação não classificados em subposições anteriores;t_t;050104;t_t;local da prestação;t_t;000001;t_t;Situações tributadas integralmente pelo IBS e CBS.;)_g
(;14.06;t_t;Instalação E Montagem De Aparelhos, Máquinas E Equipamentos, Inclusive Montagem Industrial, Prestados Ao Usuário Final, Exclusivamente Com Material Por Ele Fornecido.;t_t;1.0107.60.00;t_t;Serviços de instalação de cercas e grades;t_t;050101;t_t;local da prestação;t_t;000001;t_t;Situações tributadas integralmente pelo IBS e CBS.;)_g
(;14.06;t_t;Instalação E Montagem De Aparelhos, Máquinas E Equipamentos, Inclusive Montagem Industrial, Prestados Ao Usuário Final, Exclusivamente Com Material Por Ele Fornecido.;t_t;1.0107.60.00;t_t;Serviços de instalação de cercas e grades;t_t;050102;t_t;local da prestação;t_t;000001;t_t;Situações tributadas integralmente pelo IBS e CBS.;)_g
(;14.06;t_t;Instalação E Montagem De Aparelhos, Máquinas E Equipamentos, Inclusive Montagem Industrial, Prestados Ao Usuário Final, Exclusivamente Com Material Por Ele Fornecido.;t_t;1.0107.60.00;t_t;Serviços de instalação de cercas e grades;t_t;050103;t_t;local da prestação;t_t;000001;t_t;Situações tributadas integralmente pelo IBS e CBS.;)_g
(;14.06;t_t;Instalação E Montagem De Aparelhos, Máquinas E Equipamentos, Inclusive Montagem Industrial, Prestados Ao Usuário Final, Exclusivamente Com Material Por Ele Fornecido.;t_t;1.0107.60.00;t_t;Serviços de instalação de cercas e grades;t_t;050104;t_t;local da prestação;t_t;000001;t_t;Situações tributadas integralmente pelo IBS e CBS.;)_g
(;14.06;t_t;Instalação E Montagem De Aparelhos, Máquinas E Equipamentos, Inclusive Montagem Industrial, Prestados Ao Usuário Final, Exclusivamente Com Material Por Ele Fornecido.;t_t;1.2003.10.00;t_t;Serviços de instalação de produtos metálicos, exceto maquinário e equipamentos;t_t;050101;t_t;local da prestação;t_t;000001;t_t;Situações tributadas integralmente pelo IBS e CBS.;)_g
(;14.06;t_t;Instalação E Montagem De Aparelhos, Máquinas E Equipamentos, Inclusive Montagem Industrial, Prestados Ao Usuário Final, Exclusivamente Com Material Por Ele Fornecido.;t_t;1.2003.10.00;t_t;Serviços de instalação de produtos metálicos, exceto maquinário e equipamentos;t_t;050102;t_t;local da prestação;t_t;000001;t_t;Situações tributadas integralmente pelo IBS e CBS.;)_g
(;14.06;t_t;Instalação E Montagem De Aparelhos, Máquinas E Equipamentos, Inclusive Montagem Industrial, Prestados Ao Usuário Final, Exclusivamente Com Material Por Ele Fornecido.;t_t;1.2003.10.00;t_t;Serviços de instalação de produtos metálicos, exceto maquinário e equipamentos;t_t;050103;t_t;local da prestação;t_t;000001;t_t;Situações tributadas integralmente pelo IBS e CBS.;)_g
(;14.06;t_t;Instalação E Montagem De Aparelhos, Máquinas E Equipamentos, Inclusive Montagem Industrial, Prestados Ao Usuário Final, Exclusivamente Com Material Por Ele Fornecido.;t_t;1.2003.10.00;t_t;Serviços de instalação de produtos metálicos, exceto maquinário e equipamentos;t_t;050104;t_t;local da prestação;t_t;000001;t_t;Situações tributadas integralmente pelo IBS e CBS.;)_g
(;14.06;t_t;Instalação E Montagem De Aparelhos, Máquinas E Equipamentos, Inclusive Montagem Industrial, Prestados Ao Usuário Final, Exclusivamente Com Material Por Ele Fornecido.;t_t;1.2003.21.10;t_t;Serviços de montagem sob encomenda de turbinas industriais;t_t;050101;t_t;local da prestação;t_t;000001;t_t;Situações tributadas integralmente pelo IBS e CBS.;)_g
(;14.06;t_t;Instalação E Montagem De Aparelhos, Máquinas E Equipamentos, Inclusive Montagem Industrial, Prestados Ao Usuário Final, Exclusivamente Com Material Por Ele Fornecido.;t_t;1.2003.21.10;t_t;Serviços de montagem sob encomenda de turbinas industriais;t_t;050102;t_t;local da prestação;t_t;000001;t_t;Situações tributadas integralmente pelo IBS e CBS.;)_g
(;14.06;t_t;Instalação E Montagem De Aparelhos, Máquinas E Equipamentos, Inclusive Montagem Industrial, Prestados Ao Usuário Final, Exclusivamente Com Material Por Ele Fornecido.;t_t;1.2003.21.10;t_t;Serviços de montagem sob encomenda de turbinas industriais;t_t;050103;t_t;local da prestação;t_t;000001;t_t;Situações tributadas integralmente pelo IBS e CBS.;)_g
(;14.06;t_t;Instalação E Montagem De Aparelhos, Máquinas E Equipamentos, Inclusive Montagem Industrial, Prestados Ao Usuário Final, Exclusivamente Com Material Por Ele Fornecido.;t_t;1.2003.21.10;t_t;Serviços de montagem sob encomenda de turbinas industriais;t_t;050104;t_t;local da prestação;t_t;000001;t_t;Situações tributadas integralmente pelo IBS e CBS.;)_g
(;14.06;t_t;Instalação E Montagem De Aparelhos, Máquinas E Equipamentos, Inclusive Montagem Industrial, Prestados Ao Usuário Final, Exclusivamente Com Material Por Ele Fornecido.;t_t;1.2003.21.90;t_t;Serviços de instalação de maquinários, aparelhos e equipamentos industriais não classificados em itens anteriores;t_t;050101;t_t;local da prestação;t_t;000001;t_t;Situações tributadas integralmente pelo IBS e CBS.;)_g
(;14.06;t_t;Instalação E Montagem De Aparelhos, Máquinas E Equipamentos, Inclusive Montagem Industrial, Prestados Ao Usuário Final, Exclusivamente Com Material Por Ele Fornecido.;t_t;1.2003.21.90;t_t;Serviços de instalação de maquinários, aparelhos e equipamentos industriais não classificados em itens anteriores;t_t;050102;t_t;local da prestação;t_t;000001;t_t;Situações tributadas integralmente pelo IBS e CBS.;)_g
(;14.06;t_t;Instalação E Montagem De Aparelhos, Máquinas E Equipamentos, Inclusive Montagem Industrial, Prestados Ao Usuário Final, Exclusivamente Com Material Por Ele Fornecido.;t_t;1.2003.21.90;t_t;Serviços de instalação de maquinários, aparelhos e equipamentos industriais não classificados em itens anteriores;t_t;050103;t_t;local da prestação;t_t;000001;t_t;Situações tributadas integralmente pelo IBS e CBS.;)_g
(;14.06;t_t;Instalação E Montagem De Aparelhos, Máquinas E Equipamentos, Inclusive Montagem Industrial, Prestados Ao Usuário Final, Exclusivamente Com Material Por Ele Fornecido.;t_t;1.2003.21.90;t_t;Serviços de instalação de maquinários, aparelhos e equipamentos industriais não classificados em itens anteriores;t_t;050104;t_t;local da prestação;t_t;000001;t_t;Situações tributadas integralmente pelo IBS e CBS.;)_g
(;14.06;t_t;Instalação E Montagem De Aparelhos, Máquinas E Equipamentos, Inclusive Montagem Industrial, Prestados Ao Usuário Final, Exclusivamente Com Material Por Ele Fornecido.;t_t;1.2003.22.00;t_t;Serviços de instalação de computadores e seus periféricos e maquinário de escritório;t_t;050101;t_t;local da prestação;t_t;000001;t_t;Situações tributadas integralmente pelo IBS e CBS.;)_g
(;14.06;t_t;Instalação E Montagem De Aparelhos, Máquinas E Equipamentos, Inclusive Montagem Industrial, Prestados Ao Usuário Final, Exclusivamente Com Material Por Ele Fornecido.;t_t;1.2003.22.00;t_t;Serviços de instalação de computadores e seus periféricos e maquinário de escritório;t_t;050102;t_t;local da prestação;t_t;000001;t_t;Situações tributadas integralmente pelo IBS e CBS.;)_g
(;14.06;t_t;Instalação E Montagem De Aparelhos, Máquinas E Equipamentos, Inclusive Montagem Industrial, Prestados Ao Usuário Final, Exclusivamente Com Material Por Ele Fornecido.;t_t;1.2003.22.00;t_t;Serviços de instalação de computadores e seus periféricos e maquinário de escritório;t_t;050103;t_t;local da prestação;t_t;000001;t_t;Situações tributadas integralmente pelo IBS e CBS.;)_g
(;14.06;t_t;Instalação E Montagem De Aparelhos, Máquinas E Equipamentos, Inclusive Montagem Industrial, Prestados Ao Usuário Final, Exclusivamente Com Material Por Ele Fornecido.;t_t;1.2003.22.00;t_t;Serviços de instalação de computadores e seus periféricos e maquinário de escritório;t_t;050104;t_t;local da prestação;t_t;000001;t_t;Situações tributadas integralmente pelo IBS e CBS.;)_g
(;14.06;t_t;Instalação E Montagem De Aparelhos, Máquinas E Equipamentos, Inclusive Montagem Industrial, Prestados Ao Usuário Final, Exclusivamente Com Material Por Ele Fornecido.;t_t;1.2003.23.00;t_t;Serviços de instalação de equipamentos e aparelhos de comunicação, incluindo de rádio e de televisão;t_t;050101;t_t;local da prestação;t_t;000001;t_t;Situações tributadas integralmente pelo IBS e CBS.;)_g
(;14.06;t_t;Instalação E Montagem De Aparelhos, Máquinas E Equipamentos, Inclusive Montagem Industrial, Prestados Ao Usuário Final, Exclusivamente Com Material Por Ele Fornecido.;t_t;1.2003.23.00;t_t;Serviços de instalação de equipamentos e aparelhos de comunicação, incluindo de rádio e de televisão;t_t;050102;t_t;local da prestação;t_t;000001;t_t;Situações tributadas integralmente pelo IBS e CBS.;)_g
(;14.06;t_t;Instalação E Montagem De Aparelhos, Máquinas E Equipamentos, Inclusive Montagem Industrial, Prestados Ao Usuário Final, Exclusivamente Com Material Por Ele Fornecido.;t_t;1.2003.23.00;t_t;Serviços de instalação de equipamentos e aparelhos de comunicação, incluindo de rádio e de televisão;t_t;050103;t_t;local da prestação;t_t;000001;t_t;Situações tributadas integralmente pelo IBS e CBS.;)_g
(;14.06;t_t;Instalação E Montagem De Aparelhos, Máquinas E Equipamentos, Inclusive Montagem Industrial, Prestados Ao Usuário Final, Exclusivamente Com Material Por Ele Fornecido.;t_t;1.2003.23.00;t_t;Serviços de instalação de equipamentos e aparelhos de comunicação, incluindo de rádio e de televisão;t_t;050104;t_t;local da prestação;t_t;000001;t_t;Situações tributadas integralmente pelo IBS e CBS.;)_g
(;14.06;t_t;Instalação E Montagem De Aparelhos, Máquinas E Equipamentos, Inclusive Montagem Industrial, Prestados Ao Usuário Final, Exclusivamente Com Material Por Ele Fornecido.;t_t;1.2003.24.00;t_t;Serviços de instalação de maquinários, equipamentos, instrumentos e aparelhos médico-hospitalares, óticos e de precisão;t_t;050101;t_t;local da prestação;t_t;000001;t_t;Situações tributadas integralmente pelo IBS e CBS.;)_g
(;14.06;t_t;Instalação E Montagem De Aparelhos, Máquinas E Equipamentos, Inclusive Montagem Industrial, Prestados Ao Usuário Final, Exclusivamente Com Material Por Ele Fornecido.;t_t;1.2003.24.00;t_t;Serviços de instalação de maquinários, equipamentos, instrumentos e aparelhos médico-hospitalares, óticos e de precisão;t_t;050102;t_t;local da prestação;t_t;000001;t_t;Situações tributadas integralmente pelo IBS e CBS.;)_g
(;14.06;t_t;Instalação E Montagem De Aparelhos, Máquinas E Equipamentos, Inclusive Montagem Industrial, Prestados Ao Usuário Final, Exclusivamente Com Material Por Ele Fornecido.;t_t;1.2003.24.00;t_t;Serviços de instalação de maquinários, equipamentos, instrumentos e aparelhos médico-hospitalares, óticos e de precisão;t_t;050103;t_t;local da prestação;t_t;000001;t_t;Situações tributadas integralmente pelo IBS e CBS.;)_g
(;14.06;t_t;Instalação E Montagem De Aparelhos, Máquinas E Equipamentos, Inclusive Montagem Industrial, Prestados Ao Usuário Final, Exclusivamente Com Material Por Ele Fornecido.;t_t;1.2003.24.00;t_t;Serviços de instalação de maquinários, equipamentos, instrumentos e aparelhos médico-hospitalares, óticos e de precisão;t_t;050104;t_t;local da prestação;t_t;000001;t_t;Situações tributadas integralmente pelo IBS e CBS.;)_g
(;14.06;t_t;Instalação E Montagem De Aparelhos, Máquinas E Equipamentos, Inclusive Montagem Industrial, Prestados Ao Usuário Final, Exclusivamente Com Material Por Ele Fornecido.;t_t;1.2003.25.10;t_t;Serviços de instalação de sensores e sistemas de armas;t_t;050101;t_t;local da prestação;t_t;000001;t_t;Situações tributadas integralmente pelo IBS e CBS.;)_g
(;14.06;t_t;Instalação E Montagem De Aparelhos, Máquinas E Equipamentos, Inclusive Montagem Industrial, Prestados Ao Usuário Final, Exclusivamente Com Material Por Ele Fornecido.;t_t;1.2003.25.10;t_t;Serviços de instalação de sensores e sistemas de armas;t_t;050102;t_t;local da prestação;t_t;000001;t_t;Situações tributadas integralmente pelo IBS e CBS.;)_g
(;14.06;t_t;Instalação E Montagem De Aparelhos, Máquinas E Equipamentos, Inclusive Montagem Industrial, Prestados Ao Usuário Final, Exclusivamente Com Material Por Ele Fornecido.;t_t;1.2003.25.10;t_t;Serviços de instalação de sensores e sistemas de armas;t_t;050103;t_t;local da prestação;t_t;000001;t_t;Situações tributadas integralmente pelo IBS e CBS.;)_g
(;14.06;t_t;Instalação E Montagem De Aparelhos, Máquinas E Equipamentos, Inclusive Montagem Industrial, Prestados Ao Usuário Final, Exclusivamente Com Material Por Ele Fornecido.;t_t;1.2003.25.10;t_t;Serviços de instalação de sensores e sistemas de armas;t_t;050104;t_t;local da prestação;t_t;000001;t_t;Situações tributadas integralmente pelo IBS e CBS.;)_g
(;14.06;t_t;Instalação E Montagem De Aparelhos, Máquinas E Equipamentos, Inclusive Montagem Industrial, Prestados Ao Usuário Final, Exclusivamente Com Material Por Ele Fornecido.;t_t;1.2003.25.20;t_t;Serviços de instalação de maquinários, aparelhos e equipamentos de emprego militar;t_t;050101;t_t;local da prestação;t_t;000001;t_t;Situações tributadas integralmente pelo IBS e CBS.;)_g
(;14.06;t_t;Instalação E Montagem De Aparelhos, Máquinas E Equipamentos, Inclusive Montagem Industrial, Prestados Ao Usuário Final, Exclusivamente Com Material Por Ele Fornecido.;t_t;1.2003.25.20;t_t;Serviços de instalação de maquinários, aparelhos e equipamentos de emprego militar;t_t;050102;t_t;local da prestação;t_t;000001;t_t;Situações tributadas integralmente pelo IBS e CBS.;)_g
(;14.06;t_t;Instalação E Montagem De Aparelhos, Máquinas E Equipamentos, Inclusive Montagem Industrial, Prestados Ao Usuário Final, Exclusivamente Com Material Por Ele Fornecido.;t_t;1.2003.25.20;t_t;Serviços de instalação de maquinários, aparelhos e equipamentos de emprego militar;t_t;050103;t_t;local da prestação;t_t;000001;t_t;Situações tributadas integralmente pelo IBS e CBS.;)_g
(;14.06;t_t;Instalação E Montagem De Aparelhos, Máquinas E Equipamentos, Inclusive Montagem Industrial, Prestados Ao Usuário Final, Exclusivamente Com Material Por Ele Fornecido.;t_t;1.2003.25.20;t_t;Serviços de instalação de maquinários, aparelhos e equipamentos de emprego militar;t_t;050104;t_t;local da prestação;t_t;000001;t_t;Situações tributadas integralmente pelo IBS e CBS.;)_g
(;14.06;t_t;Instalação E Montagem De Aparelhos, Máquinas E Equipamentos, Inclusive Montagem Industrial, Prestados Ao Usuário Final, Exclusivamente Com Material Por Ele Fornecido.;t_t;1.2003.26.10;t_t;Serviços de montagem sob encomenda de motores, turborreatores e turbopropulsores aeronáuticos;t_t;050101;t_t;local da prestação;t_t;000001;t_t;Situações tributadas integralmente pelo IBS e CBS.;)_g
(;14.06;t_t;Instalação E Montagem De Aparelhos, Máquinas E Equipamentos, Inclusive Montagem Industrial, Prestados Ao Usuário Final, Exclusivamente Com Material Por Ele Fornecido.;t_t;1.2003.26.10;t_t;Serviços de montagem sob encomenda de motores, turborreatores e turbopropulsores aeronáuticos;t_t;050102;t_t;local da prestação;t_t;000001;t_t;Situações tributadas integralmente pelo IBS e CBS.;)_g
(;14.06;t_t;Instalação E Montagem De Aparelhos, Máquinas E Equipamentos, Inclusive Montagem Industrial, Prestados Ao Usuário Final, Exclusivamente Com Material Por Ele Fornecido.;t_t;1.2003.26.10;t_t;Serviços de montagem sob encomenda de motores, turborreatores e turbopropulsores aeronáuticos;t_t;050103;t_t;local da prestação;t_t;000001;t_t;Situações tributadas integralmente pelo IBS e CBS.;)_g
(;14.06;t_t;Instalação E Montagem De Aparelhos, Máquinas E Equipamentos, Inclusive Montagem Industrial, Prestados Ao Usuário Final, Exclusivamente Com Material Por Ele Fornecido.;t_t;1.2003.26.10;t_t;Serviços de montagem sob encomenda de motores, turborreatores e turbopropulsores aeronáuticos;t_t;050104;t_t;local da prestação;t_t;000001;t_t;Situações tributadas integralmente pelo IBS e CBS.;)_g
(;14.06;t_t;Instalação E Montagem De Aparelhos, Máquinas E Equipamentos, Inclusive Montagem Industrial, Prestados Ao Usuário Final, Exclusivamente Com Material Por Ele Fornecido.;t_t;1.2003.26.90;t_t;Serviços de instalação de maquinários e equipamentos de transporte não classificados em itens anteriores;t_t;050101;t_t;local da prestação;t_t;000001;t_t;Situações tributadas integralmente pelo IBS e CBS.;)_g
(;14.06;t_t;Instalação E Montagem De Aparelhos, Máquinas E Equipamentos, Inclusive Montagem Industrial, Prestados Ao Usuário Final, Exclusivamente Com Material Por Ele Fornecido.;t_t;1.2003.26.90;t_t;Serviços de instalação de maquinários e equipamentos de transporte não classificados em itens anteriores;t_t;050102;t_t;local da prestação;t_t;000001;t_t;Situações tributadas integralmente pelo IBS e CBS.;)_g
(;14.06;t_t;Instalação E Montagem De Aparelhos, Máquinas E Equipamentos, Inclusive Montagem Industrial, Prestados Ao Usuário Final, Exclusivamente Com Material Por Ele Fornecido.;t_t;1.2003.26.90;t_t;Serviços de instalação de maquinários e equipamentos de transporte não classificados em itens anteriores;t_t;050103;t_t;local da prestação;t_t;000001;t_t;Situações tributadas integralmente pelo IBS e CBS.;)_g
(;14.06;t_t;Instalação E Montagem De Aparelhos, Máquinas E Equipamentos, Inclusive Montagem Industrial, Prestados Ao Usuário Final, Exclusivamente Com Material Por Ele Fornecido.;t_t;1.2003.26.90;t_t;Serviços de instalação de maquinários e equipamentos de transporte não classificados em itens anteriores;t_t;050104;t_t;local da prestação;t_t;000001;t_t;Situações tributadas integralmente pelo IBS e CBS.;)_g
(;14.06;t_t;Instalação E Montagem De Aparelhos, Máquinas E Equipamentos, Inclusive Montagem Industrial, Prestados Ao Usuário Final, Exclusivamente Com Material Por Ele Fornecido.;t_t;1.2003.29.00;t_t;Serviços de instalação de maquinários, aparelhos e equipamentos não classificados em subposições anteriores;t_t;050101;t_t;local da prestação;t_t;000001;t_t;Situações tributadas integralmente pelo IBS e CBS.;)_g
(;14.06;t_t;Instalação E Montagem De Aparelhos, Máquinas E Equipamentos, Inclusive Montagem Industrial, Prestados Ao Usuário Final, Exclusivamente Com Material Por Ele Fornecido.;t_t;1.2003.29.00;t_t;Serviços de instalação de maquinários, aparelhos e equipamentos não classificados em subposições anteriores;t_t;050102;t_t;local da prestação;t_t;000001;t_t;Situações tributadas integralmente pelo IBS e CBS.;)_g
(;14.06;t_t;Instalação E Montagem De Aparelhos, Máquinas E Equipamentos, Inclusive Montagem Industrial, Prestados Ao Usuário Final, Exclusivamente Com Material Por Ele Fornecido.;t_t;1.2003.29.00;t_t;Serviços de instalação de maquinários, aparelhos e equipamentos não classificados em subposições anteriores;t_t;050103;t_t;local da prestação;t_t;000001;t_t;Situações tributadas integralmente pelo IBS e CBS.;)_g
(;14.06;t_t;Instalação E Montagem De Aparelhos, Máquinas E Equipamentos, Inclusive Montagem Industrial, Prestados Ao Usuário Final, Exclusivamente Com Material Por Ele Fornecido.;t_t;1.2003.29.00;t_t;Serviços de instalação de maquinários, aparelhos e equipamentos não classificados em subposições anteriores;t_t;050104;t_t;local da prestação;t_t;000001;t_t;Situações tributadas integralmente pelo IBS e CBS.;)_g
(;14.06;t_t;Instalação E Montagem De Aparelhos, Máquinas E Equipamentos, Inclusive Montagem Industrial, Prestados Ao Usuário Final, Exclusivamente Com Material Por Ele Fornecido.;t_t;1.0106.19.00;t_t;Serviços de instalação elétrica não classificados em subposições anteriores;t_t;050101;t_t;local da prestação;t_t;000001;t_t;Situações tributadas integralmente pelo IBS e CBS.;)_g
(;14.06;t_t;Instalação E Montagem De Aparelhos, Máquinas E Equipamentos, Inclusive Montagem Industrial, Prestados Ao Usuário Final, Exclusivamente Com Material Por Ele Fornecido.;t_t;1.0106.19.00;t_t;Serviços de instalação elétrica não classificados em subposições anteriores;t_t;050102;t_t;local da prestação;t_t;000001;t_t;Situações tributadas integralmente pelo IBS e CBS.;)_g
(;14.06;t_t;Instalação E Montagem De Aparelhos, Máquinas E Equipamentos, Inclusive Montagem Industrial, Prestados Ao Usuário Final, Exclusivamente Com Material Por Ele Fornecido.;t_t;1.0106.19.00;t_t;Serviços de instalação elétrica não classificados em subposições anteriores;t_t;050103;t_t;local da prestação;t_t;000001;t_t;Situações tributadas integralmente pelo IBS e CBS.;)_g
(;14.06;t_t;Instalação E Montagem De Aparelhos, Máquinas E Equipamentos, Inclusive Montagem Industrial, Prestados Ao Usuário Final, Exclusivamente Com Material Por Ele Fornecido.;t_t;1.0106.19.00;t_t;Serviços de instalação elétrica não classificados em subposições anteriores;t_t;050104;t_t;local da prestação;t_t;000001;t_t;Situações tributadas integralmente pelo IBS e CBS.;)_g
(;14.06;t_t;Instalação E Montagem De Aparelhos, Máquinas E Equipamentos, Inclusive Montagem Industrial, Prestados Ao Usuário Final, Exclusivamente Com Material Por Ele Fornecido.;t_t;1.0106.60.00;t_t;Serviços de instalação de elevadores, esteiras e escadas rolantes;t_t;050101;t_t;local da prestação;t_t;000001;t_t;Situações tributadas integralmente pelo IBS e CBS.;)_g
(;14.06;t_t;Instalação E Montagem De Aparelhos, Máquinas E Equipamentos, Inclusive Montagem Industrial, Prestados Ao Usuário Final, Exclusivamente Com Material Por Ele Fornecido.;t_t;1.0106.60.00;t_t;Serviços de instalação de elevadores, esteiras e escadas rolantes;t_t;050102;t_t;local da prestação;t_t;000001;t_t;Situações tributadas integralmente pelo IBS e CBS.;)_g
(;14.06;t_t;Instalação E Montagem De Aparelhos, Máquinas E Equipamentos, Inclusive Montagem Industrial, Prestados Ao Usuário Final, Exclusivamente Com Material Por Ele Fornecido.;t_t;1.0106.60.00;t_t;Serviços de instalação de elevadores, esteiras e escadas rolantes;t_t;050103;t_t;local da prestação;t_t;000001;t_t;Situações tributadas integralmente pelo IBS e CBS.;)_g
(;14.06;t_t;Instalação E Montagem De Aparelhos, Máquinas E Equipamentos, Inclusive Montagem Industrial, Prestados Ao Usuário Final, Exclusivamente Com Material Por Ele Fornecido.;t_t;1.0106.60.00;t_t;Serviços de instalação de elevadores, esteiras e escadas rolantes;t_t;050104;t_t;local da prestação;t_t;000001;t_t;Situações tributadas integralmente pelo IBS e CBS.;)_g
(;14.07;t_t;Colocação de molduras e congêneres.;t_t;1.2606.00.00;t_t;Serviços pessoais não classificados em posições anteriores;t_t;050101;t_t;local da prestação;t_t;000001;t_t;Situações tributadas integralmente pelo IBS e CBS.;)_g
(;14.07;t_t;Colocação de molduras e congêneres.;t_t;1.2606.00.00;t_t;Serviços pessoais não classificados em posições anteriores;t_t;050102;t_t;local da prestação;t_t;000001;t_t;Situações tributadas integralmente pelo IBS e CBS.;)_g
(;14.07;t_t;Colocação de molduras e congêneres.;t_t;1.2606.00.00;t_t;Serviços pessoais não classificados em posições anteriores;t_t;050103;t_t;local da prestação;t_t;000001;t_t;Situações tributadas integralmente pelo IBS e CBS.;)_g
(;14.07;t_t;Colocação de molduras e congêneres.;t_t;1.2606.00.00;t_t;Serviços pessoais não classificados em posições anteriores;t_t;050104;t_t;local da prestação;t_t;000001;t_t;Situações tributadas integralmente pelo IBS e CBS.;)_g
(;14.08;t_t;Encadernação, gravação e douração de livros, revistas e congêneres.;t_t;1.2101.22.00;t_t;Serviços relacionados à impressão;t_t;050101;t_t;local da prestação;t_t;000001;t_t;Situações tributadas integralmente pelo IBS e CBS.;)_g
(;14.08;t_t;Encadernação, gravação e douração de livros, revistas e congêneres.;t_t;1.2101.22.00;t_t;Serviços relacionados à impressão;t_t;050102;t_t;local da prestação;t_t;000001;t_t;Situações tributadas integralmente pelo IBS e CBS.;)_g
(;14.08;t_t;Encadernação, gravação e douração de livros, revistas e congêneres.;t_t;1.2101.22.00;t_t;Serviços relacionados à impressão;t_t;050103;t_t;local da prestação;t_t;000001;t_t;Situações tributadas integralmente pelo IBS e CBS.;)_g
(;14.08;t_t;Encadernação, gravação e douração de livros, revistas e congêneres.;t_t;1.2101.22.00;t_t;Serviços relacionados à impressão;t_t;050104;t_t;local da prestação;t_t;000001;t_t;Situações tributadas integralmente pelo IBS e CBS.;)_g
(;14.09;t_t;Alfaiataria e costura, quando o material for fornecido pelo usuário final, exceto aviamento.;t_t;1.2604.00.00;t_t;Serviços de confecção de roupas e outros artigos têxteis;t_t;050101;t_t;local da prestação;t_t;000001;t_t;Situações tributadas integralmente pelo IBS e CBS.;)_g
(;14.09;t_t;Alfaiataria e costura, quando o material for fornecido pelo usuário final, exceto aviamento.;t_t;1.2604.00.00;t_t;Serviços de confecção de roupas e outros artigos têxteis;t_t;050102;t_t;local da prestação;t_t;000001;t_t;Situações tributadas integralmente pelo IBS e CBS.;)_g
(;14.09;t_t;Alfaiataria e costura, quando o material for fornecido pelo usuário final, exceto aviamento.;t_t;1.2604.00.00;t_t;Serviços de confecção de roupas e outros artigos têxteis;t_t;050103;t_t;local da prestação;t_t;000001;t_t;Situações tributadas integralmente pelo IBS e CBS.;)_g
(;14.09;t_t;Alfaiataria e costura, quando o material for fornecido pelo usuário final, exceto aviamento.;t_t;1.2604.00.00;t_t;Serviços de confecção de roupas e outros artigos têxteis;t_t;050104;t_t;local da prestação;t_t;000001;t_t;Situações tributadas integralmente pelo IBS e CBS.;)_g
(;14.09;t_t;Alfaiataria e costura, quando o material for fornecido pelo usuário final, exceto aviamento.;t_t;1.2002.40.00;t_t;Serviços de manutenção de roupas e outros produtos têxteis ;t_t;050101;t_t;local da prestação;t_t;000001;t_t;Situações tributadas integralmente pelo IBS e CBS.;)_g
(;14.09;t_t;Alfaiataria e costura, quando o material for fornecido pelo usuário final, exceto aviamento.;t_t;1.2002.40.00;t_t;Serviços de manutenção de roupas e outros produtos têxteis ;t_t;050102;t_t;local da prestação;t_t;000001;t_t;Situações tributadas integralmente pelo IBS e CBS.;)_g
(;14.09;t_t;Alfaiataria e costura, quando o material for fornecido pelo usuário final, exceto aviamento.;t_t;1.2002.40.00;t_t;Serviços de manutenção de roupas e outros produtos têxteis ;t_t;050103;t_t;local da prestação;t_t;000001;t_t;Situações tributadas integralmente pelo IBS e CBS.;)_g
(;14.09;t_t;Alfaiataria e costura, quando o material for fornecido pelo usuário final, exceto aviamento.;t_t;1.2002.40.00;t_t;Serviços de manutenção de roupas e outros produtos têxteis ;t_t;050104;t_t;local da prestação;t_t;000001;t_t;Situações tributadas integralmente pelo IBS e CBS.;)_g
(;14.10;t_t;Tinturaria e lavanderia.;t_t;1.2601.10.00;t_t;Serviços de limpeza de têxteis, exceto quando realizados a seco;t_t;050101;t_t;local da prestação;t_t;000001;t_t;Situações tributadas integralmente pelo IBS e CBS.;)_g
(;14.10;t_t;Tinturaria e lavanderia.;t_t;1.2601.10.00;t_t;Serviços de limpeza de têxteis, exceto quando realizados a seco;t_t;050102;t_t;local da prestação;t_t;000001;t_t;Situações tributadas integralmente pelo IBS e CBS.;)_g
(;14.10;t_t;Tinturaria e lavanderia.;t_t;1.2601.10.00;t_t;Serviços de limpeza de têxteis, exceto quando realizados a seco;t_t;050103;t_t;local da prestação;t_t;000001;t_t;Situações tributadas integralmente pelo IBS e CBS.;)_g
(;14.10;t_t;Tinturaria e lavanderia.;t_t;1.2601.10.00;t_t;Serviços de limpeza de têxteis, exceto quando realizados a seco;t_t;050104;t_t;local da prestação;t_t;000001;t_t;Situações tributadas integralmente pelo IBS e CBS.;)_g
(;14.10;t_t;Tinturaria e lavanderia.;t_t;1.2601.20.00;t_t;Serviços de limpeza a seco;t_t;050101;t_t;local da prestação;t_t;000001;t_t;Situações tributadas integralmente pelo IBS e CBS.;)_g
(;14.10;t_t;Tinturaria e lavanderia.;t_t;1.2601.20.00;t_t;Serviços de limpeza a seco;t_t;050102;t_t;local da prestação;t_t;000001;t_t;Situações tributadas integralmente pelo IBS e CBS.;)_g
(;14.10;t_t;Tinturaria e lavanderia.;t_t;1.2601.20.00;t_t;Serviços de limpeza a seco;t_t;050103;t_t;local da prestação;t_t;000001;t_t;Situações tributadas integralmente pelo IBS e CBS.;)_g
(;14.10;t_t;Tinturaria e lavanderia.;t_t;1.2601.20.00;t_t;Serviços de limpeza a seco;t_t;050104;t_t;local da prestação;t_t;000001;t_t;Situações tributadas integralmente pelo IBS e CBS.;)_g
(;14.10;t_t;Tinturaria e lavanderia.;t_t;1.2601.30.00;t_t;Serviços de tinturaria;t_t;050101;t_t;local da prestação;t_t;000001;t_t;Situações tributadas integralmente pelo IBS e CBS.;)_g
(;14.10;t_t;Tinturaria e lavanderia.;t_t;1.2601.30.00;t_t;Serviços de tinturaria;t_t;050102;t_t;local da prestação;t_t;000001;t_t;Situações tributadas integralmente pelo IBS e CBS.;)_g
(;14.10;t_t;Tinturaria e lavanderia.;t_t;1.2601.30.00;t_t;Serviços de tinturaria;t_t;050103;t_t;local da prestação;t_t;000001;t_t;Situações tributadas integralmente pelo IBS e CBS.;)_g
(;14.10;t_t;Tinturaria e lavanderia.;t_t;1.2601.30.00;t_t;Serviços de tinturaria;t_t;050104;t_t;local da prestação;t_t;000001;t_t;Situações tributadas integralmente pelo IBS e CBS.;)_g
(;14.10;t_t;Tinturaria e lavanderia.;t_t;1.2601.40.00;t_t;Serviços de passadoria de roupas e outros artigos têxteis;t_t;050101;t_t;local da prestação;t_t;000001;t_t;Situações tributadas integralmente pelo IBS e CBS.;)_g
(;14.10;t_t;Tinturaria e lavanderia.;t_t;1.2601.40.00;t_t;Serviços de passadoria de roupas e outros artigos têxteis;t_t;050102;t_t;local da prestação;t_t;000001;t_t;Situações tributadas integralmente pelo IBS e CBS.;)_g
(;14.10;t_t;Tinturaria e lavanderia.;t_t;1.2601.40.00;t_t;Serviços de passadoria de roupas e outros artigos têxteis;t_t;050103;t_t;local da prestação;t_t;000001;t_t;Situações tributadas integralmente pelo IBS e CBS.;)_g
(;14.10;t_t;Tinturaria e lavanderia.;t_t;1.2601.40.00;t_t;Serviços de passadoria de roupas e outros artigos têxteis;t_t;050104;t_t;local da prestação;t_t;000001;t_t;Situações tributadas integralmente pelo IBS e CBS.;)_g
(;14.10;t_t;Tinturaria e lavanderia.;t_t;1.2601.90.00;t_t;Serviços de lavanderia não classificados em subposições anteriores;t_t;050101;t_t;local da prestação;t_t;000001;t_t;Situações tributadas integralmente pelo IBS e CBS.;)_g
(;14.10;t_t;Tinturaria e lavanderia.;t_t;1.2601.90.00;t_t;Serviços de lavanderia não classificados em subposições anteriores;t_t;050102;t_t;local da prestação;t_t;000001;t_t;Situações tributadas integralmente pelo IBS e CBS.;)_g
(;14.10;t_t;Tinturaria e lavanderia.;t_t;1.2601.90.00;t_t;Serviços de lavanderia não classificados em subposições anteriores;t_t;050103;t_t;local da prestação;t_t;000001;t_t;Situações tributadas integralmente pelo IBS e CBS.;)_g
(;14.10;t_t;Tinturaria e lavanderia.;t_t;1.2601.90.00;t_t;Serviços de lavanderia não classificados em subposições anteriores;t_t;050104;t_t;local da prestação;t_t;000001;t_t;Situações tributadas integralmente pelo IBS e CBS.;)_g
(;14.11;t_t;Tapeçaria e reforma de estofamentos em geral.;t_t;1.2002.40.00;t_t;Serviços de manutenção de roupas e outros produtos têxteis ;t_t;050101;t_t;local da prestação;t_t;000001;t_t;Situações tributadas integralmente pelo IBS e CBS.;)_g
(;14.11;t_t;Tapeçaria e reforma de estofamentos em geral.;t_t;1.2002.40.00;t_t;Serviços de manutenção de roupas e outros produtos têxteis ;t_t;050102;t_t;local da prestação;t_t;000001;t_t;Situações tributadas integralmente pelo IBS e CBS.;)_g
(;14.11;t_t;Tapeçaria e reforma de estofamentos em geral.;t_t;1.2002.40.00;t_t;Serviços de manutenção de roupas e outros produtos têxteis ;t_t;050103;t_t;local da prestação;t_t;000001;t_t;Situações tributadas integralmente pelo IBS e CBS.;)_g
(;14.11;t_t;Tapeçaria e reforma de estofamentos em geral.;t_t;1.2002.40.00;t_t;Serviços de manutenção de roupas e outros produtos têxteis ;t_t;050104;t_t;local da prestação;t_t;000001;t_t;Situações tributadas integralmente pelo IBS e CBS.;)_g
(;14.12;t_t;Funilaria e lanternagem.;t_t;1.2001.31.10;t_t;Serviços de manutenção e reparação de veículos rodoviários motorizados;t_t;050101;t_t;local da prestação;t_t;000001;t_t;Situações tributadas integralmente pelo IBS e CBS.;)_g
(;14.12;t_t;Funilaria e lanternagem.;t_t;1.2001.31.10;t_t;Serviços de manutenção e reparação de veículos rodoviários motorizados;t_t;050102;t_t;local da prestação;t_t;000001;t_t;Situações tributadas integralmente pelo IBS e CBS.;)_g
(;14.12;t_t;Funilaria e lanternagem.;t_t;1.2001.31.10;t_t;Serviços de manutenção e reparação de veículos rodoviários motorizados;t_t;050103;t_t;local da prestação;t_t;000001;t_t;Situações tributadas integralmente pelo IBS e CBS.;)_g
(;14.12;t_t;Funilaria e lanternagem.;t_t;1.2001.31.10;t_t;Serviços de manutenção e reparação de veículos rodoviários motorizados;t_t;050104;t_t;local da prestação;t_t;000001;t_t;Situações tributadas integralmente pelo IBS e CBS.;)_g
(;14.13;t_t;Carpintaria e serralheria.;t_t;1.0107.50.00;t_t;Serviços de carpintaria e de serralharia;t_t;050101;t_t;local da prestação;t_t;000001;t_t;Situações tributadas integralmente pelo IBS e CBS.;)_g
(;14.13;t_t;Carpintaria e serralheria.;t_t;1.0107.50.00;t_t;Serviços de carpintaria e de serralharia;t_t;050102;t_t;local da prestação;t_t;000001;t_t;Situações tributadas integralmente pelo IBS e CBS.;)_g
(;14.13;t_t;Carpintaria e serralheria.;t_t;1.0107.50.00;t_t;Serviços de carpintaria e de serralharia;t_t;050103;t_t;local da prestação;t_t;000001;t_t;Situações tributadas integralmente pelo IBS e CBS.;)_g
(;14.13;t_t;Carpintaria e serralheria.;t_t;1.0107.50.00;t_t;Serviços de carpintaria e de serralharia;t_t;050104;t_t;local da prestação;t_t;000001;t_t;Situações tributadas integralmente pelo IBS e CBS.;)_g
(;14.14;t_t;Guincho Intramunicipal, Guindaste E Içamento. (Redação Dada Pela Lei Complementar Nº 157, De 2016);t_t;1.0604.40.00;t_t;Serviços de reboque para veículos particulares e comerciais ;t_t;050101;t_t;local da prestação;t_t;000001;t_t;Situações tributadas integralmente pelo IBS e CBS.;)_g
(;14.14;t_t;Guincho Intramunicipal, Guindaste E Içamento. (Redação Dada Pela Lei Complementar Nº 157, De 2016);t_t;1.0604.40.00;t_t;Serviços de reboque para veículos particulares e comerciais ;t_t;050102;t_t;local da prestação;t_t;000001;t_t;Situações tributadas integralmente pelo IBS e CBS.;)_g
(;14.14;t_t;Guincho Intramunicipal, Guindaste E Içamento. (Redação Dada Pela Lei Complementar Nº 157, De 2016);t_t;1.0604.40.00;t_t;Serviços de reboque para veículos particulares e comerciais ;t_t;050103;t_t;local da prestação;t_t;000001;t_t;Situações tributadas integralmente pelo IBS e CBS.;)_g
(;14.14;t_t;Guincho Intramunicipal, Guindaste E Içamento. (Redação Dada Pela Lei Complementar Nº 157, De 2016);t_t;1.0604.40.00;t_t;Serviços de reboque para veículos particulares e comerciais ;t_t;050104;t_t;local da prestação;t_t;000001;t_t;Situações tributadas integralmente pelo IBS e CBS.;)_g
(;14.14;t_t;Guincho Intramunicipal, Guindaste E Içamento. (Redação Dada Pela Lei Complementar Nº 157, De 2016);t_t;1.0601.90.00;t_t;Serviços de manuseio de cargas não classificados em subposições anteriores ;t_t;050101;t_t;local da prestação;t_t;000001;t_t;Situações tributadas integralmente pelo IBS e CBS.;)_g
(;14.14;t_t;Guincho Intramunicipal, Guindaste E Içamento. (Redação Dada Pela Lei Complementar Nº 157, De 2016);t_t;1.0601.90.00;t_t;Serviços de manuseio de cargas não classificados em subposições anteriores ;t_t;050102;t_t;local da prestação;t_t;000001;t_t;Situações tributadas integralmente pelo IBS e CBS.;)_g
(;14.14;t_t;Guincho Intramunicipal, Guindaste E Içamento. (Redação Dada Pela Lei Complementar Nº 157, De 2016);t_t;1.0601.90.00;t_t;Serviços de manuseio de cargas não classificados em subposições anteriores ;t_t;050103;t_t;local da prestação;t_t;000001;t_t;Situações tributadas integralmente pelo IBS e CBS.;)_g
(;14.14;t_t;Guincho Intramunicipal, Guindaste E Içamento. (Redação Dada Pela Lei Complementar Nº 157, De 2016);t_t;1.0601.90.00;t_t;Serviços de manuseio de cargas não classificados em subposições anteriores ;t_t;050104;t_t;local da prestação;t_t;000001;t_t;Situações tributadas integralmente pelo IBS e CBS.;)_g
(;15.01;t_t;Administração De Fundos Quaisquer, De Consórcio, De Cartão De Crédito Ou Débito E Congêneres, De Carteira De Clientes, De Cheques Pré-Datados E Congêneres.;t_t;1.0901.40.00;t_t;Serviços de cartão de crédito ;t_t;100301;t_t;Domicílio principal do adquirente;t_t;010002;t_t;Operações do serviço financeiro;)_g
(;15.01;t_t;Administração De Fundos Quaisquer, De Consórcio, De Cartão De Crédito Ou Débito E Congêneres, De Carteira De Clientes, De Cheques Pré-Datados E Congêneres.;t_t;1.0905.21.00;t_t;Serviços de gestão e administração de carteiras de ativos, exceto fundos de pensão ;t_t;100301;t_t;Domicílio principal do adquirente;t_t;010002;t_t;Operações do serviço financeiro;)_g
(;15.01;t_t;Administração De Fundos Quaisquer, De Consórcio, De Cartão De Crédito Ou Débito E Congêneres, De Carteira De Clientes, De Cheques Pré-Datados E Congêneres.;t_t;1.0905.22.00;t_t;Serviços de administração fundos de investimento e fundos de pensão;t_t;100301;t_t;Domicílio principal do adquirente;t_t;010002;t_t;Operações do serviço financeiro;)_g
(;15.01;t_t;Administração De Fundos Quaisquer, De Consórcio, De Cartão De Crédito Ou Débito E Congêneres, De Carteira De Clientes, De Cheques Pré-Datados E Congêneres.;t_t;1.0905.23.00;t_t;Serviços de gestão e administração de trust;t_t;100301;t_t;Domicílio principal do adquirente;t_t;010002;t_t;Operações do serviço financeiro;)_g
(;15.01;t_t;Administração De Fundos Quaisquer, De Consórcio, De Cartão De Crédito Ou Débito E Congêneres, De Carteira De Clientes, De Cheques Pré-Datados E Congêneres.;t_t;1.0905.40.00;t_t;Serviços relacionados à administração de mercados financeiros ;t_t;100301;t_t;Domicílio principal do adquirente;t_t;010002;t_t;Operações do serviço financeiro;)_g
(;15.01;t_t;Administração De Fundos Quaisquer, De Consórcio, De Cartão De Crédito Ou Débito E Congêneres, De Carteira De Clientes, De Cheques Pré-Datados E Congêneres.;t_t;1.0906.40.00;t_t;Serviços de gestão de fundos de previdência complementar;t_t;100301;t_t;Domicílio principal do adquirente;t_t;010002;t_t;Operações do serviço financeiro;)_g
(;15.02;t_t;Abertura De Contas Em Geral, Inclusive Conta-Corrente, Conta De Investimentos E Aplicação E Caderneta De Poupança, No País E No Exterior, Bem Como A Manutenção Das Referidas Contas Ativas E Inativas.;t_t;1.0901.21.00;t_t;Serviços de depósito para pessoas jurídicas;t_t;100301;t_t;Domicílio principal do adquirente;t_t;000001;t_t;Situações tributadas integralmente pelo IBS e CBS.;)_g
(;15.02;t_t;Abertura De Contas Em Geral, Inclusive Conta-Corrente, Conta De Investimentos E Aplicação E Caderneta De Poupança, No País E No Exterior, Bem Como A Manutenção Das Referidas Contas Ativas E Inativas.;t_t;1.0901.22.00;t_t;Serviços de depósito para pessoas físicas;t_t;100301;t_t;Domicílio principal do adquirente;t_t;000001;t_t;Situações tributadas integralmente pelo IBS e CBS.;)_g
(;15.02;t_t;Abertura De Contas Em Geral, Inclusive Conta-Corrente, Conta De Investimentos E Aplicação E Caderneta De Poupança, No País E No Exterior, Bem Como A Manutenção Das Referidas Contas Ativas E Inativas.;t_t;1.0901.29.00;t_t;Serviços de depósito para outros depositantes;t_t;100301;t_t;Domicílio principal do adquirente;t_t;000001;t_t;Situações tributadas integralmente pelo IBS e CBS.;)_g
(;15.03;t_t;Locação E Manutenção De Cofres Particulares, De Terminais Eletrônicos, De Terminais De Atendimento E De Bens E Equipamentos Em Geral.;t_t;1.1101.90.00;t_t;Arrendamento mercantil operacional ou locação de máquinas e equipamentos, sem operador, não classificado em subposições anteriores;t_t;010100;t_t;local da entrega ou disponibilização;t_t;000001;t_t;Situações tributadas integralmente pelo IBS e CBS.;)_g
(;15.03;t_t;Locação E Manutenção De Cofres Particulares, De Terminais Eletrônicos, De Terminais De Atendimento E De Bens E Equipamentos Em Geral.;t_t;1.2001.89.00;t_t;Serviços de manutenção e reparação de outros maquinários e equipamentos não classificados em subposições anteriores;t_t;050100;t_t;local da prestação;t_t;000001;t_t;Situações tributadas integralmente pelo IBS e CBS.;)_g
(;15.04;t_t;Fornecimento Ou Emissão De Atestados Em Geral, Inclusive Atestado De Idoneidade, Atestado De Capacidade Financeira E Congêneres.;t_t;1.1301.30.00;t_t;Serviços de documentação e certificação, exceto os serviços notariais e de registro;t_t;100301;t_t;Domicílio principal do adquirente;t_t;000001;t_t;Situações tributadas integralmente pelo IBS e CBS.;)_g
(;15.04;t_t;Fornecimento Ou Emissão De Atestados Em Geral, Inclusive Atestado De Idoneidade, Atestado De Capacidade Financeira E Congêneres.;t_t;1.1806.10.00;t_t;Serviços de informação cadastral e análise de crédito;t_t;100301;t_t;Domicílio principal do adquirente;t_t;000001;t_t;Situações tributadas integralmente pelo IBS e CBS.;)_g
(;15.05;t_t;Cadastro, Elaboração De Ficha Cadastral, Renovação Cadastral E Congêneres, Inclusão Ou Exclusão No Cadastro De Emitentes De Cheques Sem Fundos;t_t;1.1806.10.00;t_t;Serviços de informação cadastral e análise de crédito;t_t;100301;t_t;Domicílio principal do adquirente;t_t;000001;t_t;Situações tributadas integralmente pelo IBS e CBS.;)_g
(;15.06;t_t;Emissão, Reemissão E Fornecimento De Avisos, Comprovantes E Documentos Em Geral; Abono De Firmas; Coleta E Entrega De Documentos, Bens E Valores; Comunicação Com Outra Agência Ou Com A Administração Central; Licenciamento Eletrônico De Veículos; Transferência De Veículos; Agenciamento Fiduciário Ou Depositário; Devolução De Bens Em Custódia.;t_t;1.1301.30.00;t_t;Serviços de documentação e certificação, exceto os serviços notariais e de registro;t_t;100301;t_t;Domicílio principal do adquirente;t_t;000001;t_t;Situações tributadas integralmente pelo IBS e CBS.;)_g
(;15.06;t_t;Emissão, Reemissão E Fornecimento De Avisos, Comprovantes E Documentos Em Geral; Abono De Firmas; Coleta E Entrega De Documentos, Bens E Valores; Comunicação Com Outra Agência Ou Com A Administração Central; Licenciamento Eletrônico De Veículos; Transferência De Veículos; Agenciamento Fiduciário Ou Depositário; Devolução De Bens Em Custódia.;t_t;1.0702.00.00;t_t;Serviços de coleta, transporte, remessa ou entrega de documentos ou encomendas, exceto remessas expressas;t_t;100301;t_t;Domicílio principal do adquirente;t_t;000001;t_t;Situações tributadas integralmente pelo IBS e CBS.;)_g
(;15.07;t_t;Acesso, Movimentação, Atendimento E Consulta A Contas Em Geral, Por Qualquer Meio Ou Processo, Inclusive Por Telefone, Fac-Símile, Internet E Telex, Acesso A Terminais De Atendimento, Inclusive Vinte E Quatro Horas; Acesso A Outro Banco E A Rede Compartilhada; Fornecimento De Saldo, Extrato E Demais Informações Relativas A Contas Em Geral, Por Qualquer Meio Ou Processo.;t_t;1.0901.90.00;t_t;Serviços financeiros, exceto bancos de investimento, serviços de seguros e previdência complementar não classificados em subposições anteriores;t_t;100301;t_t;Domicílio principal do adquirente;t_t;000001;t_t;Situações tributadas integralmente pelo IBS e CBS.;)_g
(;15.07;t_t;Acesso, Movimentação, Atendimento E Consulta A Contas Em Geral, Por Qualquer Meio Ou Processo, Inclusive Por Telefone, Fac-Símile, Internet E Telex, Acesso A Terminais De Atendimento, Inclusive Vinte E Quatro Horas; Acesso A Outro Banco E A Rede Compartilhada; Fornecimento De Saldo, Extrato E Demais Informações Relativas A Contas Em Geral, Por Qualquer Meio Ou Processo.;t_t;1.1806.31.00;t_t;Serviços de call center ;t_t;100301;t_t;Domicílio principal do adquirente;t_t;000001;t_t;Situações tributadas integralmente pelo IBS e CBS.;)_g
(;15.08;t_t;Emissão, Reemissão, Alteração, Cessão, Substituição, Cancelamento E Registro De Contrato De Crédito; Estudo, Análise E Avaliação De Operações De Crédito; Emissão, Concessão, Alteração Ou Contratação De Aval, Fiança, Anuência E Congêneres; Serviços Relativos A Abertura De Crédito, Para Quaisquer Fins.;t_t;1.0901.33.00;t_t;Serviços de empréstimos e financiamentos pessoais;t_t;100301;t_t;Domicílio principal do adquirente;t_t;000001;t_t;Situações tributadas integralmente pelo IBS e CBS.;)_g
(;15.08;t_t;Emissão, Reemissão, Alteração, Cessão, Substituição, Cancelamento E Registro De Contrato De Crédito; Estudo, Análise E Avaliação De Operações De Crédito; Emissão, Concessão, Alteração Ou Contratação De Aval, Fiança, Anuência E Congêneres; Serviços Relativos A Abertura De Crédito, Para Quaisquer Fins.;t_t;1.0901.34.00;t_t;Serviços de empréstimos e financiamentos comerciais ;t_t;100301;t_t;Domicílio principal do adquirente;t_t;000001;t_t;Situações tributadas integralmente pelo IBS e CBS.;)_g
(;15.08;t_t;Emissão, Reemissão, Alteração, Cessão, Substituição, Cancelamento E Registro De Contrato De Crédito; Estudo, Análise E Avaliação De Operações De Crédito; Emissão, Concessão, Alteração Ou Contratação De Aval, Fiança, Anuência E Congêneres; Serviços Relativos A Abertura De Crédito, Para Quaisquer Fins.;t_t;1.0901.35.00;t_t;Serviços de empréstimos e financiamentos industriais;t_t;100301;t_t;Domicílio principal do adquirente;t_t;000001;t_t;Situações tributadas integralmente pelo IBS e CBS.;)_g
(;15.08;t_t;Emissão, Reemissão, Alteração, Cessão, Substituição, Cancelamento E Registro De Contrato De Crédito; Estudo, Análise E Avaliação De Operações De Crédito; Emissão, Concessão, Alteração Ou Contratação De Aval, Fiança, Anuência E Congêneres; Serviços Relativos A Abertura De Crédito, Para Quaisquer Fins.;t_t;1.0901.36.00;t_t;Serviços de empréstimos e financiamentos agropecuários;t_t;100301;t_t;Domicílio principal do adquirente;t_t;000001;t_t;Situações tributadas integralmente pelo IBS e CBS.;)_g
(;15.08;t_t;Emissão, Reemissão, Alteração, Cessão, Substituição, Cancelamento E Registro De Contrato De Crédito; Estudo, Análise E Avaliação De Operações De Crédito; Emissão, Concessão, Alteração Ou Contratação De Aval, Fiança, Anuência E Congêneres; Serviços Relativos A Abertura De Crédito, Para Quaisquer Fins.;t_t;1.0901.39.00;t_t;Serviços de concessão de crédito não classificados em subposições anteriores;t_t;100301;t_t;Domicílio principal do adquirente;t_t;000001;t_t;Situações tributadas integralmente pelo IBS e CBS.;)_g
(;15.08;t_t;Emissão, Reemissão, Alteração, Cessão, Substituição, Cancelamento E Registro De Contrato De Crédito; Estudo, Análise E Avaliação De Operações De Crédito; Emissão, Concessão, Alteração Ou Contratação De Aval, Fiança, Anuência E Congêneres; Serviços Relativos A Abertura De Crédito, Para Quaisquer Fins.;t_t;1.0905.50.00;t_t;Serviços de consultoria financeira ;t_t;100301;t_t;Domicílio principal do adquirente;t_t;000001;t_t;Situações tributadas integralmente pelo IBS e CBS.;)_g
(;15.09;t_t;Arrendamento Mercantil (Leasing) De Quaisquer Bens, Inclusive Cessão De Direitos E Obrigações, Substituição De Garantia, Alteração, Cancelamento E Registro De Contrato, E Demais Serviços Relacionados Ao Arrendamento Mercantil (Leasing).;t_t;1.0901.51.11;t_t;Arrendamento mercantil financeiro de veículos rodoviários automotores para o transporte de passageiros ;t_t;100301;t_t;Domicílio principal do adquirente;t_t;010002;t_t;Operações do serviço financeiro;)_g
(;15.09;t_t;Arrendamento Mercantil (Leasing) De Quaisquer Bens, Inclusive Cessão De Direitos E Obrigações, Substituição De Garantia, Alteração, Cancelamento E Registro De Contrato, E Demais Serviços Relacionados Ao Arrendamento Mercantil (Leasing).;t_t;1.0901.51.12;t_t;Arrendamento mercantil financeiro de veículos rodoviários automotores para o transporte de mercadorias ;t_t;100301;t_t;Domicílio principal do adquirente;t_t;010002;t_t;Operações do serviço financeiro;)_g
(;15.09;t_t;Arrendamento Mercantil (Leasing) De Quaisquer Bens, Inclusive Cessão De Direitos E Obrigações, Substituição De Garantia, Alteração, Cancelamento E Registro De Contrato, E Demais Serviços Relacionados Ao Arrendamento Mercantil (Leasing).;t_t;1.0901.51.13;t_t;Arrendamento mercantil financeiro de veículos e equipamentos ferroviários ;t_t;100301;t_t;Domicílio principal do adquirente;t_t;010002;t_t;Operações do serviço financeiro;)_g
(;15.09;t_t;Arrendamento Mercantil (Leasing) De Quaisquer Bens, Inclusive Cessão De Direitos E Obrigações, Substituição De Garantia, Alteração, Cancelamento E Registro De Contrato, E Demais Serviços Relacionados Ao Arrendamento Mercantil (Leasing).;t_t;1.0901.51.14;t_t;Arrendamento mercantil financeiro de outros equipamentos de transporte terrestre, inclusive de veículos de uso misto ;t_t;100301;t_t;Domicílio principal do adquirente;t_t;010002;t_t;Operações do serviço financeiro;)_g
(;15.09;t_t;Arrendamento Mercantil (Leasing) De Quaisquer Bens, Inclusive Cessão De Direitos E Obrigações, Substituição De Garantia, Alteração, Cancelamento E Registro De Contrato, E Demais Serviços Relacionados Ao Arrendamento Mercantil (Leasing).;t_t;1.0901.51.15;t_t;Arrendamento mercantil financeiro de navios e outras embarcações;t_t;100301;t_t;Domicílio principal do adquirente;t_t;010002;t_t;Operações do serviço financeiro;)_g
(;15.09;t_t;Arrendamento Mercantil (Leasing) De Quaisquer Bens, Inclusive Cessão De Direitos E Obrigações, Substituição De Garantia, Alteração, Cancelamento E Registro De Contrato, E Demais Serviços Relacionados Ao Arrendamento Mercantil (Leasing).;t_t;1.0901.51.16;t_t;Arrendamento mercantil financeiro de aeronaves;t_t;100301;t_t;Domicílio principal do adquirente;t_t;010002;t_t;Operações do serviço financeiro;)_g
(;15.09;t_t;Arrendamento Mercantil (Leasing) De Quaisquer Bens, Inclusive Cessão De Direitos E Obrigações, Substituição De Garantia, Alteração, Cancelamento E Registro De Contrato, E Demais Serviços Relacionados Ao Arrendamento Mercantil (Leasing).;t_t;1.0901.51.17;t_t;Arrendamento mercantil financeiro de contêineres ;t_t;100301;t_t;Domicílio principal do adquirente;t_t;010002;t_t;Operações do serviço financeiro;)_g
(;15.09;t_t;Arrendamento Mercantil (Leasing) De Quaisquer Bens, Inclusive Cessão De Direitos E Obrigações, Substituição De Garantia, Alteração, Cancelamento E Registro De Contrato, E Demais Serviços Relacionados Ao Arrendamento Mercantil (Leasing).;t_t;1.0901.51.21;t_t;Arrendamento mercantil financeiro de máquinas e equipamentos agrícolas ;t_t;100301;t_t;Domicílio principal do adquirente;t_t;010002;t_t;Operações do serviço financeiro;)_g
(;15.09;t_t;Arrendamento Mercantil (Leasing) De Quaisquer Bens, Inclusive Cessão De Direitos E Obrigações, Substituição De Garantia, Alteração, Cancelamento E Registro De Contrato, E Demais Serviços Relacionados Ao Arrendamento Mercantil (Leasing).;t_t;1.0901.51.22;t_t;Arrendamento mercantil financeiro de máquinas e equipamentos de construção ;t_t;100301;t_t;Domicílio principal do adquirente;t_t;010002;t_t;Operações do serviço financeiro;)_g
(;15.09;t_t;Arrendamento Mercantil (Leasing) De Quaisquer Bens, Inclusive Cessão De Direitos E Obrigações, Substituição De Garantia, Alteração, Cancelamento E Registro De Contrato, E Demais Serviços Relacionados Ao Arrendamento Mercantil (Leasing).;t_t;1.0901.51.23;t_t;Arrendamento mercantil financeiro de máquinas e equipamentos para escritórios, exceto computadores ;t_t;100301;t_t;Domicílio principal do adquirente;t_t;010002;t_t;Operações do serviço financeiro;)_g
(;15.09;t_t;Arrendamento Mercantil (Leasing) De Quaisquer Bens, Inclusive Cessão De Direitos E Obrigações, Substituição De Garantia, Alteração, Cancelamento E Registro De Contrato, E Demais Serviços Relacionados Ao Arrendamento Mercantil (Leasing).;t_t;1.0901.51.24;t_t;Arrendamento mercantil financeiro de computadores;t_t;100301;t_t;Domicílio principal do adquirente;t_t;010002;t_t;Operações do serviço financeiro;)_g
(;15.09;t_t;Arrendamento Mercantil (Leasing) De Quaisquer Bens, Inclusive Cessão De Direitos E Obrigações, Substituição De Garantia, Alteração, Cancelamento E Registro De Contrato, E Demais Serviços Relacionados Ao Arrendamento Mercantil (Leasing).;t_t;1.0901.51.25;t_t;Arrendamento mercantil financeiro de equipamentos de telecomunicação ;t_t;100301;t_t;Domicílio principal do adquirente;t_t;010002;t_t;Operações do serviço financeiro;)_g
(;15.09;t_t;Arrendamento Mercantil (Leasing) De Quaisquer Bens, Inclusive Cessão De Direitos E Obrigações, Substituição De Garantia, Alteração, Cancelamento E Registro De Contrato, E Demais Serviços Relacionados Ao Arrendamento Mercantil (Leasing).;t_t;1.0901.51.29;t_t;Arrendamento mercantil financeiro de outras máquinas e equipamentos não classificado em subposições anteriores ;t_t;100301;t_t;Domicílio principal do adquirente;t_t;010002;t_t;Operações do serviço financeiro;)_g
(;15.09;t_t;Arrendamento Mercantil (Leasing) De Quaisquer Bens, Inclusive Cessão De Direitos E Obrigações, Substituição De Garantia, Alteração, Cancelamento E Registro De Contrato, E Demais Serviços Relacionados Ao Arrendamento Mercantil (Leasing).;t_t;1.0901.52.10;t_t;Arrendamento mercantil financeiro de televisões e outros eletroeletrônicos domésticos, bem como seus acessórios ;t_t;100301;t_t;Domicílio principal do adquirente;t_t;010002;t_t;Operações do serviço financeiro;)_g
(;15.09;t_t;Arrendamento Mercantil (Leasing) De Quaisquer Bens, Inclusive Cessão De Direitos E Obrigações, Substituição De Garantia, Alteração, Cancelamento E Registro De Contrato, E Demais Serviços Relacionados Ao Arrendamento Mercantil (Leasing).;t_t;1.0901.52.20;t_t;Arrendamento mercantil financeiro de mídias gravadas ;t_t;100301;t_t;Domicílio principal do adquirente;t_t;010002;t_t;Operações do serviço financeiro;)_g
(;15.09;t_t;Arrendamento Mercantil (Leasing) De Quaisquer Bens, Inclusive Cessão De Direitos E Obrigações, Substituição De Garantia, Alteração, Cancelamento E Registro De Contrato, E Demais Serviços Relacionados Ao Arrendamento Mercantil (Leasing).;t_t;1.0901.52.30;t_t;Arrendamento mercantil financeiro de móveis e eletrodomésticos;t_t;100301;t_t;Domicílio principal do adquirente;t_t;010002;t_t;Operações do serviço financeiro;)_g
(;15.09;t_t;Arrendamento Mercantil (Leasing) De Quaisquer Bens, Inclusive Cessão De Direitos E Obrigações, Substituição De Garantia, Alteração, Cancelamento E Registro De Contrato, E Demais Serviços Relacionados Ao Arrendamento Mercantil (Leasing).;t_t;1.0901.52.40;t_t;Arrendamento mercantil financeiro de equipamentos para diversão e lazer ;t_t;100301;t_t;Domicílio principal do adquirente;t_t;010002;t_t;Operações do serviço financeiro;)_g
(;15.09;t_t;Arrendamento Mercantil (Leasing) De Quaisquer Bens, Inclusive Cessão De Direitos E Obrigações, Substituição De Garantia, Alteração, Cancelamento E Registro De Contrato, E Demais Serviços Relacionados Ao Arrendamento Mercantil (Leasing).;t_t;1.0901.52.50;t_t;Arrendamento mercantil financeiro de artigos de cama, mesa e banho;t_t;100301;t_t;Domicílio principal do adquirente;t_t;010002;t_t;Operações do serviço financeiro;)_g
(;15.09;t_t;Arrendamento Mercantil (Leasing) De Quaisquer Bens, Inclusive Cessão De Direitos E Obrigações, Substituição De Garantia, Alteração, Cancelamento E Registro De Contrato, E Demais Serviços Relacionados Ao Arrendamento Mercantil (Leasing).;t_t;1.0901.52.90;t_t;Arrendamento mercantil financeiro de outras mercadorias não classificado em subposições anteriores;t_t;100301;t_t;Domicílio principal do adquirente;t_t;010002;t_t;Operações do serviço financeiro;)_g
(;15.09;t_t;Arrendamento Mercantil (Leasing) De Quaisquer Bens, Inclusive Cessão De Direitos E Obrigações, Substituição De Garantia, Alteração, Cancelamento E Registro De Contrato, E Demais Serviços Relacionados Ao Arrendamento Mercantil (Leasing).;t_t;1.1101.11.00;t_t;Arrendamento mercantil operacional ou locação de veículos rodoviários automotores para o transporte de até oito passageiros, sem operador ;t_t;100301;t_t;Domicílio principal do adquirente;t_t;010002;t_t;Operações do serviço financeiro;)_g
(;15.09;t_t;Arrendamento Mercantil (Leasing) De Quaisquer Bens, Inclusive Cessão De Direitos E Obrigações, Substituição De Garantia, Alteração, Cancelamento E Registro De Contrato, E Demais Serviços Relacionados Ao Arrendamento Mercantil (Leasing).;t_t;1.1101.12.00;t_t;Arrendamento mercantil operacional ou locação de veículos rodoviários automotores para o transporte de cargas, sem operador ;t_t;100301;t_t;Domicílio principal do adquirente;t_t;010002;t_t;Operações do serviço financeiro;)_g
(;15.09;t_t;Arrendamento Mercantil (Leasing) De Quaisquer Bens, Inclusive Cessão De Direitos E Obrigações, Substituição De Garantia, Alteração, Cancelamento E Registro De Contrato, E Demais Serviços Relacionados Ao Arrendamento Mercantil (Leasing).;t_t;1.1101.13.00;t_t;Arrendamento mercantil operacional ou locação de veículos e equipamentos de transporte ferroviário, sem operador ;t_t;100301;t_t;Domicílio principal do adquirente;t_t;010002;t_t;Operações do serviço financeiro;)_g
(;15.09;t_t;Arrendamento Mercantil (Leasing) De Quaisquer Bens, Inclusive Cessão De Direitos E Obrigações, Substituição De Garantia, Alteração, Cancelamento E Registro De Contrato, E Demais Serviços Relacionados Ao Arrendamento Mercantil (Leasing).;t_t;1.1101.14.00;t_t;Arrendamento mercantil operacional ou locação de outros equipamentos de transporte terrestre, inclusive de veículos de uso misto, sem operador ;t_t;100301;t_t;Domicílio principal do adquirente;t_t;010002;t_t;Operações do serviço financeiro;)_g
(;15.09;t_t;Arrendamento Mercantil (Leasing) De Quaisquer Bens, Inclusive Cessão De Direitos E Obrigações, Substituição De Garantia, Alteração, Cancelamento E Registro De Contrato, E Demais Serviços Relacionados Ao Arrendamento Mercantil (Leasing).;t_t;1.1101.15.00;t_t;Arrendamento mercantil operacional ou locação de navios e outras embarcações, sem tripulação ;t_t;100301;t_t;Domicílio principal do adquirente;t_t;010002;t_t;Operações do serviço financeiro;)_g
(;15.09;t_t;Arrendamento Mercantil (Leasing) De Quaisquer Bens, Inclusive Cessão De Direitos E Obrigações, Substituição De Garantia, Alteração, Cancelamento E Registro De Contrato, E Demais Serviços Relacionados Ao Arrendamento Mercantil (Leasing).;t_t;1.1101.16.00;t_t;Arrendamento mercantil operacional ou locação de aeronaves, sem tripulação ;t_t;100301;t_t;Domicílio principal do adquirente;t_t;010002;t_t;Operações do serviço financeiro;)_g
(;15.09;t_t;Arrendamento Mercantil (Leasing) De Quaisquer Bens, Inclusive Cessão De Direitos E Obrigações, Substituição De Garantia, Alteração, Cancelamento E Registro De Contrato, E Demais Serviços Relacionados Ao Arrendamento Mercantil (Leasing).;t_t;1.1101.17.00;t_t;Arrendamento mercantil operacional ou locação de contêineres ;t_t;100301;t_t;Domicílio principal do adquirente;t_t;010002;t_t;Operações do serviço financeiro;)_g
(;15.09;t_t;Arrendamento Mercantil (Leasing) De Quaisquer Bens, Inclusive Cessão De Direitos E Obrigações, Substituição De Garantia, Alteração, Cancelamento E Registro De Contrato, E Demais Serviços Relacionados Ao Arrendamento Mercantil (Leasing).;t_t;1.1101.20.00;t_t;Arrendamento mercantil operacional ou locação de máquinas e equipamentos agrícolas, sem operador ;t_t;100301;t_t;Domicílio principal do adquirente;t_t;010002;t_t;Operações do serviço financeiro;)_g
(;15.09;t_t;Arrendamento Mercantil (Leasing) De Quaisquer Bens, Inclusive Cessão De Direitos E Obrigações, Substituição De Garantia, Alteração, Cancelamento E Registro De Contrato, E Demais Serviços Relacionados Ao Arrendamento Mercantil (Leasing).;t_t;1.1101.30.00;t_t;Arrendamento mercantil operacional ou locação de máquinas e equipamentos de construção, sem operador ;t_t;100301;t_t;Domicílio principal do adquirente;t_t;010002;t_t;Operações do serviço financeiro;)_g
(;15.09;t_t;Arrendamento Mercantil (Leasing) De Quaisquer Bens, Inclusive Cessão De Direitos E Obrigações, Substituição De Garantia, Alteração, Cancelamento E Registro De Contrato, E Demais Serviços Relacionados Ao Arrendamento Mercantil (Leasing).;t_t;1.1101.40.00;t_t;Arrendamento mercantil operacional ou locação de máquinas e equipamentos para escritórios, exceto computadores, sem operador ;t_t;100301;t_t;Domicílio principal do adquirente;t_t;010002;t_t;Operações do serviço financeiro;)_g
(;15.09;t_t;Arrendamento Mercantil (Leasing) De Quaisquer Bens, Inclusive Cessão De Direitos E Obrigações, Substituição De Garantia, Alteração, Cancelamento E Registro De Contrato, E Demais Serviços Relacionados Ao Arrendamento Mercantil (Leasing).;t_t;1.1101.50.00;t_t;Arrendamento mercantil operacional ou locação de computadores, sem operador;t_t;100301;t_t;Domicílio principal do adquirente;t_t;010002;t_t;Operações do serviço financeiro;)_g
(;15.09;t_t;Arrendamento Mercantil (Leasing) De Quaisquer Bens, Inclusive Cessão De Direitos E Obrigações, Substituição De Garantia, Alteração, Cancelamento E Registro De Contrato, E Demais Serviços Relacionados Ao Arrendamento Mercantil (Leasing).;t_t;1.1101.60.00;t_t;Arrendamento mercantil operacional ou locação de equipamentos de telecomunicação, sem operador ;t_t;100301;t_t;Domicílio principal do adquirente;t_t;010002;t_t;Operações do serviço financeiro;)_g
(;15.09;t_t;Arrendamento Mercantil (Leasing) De Quaisquer Bens, Inclusive Cessão De Direitos E Obrigações, Substituição De Garantia, Alteração, Cancelamento E Registro De Contrato, E Demais Serviços Relacionados Ao Arrendamento Mercantil (Leasing).;t_t;1.1101.90.00;t_t;Arrendamento mercantil operacional ou locação de máquinas e equipamentos, sem operador, não classificado em subposições anteriores;t_t;100301;t_t;Domicílio principal do adquirente;t_t;010002;t_t;Operações do serviço financeiro;)_g
(;15.09;t_t;Arrendamento Mercantil (Leasing) De Quaisquer Bens, Inclusive Cessão De Direitos E Obrigações, Substituição De Garantia, Alteração, Cancelamento E Registro De Contrato, E Demais Serviços Relacionados Ao Arrendamento Mercantil (Leasing).;t_t;1.1102.10.00;t_t;Arrendamento mercantil operacional ou locação de televisão e outros eletroeletrônicos, bem como seus acessórios ;t_t;100301;t_t;Domicílio principal do adquirente;t_t;010002;t_t;Operações do serviço financeiro;)_g
(;15.09;t_t;Arrendamento Mercantil (Leasing) De Quaisquer Bens, Inclusive Cessão De Direitos E Obrigações, Substituição De Garantia, Alteração, Cancelamento E Registro De Contrato, E Demais Serviços Relacionados Ao Arrendamento Mercantil (Leasing).;t_t;1.1102.20.00;t_t;Arrendamento mercantil operacional ou locação de mídias gravadas ;t_t;100301;t_t;Domicílio principal do adquirente;t_t;010002;t_t;Operações do serviço financeiro;)_g
(;15.09;t_t;Arrendamento Mercantil (Leasing) De Quaisquer Bens, Inclusive Cessão De Direitos E Obrigações, Substituição De Garantia, Alteração, Cancelamento E Registro De Contrato, E Demais Serviços Relacionados Ao Arrendamento Mercantil (Leasing).;t_t;1.1102.30.00;t_t;Arrendamento mercantil operacional ou locação de móveis e eletrodomésticos;t_t;100301;t_t;Domicílio principal do adquirente;t_t;010002;t_t;Operações do serviço financeiro;)_g
(;15.09;t_t;Arrendamento Mercantil (Leasing) De Quaisquer Bens, Inclusive Cessão De Direitos E Obrigações, Substituição De Garantia, Alteração, Cancelamento E Registro De Contrato, E Demais Serviços Relacionados Ao Arrendamento Mercantil (Leasing).;t_t;1.1102.40.00;t_t;Arrendamento mercantil operacional ou locação de equipamentos para diversão e lazer ;t_t;100301;t_t;Domicílio principal do adquirente;t_t;010002;t_t;Operações do serviço financeiro;)_g
(;15.09;t_t;Arrendamento Mercantil (Leasing) De Quaisquer Bens, Inclusive Cessão De Direitos E Obrigações, Substituição De Garantia, Alteração, Cancelamento E Registro De Contrato, E Demais Serviços Relacionados Ao Arrendamento Mercantil (Leasing).;t_t;1.1102.50.00;t_t;Arrendamento mercantil operacional ou locação de artigos de cama, mesa e banho;t_t;100301;t_t;Domicílio principal do adquirente;t_t;010002;t_t;Operações do serviço financeiro;)_g
(;15.09;t_t;Arrendamento Mercantil (Leasing) De Quaisquer Bens, Inclusive Cessão De Direitos E Obrigações, Substituição De Garantia, Alteração, Cancelamento E Registro De Contrato, E Demais Serviços Relacionados Ao Arrendamento Mercantil (Leasing).;t_t;1.1102.60.00;t_t;Arrendamento mercantil operacional ou locação de roupas e calçados ;t_t;100301;t_t;Domicílio principal do adquirente;t_t;010002;t_t;Operações do serviço financeiro;)_g
(;15.09;t_t;Arrendamento Mercantil (Leasing) De Quaisquer Bens, Inclusive Cessão De Direitos E Obrigações, Substituição De Garantia, Alteração, Cancelamento E Registro De Contrato, E Demais Serviços Relacionados Ao Arrendamento Mercantil (Leasing).;t_t;1.1102.90.00;t_t;Arrendamento mercantil operacional ou locação de outras mercadorias não classificado em subposições anteriores;t_t;100301;t_t;Domicílio principal do adquirente;t_t;010002;t_t;Operações do serviço financeiro;)_g
(;15.10;t_t;Serviços Relacionados A Cobranças, Recebimentos Ou Pagamentos Em Geral, De Títulos Quaisquer, De Contas Ou Carnês, De Câmbio, De Tributos E Por Conta De Terceiros, Inclusive Os Efetuados Por Meio Eletrônico, Automático Ou Por Máquinas De Atendimento; Fornecimento De Posição De Cobrança, Recebimento Ou Pagamento; Emissão De Carnês, Fichas De Compensação, Impressos E Documentos Em Geral.;t_t;1.1806.20.00;t_t;Serviços de cobrança ;t_t;100301;t_t;Domicílio principal do adquirente;t_t;000001;t_t;Situações tributadas integralmente pelo IBS e CBS.;)_g
(;15.10;t_t;Serviços Relacionados A Cobranças, Recebimentos Ou Pagamentos Em Geral, De Títulos Quaisquer, De Contas Ou Carnês, De Câmbio, De Tributos E Por Conta De Terceiros, Inclusive Os Efetuados Por Meio Eletrônico, Automático Ou Por Máquinas De Atendimento; Fornecimento De Posição De Cobrança, Recebimento Ou Pagamento; Emissão De Carnês, Fichas De Compensação, Impressos E Documentos Em Geral.;t_t;1.0901.90.00;t_t;Serviços financeiros, exceto bancos de investimento, serviços de seguros e previdência complementar não classificados em subposições anteriores;t_t;100301;t_t;Domicílio principal do adquirente;t_t;000001;t_t;Situações tributadas integralmente pelo IBS e CBS.;)_g
(;15.11;t_t;Devolução De Títulos, Protesto De Títulos, Sustação De Protesto, Manutenção De Títulos, Reapresentação De Títulos, E Demais Serviços A Eles Relacionados.;t_t;1.0901.90.00;t_t;Serviços financeiros, exceto bancos de investimento, serviços de seguros e previdência complementar não classificados em subposições anteriores;t_t;100301;t_t;Domicílio principal do adquirente;t_t;000001;t_t;Situações tributadas integralmente pelo IBS e CBS.;)_g
(;15.12;t_t;Custódia Em Geral, Inclusive De Títulos E Valores Mobiliários.;t_t;1.0905.30.00;t_t;Serviços de guarda e custódia ;t_t;100301;t_t;Domicílio principal do adquirente;t_t;000001;t_t;Situações tributadas integralmente pelo IBS e CBS.;)_g
(;15.13;t_t;Serviços Relacionados A Operações De Câmbio Em Geral, Edição, Alteração, Prorrogação, Cancelamento E Baixa De Contrato De Câmbio; Emissão De Registro De Exportação Ou De Crédito; Cobrança Ou Depósito No Exterior; Emissão, Fornecimento E Cancelamento De Cheques De Viagem; Fornecimento, Transferência, Cancelamento E Demais Serviços Relativos A Carta De Crédito De Importação, Exportação E Garantias Recebidas; Envio E Recebimento De Mensagens Em Geral Relacionadas A Operações De Câmbio.;t_t;1.0905.60.00;t_t;Serviços de câmbio ;t_t;100301;t_t;Domicílio principal do adquirente;t_t;000001;t_t;Situações tributadas integralmente pelo IBS e CBS.;)_g
(;15.14;t_t;Fornecimento, Emissão, Reemissão, Renovação E Manutenção De Cartão Magnético, Cartão De Crédito, Cartão De Débito, Cartão Salário E Congêneres.;t_t;1.0901.40.00;t_t;Serviços de cartão de crédito ;t_t;100301;t_t;Domicílio principal do adquirente;t_t;000001;t_t;Situações tributadas integralmente pelo IBS e CBS.;)_g
(;15.14;t_t;Fornecimento, Emissão, Reemissão, Renovação E Manutenção De Cartão Magnético, Cartão De Crédito, Cartão De Débito, Cartão Salário E Congêneres.;t_t;1.0901.90.00;t_t;Serviços financeiros, exceto bancos de investimento, serviços de seguros e previdência complementar não classificados em subposições anteriores;t_t;100301;t_t;Domicílio principal do adquirente;t_t;000001;t_t;Situações tributadas integralmente pelo IBS e CBS.;)_g
(;15.15;t_t;Compensação De Cheques E Títulos Quaisquer; Serviços Relacionados A Depósito, Inclusive Depósito Identificado, A Saque De Contas Quaisquer, Por Qualquer Meio Ou Processo, Inclusive Em Terminais Eletrônicos E De Atendimento.;t_t;1.0901.21.00;t_t;Serviços de depósito para pessoas jurídicas;t_t;100301;t_t;Domicílio principal do adquirente;t_t;000001;t_t;Situações tributadas integralmente pelo IBS e CBS.;)_g
(;15.15;t_t;Compensação De Cheques E Títulos Quaisquer; Serviços Relacionados A Depósito, Inclusive Depósito Identificado, A Saque De Contas Quaisquer, Por Qualquer Meio Ou Processo, Inclusive Em Terminais Eletrônicos E De Atendimento.;t_t;1.0901.22.00;t_t;Serviços de depósito para pessoas físicas;t_t;100301;t_t;Domicílio principal do adquirente;t_t;000001;t_t;Situações tributadas integralmente pelo IBS e CBS.;)_g
(;15.15;t_t;Compensação De Cheques E Títulos Quaisquer; Serviços Relacionados A Depósito, Inclusive Depósito Identificado, A Saque De Contas Quaisquer, Por Qualquer Meio Ou Processo, Inclusive Em Terminais Eletrônicos E De Atendimento.;t_t;1.0901.29.00;t_t;Serviços de depósito para outros depositantes;t_t;100301;t_t;Domicílio principal do adquirente;t_t;000001;t_t;Situações tributadas integralmente pelo IBS e CBS.;)_g
(;15.15;t_t;Compensação De Cheques E Títulos Quaisquer; Serviços Relacionados A Depósito, Inclusive Depósito Identificado, A Saque De Contas Quaisquer, Por Qualquer Meio Ou Processo, Inclusive Em Terminais Eletrônicos E De Atendimento.;t_t;1.0905.13.00;t_t;Serviços de compensação de transações financeiras, inclusive com ativos financeiros (clearinghouse);t_t;100301;t_t;Domicílio principal do adquirente;t_t;000001;t_t;Situações tributadas integralmente pelo IBS e CBS.;)_g
(;15.16;t_t;Emissão, Reemissão, Liquidação, Alteração, Cancelamento E Baixa De Ordens De Pagamento, Ordens De Crédito E Similares, Por Qualquer Meio Ou Processo; Serviços Relacionados À Transferência De Valores, Dados, Fundos, Pagamentos E Similares, Inclusive Entre Contas Em Geral.;t_t;1.0901.90.00;t_t;Serviços financeiros, exceto bancos de investimento, serviços de seguros e previdência complementar não classificados em subposições anteriores;t_t;100301;t_t;Domicílio principal do adquirente;t_t;000001;t_t;Situações tributadas integralmente pelo IBS e CBS.;)_g
(;15.17;t_t;Emissão, Fornecimento, Devolução, Sustação, Cancelamento E Oposição De Cheques Quaisquer, Avulso Ou Por Talão.;t_t;1.0901.90.00;t_t;Serviços financeiros, exceto bancos de investimento, serviços de seguros e previdência complementar não classificados em subposições anteriores;t_t;100301;t_t;Domicílio principal do adquirente;t_t;000001;t_t;Situações tributadas integralmente pelo IBS e CBS.;)_g
(;15.18;t_t;Serviços Relacionados A Crédito Imobiliário, Avaliação E Vistoria De Imóvel Ou Obra, Análise Técnica E Jurídica, Emissão, Reemissão, Alteração, Transferência E Renegociação De Contrato, Emissão E Reemissão Do Termo De Quitação E Demais Serviços Relacionados A Crédito Imobiliário.;t_t;1.0901.31.00;t_t;Serviços de financiamentos imobiliários residenciais;t_t;100301;t_t;Domicílio principal do adquirente;t_t;000001;t_t;Situações tributadas integralmente pelo IBS e CBS.;)_g
(;15.18;t_t;Serviços Relacionados A Crédito Imobiliário, Avaliação E Vistoria De Imóvel Ou Obra, Análise Técnica E Jurídica, Emissão, Reemissão, Alteração, Transferência E Renegociação De Contrato, Emissão E Reemissão Do Termo De Quitação E Demais Serviços Relacionados A Crédito Imobiliário.;t_t;1.0901.32.00;t_t;Serviços de financiamentos imobiliários não residenciais;t_t;100301;t_t;Domicílio principal do adquirente;t_t;000001;t_t;Situações tributadas integralmente pelo IBS e CBS.;)_g
(;15.18;t_t;Serviços Relacionados A Crédito Imobiliário, Avaliação E Vistoria De Imóvel Ou Obra, Análise Técnica E Jurídica, Emissão, Reemissão, Alteração, Transferência E Renegociação De Contrato, Emissão E Reemissão Do Termo De Quitação E Demais Serviços Relacionados A Crédito Imobiliário.;t_t;1.1001.30.00;t_t;Serviços de avaliação de imóveis;t_t;100301;t_t;Domicílio principal do adquirente;t_t;000001;t_t;Situações tributadas integralmente pelo IBS e CBS.;)_g
(;16.01;t_t;Serviços De Transporte Coletivo Municipal Rodoviário, Metroviário, Ferroviário E Aquaviário De Passageiros. (Redação Dada Pela Lei Complementar Nº 157, De 2016);t_t;1.0401.11.19;t_t;Serviços de transporte rodoviário local regular de passageiros, exceto em áreas metropolitanas não classificados em subitens anteriores;t_t;060101;t_t;local da prestação;t_t;400001;t_t;Fornecimento de serviços de transporte público coletivo de passageiros rodoviário e metroviário;)_g
(;16.01;t_t;Serviços De Transporte Coletivo Municipal Rodoviário, Metroviário, Ferroviário E Aquaviário De Passageiros. (Redação Dada Pela Lei Complementar Nº 157, De 2016);t_t;1.0401.16.10;t_t;Serviços de transporte ferroviário local de passageiros;t_t;060101;t_t;local da prestação;t_t;200021;t_t;Serviços de transporte público coletivo de passageiros ferroviário e hidroviário;)_g
(;16.01;t_t;Serviços De Transporte Coletivo Municipal Rodoviário, Metroviário, Ferroviário E Aquaviário De Passageiros. (Redação Dada Pela Lei Complementar Nº 157, De 2016);t_t;1.0401.16.20;t_t;Serviços de transporte metroviário (metrô) local de passageiros;t_t;060101;t_t;local da prestação;t_t;400001;t_t;Fornecimento de serviços de transporte público coletivo de passageiros rodoviário e metroviário;)_g
(;16.01;t_t;Serviços De Transporte Coletivo Municipal Rodoviário, Metroviário, Ferroviário E Aquaviário De Passageiros. (Redação Dada Pela Lei Complementar Nº 157, De 2016);t_t;1.0401.16.90;t_t;Serviços de transporte local de passageiros por veículos sobre trilhos não classificados em itens anteriores;t_t;060101;t_t;local da prestação;t_t;000001;t_t;Situações tributadas integralmente pelo IBS e CBS.;)_g
(;16.01;t_t;Serviços De Transporte Coletivo Municipal Rodoviário, Metroviário, Ferroviário E Aquaviário De Passageiros. (Redação Dada Pela Lei Complementar Nº 157, De 2016);t_t;1.0401.21.10;t_t;Serviços de transporte aquaviário local de passageiros, por navegação interior, em embarcações para travessia;t_t;060101;t_t;local da prestação;t_t;200021;t_t;Serviços de transporte público coletivo de passageiros ferroviário e hidroviário;)_g
(;16.01;t_t;Serviços De Transporte Coletivo Municipal Rodoviário, Metroviário, Ferroviário E Aquaviário De Passageiros. (Redação Dada Pela Lei Complementar Nº 157, De 2016);t_t;1.0401.21.90;t_t;Serviços de transporte aquaviário local de passageiros, por navegação interior não classificados em itens anteriores;t_t;060101;t_t;local da prestação;t_t;000001;t_t;Situações tributadas integralmente pelo IBS e CBS.;)_g
(;16.01;t_t;Serviços De Transporte Coletivo Municipal Rodoviário, Metroviário, Ferroviário E Aquaviário De Passageiros. (Redação Dada Pela Lei Complementar Nº 157, De 2016);t_t;1.0401.30.00;t_t;Serviços de transporte integrado local de passageiros;t_t;060101;t_t;local da prestação;t_t;400001;t_t;Fornecimento de serviços de transporte público coletivo de passageiros rodoviário e metroviário;)_g
(;16.02;t_t;Outros Serviços De Transporte De Natureza Municipal. (Incluído Pela Lei Complementar Nº 157, De 2016);t_t;1.0401.21.90;t_t;Serviços de transporte aquaviário local de passageiros, por navegação interior não classificados em itens anteriores;t_t;060101;t_t;local da prestação;t_t;000001;t_t;Situações tributadas integralmente pelo IBS e CBS.;)_g
(;16.02;t_t;Outros Serviços De Transporte De Natureza Municipal. (Incluído Pela Lei Complementar Nº 157, De 2016);t_t;1.0401.11.11;t_t;Serviços de transporte rodoviário local prestados exclusivamente por meio de ônibus;t_t;060101;t_t;local da prestação;t_t;000001;t_t;Situações tributadas integralmente pelo IBS e CBS.;)_g
(;16.02;t_t;Outros Serviços De Transporte De Natureza Municipal. (Incluído Pela Lei Complementar Nº 157, De 2016);t_t;1.0401.12.10;t_t;Serviços de transporte escolar;t_t;060101;t_t;local da prestação;t_t;000001;t_t;Situações tributadas integralmente pelo IBS e CBS.;)_g
(;16.02;t_t;Outros Serviços De Transporte De Natureza Municipal. (Incluído Pela Lei Complementar Nº 157, De 2016);t_t;1.0401.12.20;t_t;Serviços de transporte para aeroportos (shuttle);t_t;060101;t_t;local da prestação;t_t;000001;t_t;Situações tributadas integralmente pelo IBS e CBS.;)_g
(;16.02;t_t;Outros Serviços De Transporte De Natureza Municipal. (Incluído Pela Lei Complementar Nº 157, De 2016);t_t;1.0401.12.90;t_t;Serviços especiais de transporte rodoviário local regular de passageiros não classificados em itens anteriores;t_t;060101;t_t;local da prestação;t_t;000001;t_t;Situações tributadas integralmente pelo IBS e CBS.;)_g
(;16.02;t_t;Outros Serviços De Transporte De Natureza Municipal. (Incluído Pela Lei Complementar Nº 157, De 2016);t_t;1.0401.13.00;t_t;Serviços de táxi;t_t;060101;t_t;local da prestação;t_t;000001;t_t;Situações tributadas integralmente pelo IBS e CBS.;)_g
(;16.02;t_t;Outros Serviços De Transporte De Natureza Municipal. (Incluído Pela Lei Complementar Nº 157, De 2016);t_t;1.0401.14.00;t_t;Serviços de carro com motorista, exceto táxi;t_t;060101;t_t;local da prestação;t_t;000001;t_t;Situações tributadas integralmente pelo IBS e CBS.;)_g
(;16.02;t_t;Outros Serviços De Transporte De Natureza Municipal. (Incluído Pela Lei Complementar Nº 157, De 2016);t_t;1.0401.15.10;t_t;Serviços de fretamento contínuo, local;t_t;060101;t_t;local da prestação;t_t;000001;t_t;Situações tributadas integralmente pelo IBS e CBS.;)_g
(;16.02;t_t;Outros Serviços De Transporte De Natureza Municipal. (Incluído Pela Lei Complementar Nº 157, De 2016);t_t;1.0401.15.20;t_t;Serviços de fretamento eventual ou turístico, local;t_t;060101;t_t;local da prestação;t_t;000001;t_t;Situações tributadas integralmente pelo IBS e CBS.;)_g
(;16.02;t_t;Outros Serviços De Transporte De Natureza Municipal. (Incluído Pela Lei Complementar Nº 157, De 2016);t_t;1.0401.19.00;t_t;Serviços de transporte terrestre local de passageiros não classificados em subposições anteriores;t_t;060101;t_t;local da prestação;t_t;000001;t_t;Situações tributadas integralmente pelo IBS e CBS.;)_g
(;16.02;t_t;Outros Serviços De Transporte De Natureza Municipal. (Incluído Pela Lei Complementar Nº 157, De 2016);t_t;1.0401.21.20;t_t;Serviços de transporte aquaviário local de passageiros, por navegação interior, em embarcações para cruzeiros;t_t;060101;t_t;local da prestação;t_t;000001;t_t;Situações tributadas integralmente pelo IBS e CBS.;)_g
(;16.02;t_t;Outros Serviços De Transporte De Natureza Municipal. (Incluído Pela Lei Complementar Nº 157, De 2016);t_t;1.0401.22.00;t_t;Serviços de transporte aquaviário local de passageiros por fretamento ;t_t;060101;t_t;local da prestação;t_t;000001;t_t;Situações tributadas integralmente pelo IBS e CBS.;)_g
(;16.02;t_t;Outros Serviços De Transporte De Natureza Municipal. (Incluído Pela Lei Complementar Nº 157, De 2016);t_t;1.0401.29.00;t_t;Serviços de transporte aquaviário local de passageiros não classificados em subposições anteriores;t_t;060101;t_t;local da prestação;t_t;000001;t_t;Situações tributadas integralmente pelo IBS e CBS.;)_g
(;16.02;t_t;Outros Serviços De Transporte De Natureza Municipal. (Incluído Pela Lei Complementar Nº 157, De 2016);t_t;1.0401.41.00;t_t;Serviços de táxi aéreo local;t_t;060101;t_t;local da prestação;t_t;000001;t_t;Situações tributadas integralmente pelo IBS e CBS.;)_g
(;16.02;t_t;Outros Serviços De Transporte De Natureza Municipal. (Incluído Pela Lei Complementar Nº 157, De 2016);t_t;1.0401.42.00;t_t;Serviços de transporte aéreo local de passageiros por fretamento;t_t;060101;t_t;local da prestação;t_t;000001;t_t;Situações tributadas integralmente pelo IBS e CBS.;)_g
(;16.02;t_t;Outros Serviços De Transporte De Natureza Municipal. (Incluído Pela Lei Complementar Nº 157, De 2016);t_t;1.0401.49.00;t_t;Serviços de transporte aéreo local de passageiros não classificados em subposições anteriores;t_t;060101;t_t;local da prestação;t_t;000001;t_t;Situações tributadas integralmente pelo IBS e CBS.;)_g
(;16.02;t_t;Outros Serviços De Transporte De Natureza Municipal. (Incluído Pela Lei Complementar Nº 157, De 2016);t_t;1.0401.90.00;t_t;Serviços de transporte local de passageiros não classificados não classificados em subposições anteriores;t_t;060101;t_t;local da prestação;t_t;000001;t_t;Situações tributadas integralmente pelo IBS e CBS.;)_g
(;16.02;t_t;Outros Serviços De Transporte De Natureza Municipal. (Incluído Pela Lei Complementar Nº 157, De 2016);t_t;1.0404.10.00;t_t;Locação de veículos rodoviários de passageiros com motorista;t_t;060101;t_t;local da prestação;t_t;000001;t_t;Situações tributadas integralmente pelo IBS e CBS.;)_g
(;16.02;t_t;Outros Serviços De Transporte De Natureza Municipal. (Incluído Pela Lei Complementar Nº 157, De 2016);t_t;1.0404.20.00;t_t;Locação de embarcações de passageiros com tripulação;t_t;060101;t_t;local da prestação;t_t;000001;t_t;Situações tributadas integralmente pelo IBS e CBS.;)_g
(;16.02;t_t;Outros Serviços De Transporte De Natureza Municipal. (Incluído Pela Lei Complementar Nº 157, De 2016);t_t;1.0404.30.00;t_t;Locação de aeronaves de passageiros com tripulação;t_t;060101;t_t;local da prestação;t_t;000001;t_t;Situações tributadas integralmente pelo IBS e CBS.;)_g
(;16.02;t_t;Outros Serviços De Transporte De Natureza Municipal. (Incluído Pela Lei Complementar Nº 157, De 2016);t_t;1.0405.00.00;t_t;Afretamento de embarcações de passageiros por tempo;t_t;060101;t_t;local da prestação;t_t;000001;t_t;Situações tributadas integralmente pelo IBS e CBS.;)_g
(;16.02;t_t;Outros Serviços De Transporte De Natureza Municipal. (Incluído Pela Lei Complementar Nº 157, De 2016);t_t;1.0501.11.10;t_t;Serviços de transporte rodoviário de cargas sólidas a granel;t_t;070100;t_t;local da prestação;t_t;000001;t_t;Situações tributadas integralmente pelo IBS e CBS.;)_g
(;16.02;t_t;Outros Serviços De Transporte De Natureza Municipal. (Incluído Pela Lei Complementar Nº 157, De 2016);t_t;1.0501.11.20;t_t;Serviços de transporte rodoviário de cargas líquidas, ou liquefeitas, a granel;t_t;070100;t_t;local da prestação;t_t;000001;t_t;Situações tributadas integralmente pelo IBS e CBS.;)_g
(;16.02;t_t;Outros Serviços De Transporte De Natureza Municipal. (Incluído Pela Lei Complementar Nº 157, De 2016);t_t;1.0501.11.30;t_t;Serviços de transporte rodoviário de cargas gasosas a granel;t_t;070100;t_t;local da prestação;t_t;000001;t_t;Situações tributadas integralmente pelo IBS e CBS.;)_g
(;16.02;t_t;Outros Serviços De Transporte De Natureza Municipal. (Incluído Pela Lei Complementar Nº 157, De 2016);t_t;1.0501.12.10;t_t;Serviços de transporte rodoviário de carga solta, não unitizada;t_t;070100;t_t;local da prestação;t_t;000001;t_t;Situações tributadas integralmente pelo IBS e CBS.;)_g
(;16.02;t_t;Outros Serviços De Transporte De Natureza Municipal. (Incluído Pela Lei Complementar Nº 157, De 2016);t_t;1.0501.12.20;t_t;Serviços de transporte rodoviário de carga unitizada;t_t;070100;t_t;local da prestação;t_t;000001;t_t;Situações tributadas integralmente pelo IBS e CBS.;)_g
(;16.02;t_t;Outros Serviços De Transporte De Natureza Municipal. (Incluído Pela Lei Complementar Nº 157, De 2016);t_t;1.0501.12.30;t_t;Serviços de transporte rodoviário de carga frigorificada ou climatizada;t_t;070100;t_t;local da prestação;t_t;000001;t_t;Situações tributadas integralmente pelo IBS e CBS.;)_g
(;16.02;t_t;Outros Serviços De Transporte De Natureza Municipal. (Incluído Pela Lei Complementar Nº 157, De 2016);t_t;1.0501.13.10;t_t;Serviços de transporte rodoviário de cargas em contêineres frigorificados ou climatizados;t_t;070100;t_t;local da prestação;t_t;000001;t_t;Situações tributadas integralmente pelo IBS e CBS.;)_g
(;16.02;t_t;Outros Serviços De Transporte De Natureza Municipal. (Incluído Pela Lei Complementar Nº 157, De 2016);t_t;1.0501.13.20;t_t;Serviços de transporte rodoviário de cargas em contêineres não frigorificados ou climatizados;t_t;070100;t_t;local da prestação;t_t;000001;t_t;Situações tributadas integralmente pelo IBS e CBS.;)_g
(;16.02;t_t;Outros Serviços De Transporte De Natureza Municipal. (Incluído Pela Lei Complementar Nº 157, De 2016);t_t;1.0501.14.10;t_t;Serviços de transporte rodoviário de cargas vivas;t_t;070100;t_t;local da prestação;t_t;000001;t_t;Situações tributadas integralmente pelo IBS e CBS.;)_g
(;16.02;t_t;Outros Serviços De Transporte De Natureza Municipal. (Incluído Pela Lei Complementar Nº 157, De 2016);t_t;1.0501.14.20;t_t;Serviços de transporte rodoviário de mudanças domésticas e de mobília e outros objetos de escritório;t_t;070100;t_t;local da prestação;t_t;000001;t_t;Situações tributadas integralmente pelo IBS e CBS.;)_g
(;16.02;t_t;Outros Serviços De Transporte De Natureza Municipal. (Incluído Pela Lei Complementar Nº 157, De 2016);t_t;1.0501.14.30;t_t;Serviços de transporte rodoviário de cargas de grande porte;t_t;070100;t_t;local da prestação;t_t;000001;t_t;Situações tributadas integralmente pelo IBS e CBS.;)_g
(;16.02;t_t;Outros Serviços De Transporte De Natureza Municipal. (Incluído Pela Lei Complementar Nº 157, De 2016);t_t;1.0501.14.40;t_t;Serviços de transporte rodoviário de veículos;t_t;070100;t_t;local da prestação;t_t;000001;t_t;Situações tributadas integralmente pelo IBS e CBS.;)_g
(;16.02;t_t;Outros Serviços De Transporte De Natureza Municipal. (Incluído Pela Lei Complementar Nº 157, De 2016);t_t;1.0501.14.51;t_t;Serviços de transporte rodoviário de combustíveis, lubrificantes e GLP, inclusive apresentados em botijões metálicos;t_t;070100;t_t;local da prestação;t_t;000001;t_t;Situações tributadas integralmente pelo IBS e CBS.;)_g
(;16.02;t_t;Outros Serviços De Transporte De Natureza Municipal. (Incluído Pela Lei Complementar Nº 157, De 2016);t_t;1.0501.14.52;t_t;Serviços de transporte rodoviário de produtos químicos perigosos, exceto lubrificantes e GLP;t_t;070100;t_t;local da prestação;t_t;000001;t_t;Situações tributadas integralmente pelo IBS e CBS.;)_g
(;16.02;t_t;Outros Serviços De Transporte De Natureza Municipal. (Incluído Pela Lei Complementar Nº 157, De 2016);t_t;1.0501.14.59;t_t;Serviços de transporte rodoviário de produtos perigosos não classificados em subitens anteriores;t_t;070100;t_t;local da prestação;t_t;000001;t_t;Situações tributadas integralmente pelo IBS e CBS.;)_g
(;16.02;t_t;Outros Serviços De Transporte De Natureza Municipal. (Incluído Pela Lei Complementar Nº 157, De 2016);t_t;1.0501.15.00;t_t;Serviços de transporte rodoviário de cargas postais e malotes;t_t;070100;t_t;local da prestação;t_t;000001;t_t;Situações tributadas integralmente pelo IBS e CBS.;)_g
(;16.02;t_t;Outros Serviços De Transporte De Natureza Municipal. (Incluído Pela Lei Complementar Nº 157, De 2016);t_t;1.0501.19.00;t_t;Serviços de transporte rodoviário de cargas não classificados em subposições anteriores;t_t;070100;t_t;local da prestação;t_t;000001;t_t;Situações tributadas integralmente pelo IBS e CBS.;)_g
(;16.02;t_t;Outros Serviços De Transporte De Natureza Municipal. (Incluído Pela Lei Complementar Nº 157, De 2016);t_t;1.0502.11.10;t_t;Serviços de transporte aquaviário por navegação interior de cargas sólidas, a granel;t_t;070100;t_t;local da prestação;t_t;000001;t_t;Situações tributadas integralmente pelo IBS e CBS.;)_g
(;16.02;t_t;Outros Serviços De Transporte De Natureza Municipal. (Incluído Pela Lei Complementar Nº 157, De 2016);t_t;1.0502.11.20;t_t;Serviços de transporte aquaviário por navegação interior de cargas líquidas, ou liquefeitas, a granel;t_t;070100;t_t;local da prestação;t_t;000001;t_t;Situações tributadas integralmente pelo IBS e CBS.;)_g
(;16.02;t_t;Outros Serviços De Transporte De Natureza Municipal. (Incluído Pela Lei Complementar Nº 157, De 2016);t_t;1.0502.11.30;t_t;Serviços de transporte aquaviário por navegação interior de cargas gasosas a granel;t_t;070100;t_t;local da prestação;t_t;000001;t_t;Situações tributadas integralmente pelo IBS e CBS.;)_g
(;16.02;t_t;Outros Serviços De Transporte De Natureza Municipal. (Incluído Pela Lei Complementar Nº 157, De 2016);t_t;1.0502.12.10;t_t;Serviços de transporte aquaviário por navegação interior de carga solta, não unitizada;t_t;070100;t_t;local da prestação;t_t;000001;t_t;Situações tributadas integralmente pelo IBS e CBS.;)_g
(;16.02;t_t;Outros Serviços De Transporte De Natureza Municipal. (Incluído Pela Lei Complementar Nº 157, De 2016);t_t;1.0502.12.20;t_t;Serviços de transporte aquaviário por navegação interior de carga unitizada;t_t;070100;t_t;local da prestação;t_t;000001;t_t;Situações tributadas integralmente pelo IBS e CBS.;)_g
(;16.02;t_t;Outros Serviços De Transporte De Natureza Municipal. (Incluído Pela Lei Complementar Nº 157, De 2016);t_t;1.0502.12.30;t_t;Serviços de transporte aquaviário por navegação interior de carga frigorificada ou climatizada;t_t;070100;t_t;local da prestação;t_t;000001;t_t;Situações tributadas integralmente pelo IBS e CBS.;)_g
(;16.02;t_t;Outros Serviços De Transporte De Natureza Municipal. (Incluído Pela Lei Complementar Nº 157, De 2016);t_t;1.0502.13.10;t_t;Serviços de transporte aquaviário por navegação interior de cargas em contêineres frigorificados ou climatizados;t_t;070100;t_t;local da prestação;t_t;000001;t_t;Situações tributadas integralmente pelo IBS e CBS.;)_g
(;16.02;t_t;Outros Serviços De Transporte De Natureza Municipal. (Incluído Pela Lei Complementar Nº 157, De 2016);t_t;1.0502.13.20;t_t;Serviços de transporte aquaviário por navegação interior de cargas em contêineres não frigorificados ou climatizados;t_t;070100;t_t;local da prestação;t_t;000001;t_t;Situações tributadas integralmente pelo IBS e CBS.;)_g
(;16.02;t_t;Outros Serviços De Transporte De Natureza Municipal. (Incluído Pela Lei Complementar Nº 157, De 2016);t_t;1.0502.14.10;t_t;Serviços de transporte aquaviário por navegação interior de cargas vivas;t_t;070100;t_t;local da prestação;t_t;000001;t_t;Situações tributadas integralmente pelo IBS e CBS.;)_g
(;16.02;t_t;Outros Serviços De Transporte De Natureza Municipal. (Incluído Pela Lei Complementar Nº 157, De 2016);t_t;1.0502.14.20;t_t;Serviços de transporte aquaviário por navegação interior de mudanças domésticas e de mobília e outros objetos de escritório;t_t;070100;t_t;local da prestação;t_t;000001;t_t;Situações tributadas integralmente pelo IBS e CBS.;)_g
(;16.02;t_t;Outros Serviços De Transporte De Natureza Municipal. (Incluído Pela Lei Complementar Nº 157, De 2016);t_t;1.0502.14.30;t_t;Serviços de transporte aquaviário por navegação interior de cargas de grande porte;t_t;070100;t_t;local da prestação;t_t;000001;t_t;Situações tributadas integralmente pelo IBS e CBS.;)_g
(;16.02;t_t;Outros Serviços De Transporte De Natureza Municipal. (Incluído Pela Lei Complementar Nº 157, De 2016);t_t;1.0502.14.40;t_t;Serviços de transporte aquaviário por navegação interior de veículos;t_t;070100;t_t;local da prestação;t_t;000001;t_t;Situações tributadas integralmente pelo IBS e CBS.;)_g
(;16.02;t_t;Outros Serviços De Transporte De Natureza Municipal. (Incluído Pela Lei Complementar Nº 157, De 2016);t_t;1.0502.14.51;t_t;Serviços de transporte aquaviário por navegação interior de combustíveis, lubrificantes e GLP, inclusive apresentado em botijões metálicos;t_t;070100;t_t;local da prestação;t_t;000001;t_t;Situações tributadas integralmente pelo IBS e CBS.;)_g
(;16.02;t_t;Outros Serviços De Transporte De Natureza Municipal. (Incluído Pela Lei Complementar Nº 157, De 2016);t_t;1.0502.14.52;t_t;Serviços de transporte aquaviário por navegação interior de produtos químicos perigosos, exceto lubrificantes e GLP;t_t;070100;t_t;local da prestação;t_t;000001;t_t;Situações tributadas integralmente pelo IBS e CBS.;)_g
(;16.02;t_t;Outros Serviços De Transporte De Natureza Municipal. (Incluído Pela Lei Complementar Nº 157, De 2016);t_t;1.0502.14.59;t_t;Serviços de transporte aquaviário por navegação interior de produtos perigosos não classificados em subposições anteriores;t_t;070100;t_t;local da prestação;t_t;000001;t_t;Situações tributadas integralmente pelo IBS e CBS.;)_g
(;16.02;t_t;Outros Serviços De Transporte De Natureza Municipal. (Incluído Pela Lei Complementar Nº 157, De 2016);t_t;1.0502.14.90;t_t;Serviços de transporte aquaviário por navegação interior de cargas especiais não classificados em subposições anteriores;t_t;070100;t_t;local da prestação;t_t;000001;t_t;Situações tributadas integralmente pelo IBS e CBS.;)_g
(;16.02;t_t;Outros Serviços De Transporte De Natureza Municipal. (Incluído Pela Lei Complementar Nº 157, De 2016);t_t;1.0502.19.00;t_t;Serviços de transporte aquaviário por navegação interior de cargas não classificados em subposições anteriores;t_t;070100;t_t;local da prestação;t_t;000001;t_t;Situações tributadas integralmente pelo IBS e CBS.;)_g
(;16.02;t_t;Outros Serviços De Transporte De Natureza Municipal. (Incluído Pela Lei Complementar Nº 157, De 2016);t_t;1.0502.21.10;t_t;Serviços de transporte aquaviário costeiro de cargas sólidas a granel;t_t;070100;t_t;local da prestação;t_t;000001;t_t;Situações tributadas integralmente pelo IBS e CBS.;)_g
(;16.02;t_t;Outros Serviços De Transporte De Natureza Municipal. (Incluído Pela Lei Complementar Nº 157, De 2016);t_t;1.0502.21.20;t_t;Serviços de transporte aquaviário costeiro de cargas líquidas ou liquefeitas, a granel;t_t;070100;t_t;local da prestação;t_t;000001;t_t;Situações tributadas integralmente pelo IBS e CBS.;)_g
(;16.02;t_t;Outros Serviços De Transporte De Natureza Municipal. (Incluído Pela Lei Complementar Nº 157, De 2016);t_t;1.0502.21.30;t_t;Serviços de transporte aquaviário costeiro de cargas gasosas a granel;t_t;070100;t_t;local da prestação;t_t;000001;t_t;Situações tributadas integralmente pelo IBS e CBS.;)_g
(;16.02;t_t;Outros Serviços De Transporte De Natureza Municipal. (Incluído Pela Lei Complementar Nº 157, De 2016);t_t;1.0502.22.10;t_t;Serviços de transporte aquaviário costeiro de carga solta, não unitizada;t_t;070100;t_t;local da prestação;t_t;000001;t_t;Situações tributadas integralmente pelo IBS e CBS.;)_g
(;16.02;t_t;Outros Serviços De Transporte De Natureza Municipal. (Incluído Pela Lei Complementar Nº 157, De 2016);t_t;1.0502.22.20;t_t;Serviços de transporte aquaviário costeiro de carga unitizada;t_t;070100;t_t;local da prestação;t_t;000001;t_t;Situações tributadas integralmente pelo IBS e CBS.;)_g
(;16.02;t_t;Outros Serviços De Transporte De Natureza Municipal. (Incluído Pela Lei Complementar Nº 157, De 2016);t_t;1.0502.22.30;t_t;Serviços de transporte aquaviário costeiro de carga frigorificada ou climatizada;t_t;070100;t_t;local da prestação;t_t;000001;t_t;Situações tributadas integralmente pelo IBS e CBS.;)_g
(;16.02;t_t;Outros Serviços De Transporte De Natureza Municipal. (Incluído Pela Lei Complementar Nº 157, De 2016);t_t;1.0502.23.10;t_t;Serviços de transporte aquaviário costeiro de cargas em contêineres frigorificados ou climatizados;t_t;070100;t_t;local da prestação;t_t;000001;t_t;Situações tributadas integralmente pelo IBS e CBS.;)_g
(;16.02;t_t;Outros Serviços De Transporte De Natureza Municipal. (Incluído Pela Lei Complementar Nº 157, De 2016);t_t;1.0502.23.20;t_t;Serviços de transporte aquaviário costeiro de cargas em contêineres não classificados em subposições anteriores;t_t;070100;t_t;local da prestação;t_t;000001;t_t;Situações tributadas integralmente pelo IBS e CBS.;)_g
(;16.02;t_t;Outros Serviços De Transporte De Natureza Municipal. (Incluído Pela Lei Complementar Nº 157, De 2016);t_t;1.0502.24.10;t_t;Serviços de transporte aquaviário costeiro de cargas vivas;t_t;070100;t_t;local da prestação;t_t;000001;t_t;Situações tributadas integralmente pelo IBS e CBS.;)_g
(;16.02;t_t;Outros Serviços De Transporte De Natureza Municipal. (Incluído Pela Lei Complementar Nº 157, De 2016);t_t;1.0502.24.20;t_t;Serviços de transporte aquaviário costeiro de mudanças domésticas e de mobília e outros objetos de escritório;t_t;070100;t_t;local da prestação;t_t;000001;t_t;Situações tributadas integralmente pelo IBS e CBS.;)_g
(;16.02;t_t;Outros Serviços De Transporte De Natureza Municipal. (Incluído Pela Lei Complementar Nº 157, De 2016);t_t;1.0502.24.30;t_t;Serviços de transporte aquaviário costeiro de cargas de grande porte;t_t;070100;t_t;local da prestação;t_t;000001;t_t;Situações tributadas integralmente pelo IBS e CBS.;)_g
(;16.02;t_t;Outros Serviços De Transporte De Natureza Municipal. (Incluído Pela Lei Complementar Nº 157, De 2016);t_t;1.0502.24.40;t_t;Serviços de transporte aquaviário costeiro de veículos;t_t;070100;t_t;local da prestação;t_t;000001;t_t;Situações tributadas integralmente pelo IBS e CBS.;)_g
(;16.02;t_t;Outros Serviços De Transporte De Natureza Municipal. (Incluído Pela Lei Complementar Nº 157, De 2016);t_t;1.0502.24.51;t_t;Serviços de transporte aquaviário costeiro de combustíveis, lubrificantes e GLP, inclusive apresentado em botijões metálicos;t_t;070100;t_t;local da prestação;t_t;000001;t_t;Situações tributadas integralmente pelo IBS e CBS.;)_g
(;16.02;t_t;Outros Serviços De Transporte De Natureza Municipal. (Incluído Pela Lei Complementar Nº 157, De 2016);t_t;1.0502.24.52;t_t;Serviços de transporte aquaviário costeiro de produtos químicos perigosos, exceto lubrificantes e GLP;t_t;070100;t_t;local da prestação;t_t;000001;t_t;Situações tributadas integralmente pelo IBS e CBS.;)_g
(;16.02;t_t;Outros Serviços De Transporte De Natureza Municipal. (Incluído Pela Lei Complementar Nº 157, De 2016);t_t;1.0502.24.59;t_t;Serviços de transporte aquaviário costeiro de produtos perigosos não classificados em subposições anteriores;t_t;070100;t_t;local da prestação;t_t;000001;t_t;Situações tributadas integralmente pelo IBS e CBS.;)_g
(;16.02;t_t;Outros Serviços De Transporte De Natureza Municipal. (Incluído Pela Lei Complementar Nº 157, De 2016);t_t;1.0502.29.00;t_t;Serviços de transportes aquaviário costeiro de cargas não classificados em subposições anteriores;t_t;070100;t_t;local da prestação;t_t;000001;t_t;Situações tributadas integralmente pelo IBS e CBS.;)_g
(;16.02;t_t;Outros Serviços De Transporte De Natureza Municipal. (Incluído Pela Lei Complementar Nº 157, De 2016);t_t;1.0505.10.00;t_t;Locação de veículos rodoviários de carga com operador ;t_t;070100;t_t;local da prestação;t_t;000001;t_t;Situações tributadas integralmente pelo IBS e CBS.;)_g
(;16.02;t_t;Outros Serviços De Transporte De Natureza Municipal. (Incluído Pela Lei Complementar Nº 157, De 2016);t_t;1.0505.20.00;t_t;Locação de embarcações de carga com tripulação ;t_t;070100;t_t;local da prestação;t_t;000001;t_t;Situações tributadas integralmente pelo IBS e CBS.;)_g
(;16.02;t_t;Outros Serviços De Transporte De Natureza Municipal. (Incluído Pela Lei Complementar Nº 157, De 2016);t_t;1.0505.30.00;t_t;Locação de aeronaves de carga com tripulação;t_t;070100;t_t;local da prestação;t_t;000001;t_t;Situações tributadas integralmente pelo IBS e CBS.;)_g
(;17.01;t_t;Assessoria Ou Consultoria De Qualquer Natureza, Não Contida Em Outros Itens Desta Lista; Análise, Exame, Pesquisa, Coleta, Compilação E Fornecimento De Dados E Informações De Qualquer Natureza, Inclusive Cadastro E Similares.;t_t;1.0608.40.00;t_t;Serviços de consolidação ou desconsolidação documental de cargas no transporte multimodal ;t_t;100301;t_t;Domicílio principal do adquirente;t_t;000001;t_t;Situações tributadas integralmente pelo IBS e CBS.;)_g
(;17.01;t_t;Assessoria Ou Consultoria De Qualquer Natureza, Não Contida Em Outros Itens Desta Lista; Análise, Exame, Pesquisa, Coleta, Compilação E Fornecimento De Dados E Informações De Qualquer Natureza, Inclusive Cadastro E Similares.;t_t;1.1001.40.00;t_t;Serviços de consultoria imobiliária;t_t;100301;t_t;Domicílio principal do adquirente;t_t;000001;t_t;Situações tributadas integralmente pelo IBS e CBS.;)_g
(;17.01;t_t;Assessoria Ou Consultoria De Qualquer Natureza, Não Contida Em Outros Itens Desta Lista; Análise, Exame, Pesquisa, Coleta, Compilação E Fornecimento De Dados E Informações De Qualquer Natureza, Inclusive Cadastro E Similares.;t_t;1.1001.50.00;t_t;Serviços de assessoria de gestão condominial ;t_t;100301;t_t;Domicílio principal do adquirente;t_t;000001;t_t;Situações tributadas integralmente pelo IBS e CBS.;)_g
(;17.01;t_t;Assessoria Ou Consultoria De Qualquer Natureza, Não Contida Em Outros Itens Desta Lista; Análise, Exame, Pesquisa, Coleta, Compilação E Fornecimento De Dados E Informações De Qualquer Natureza, Inclusive Cadastro E Similares.;t_t;1.1001.90.00;t_t;Serviços imobiliários não classificados em subposições anteriores;t_t;100301;t_t;Domicílio principal do adquirente;t_t;000001;t_t;Situações tributadas integralmente pelo IBS e CBS.;)_g
(;17.01;t_t;Assessoria Ou Consultoria De Qualquer Natureza, Não Contida Em Outros Itens Desta Lista; Análise, Exame, Pesquisa, Coleta, Compilação E Fornecimento De Dados E Informações De Qualquer Natureza, Inclusive Cadastro E Similares.;t_t;1.1301.30.00;t_t;Serviços de documentação e certificação, exceto os serviços notariais e de registro;t_t;100301;t_t;Domicílio principal do adquirente;t_t;000001;t_t;Situações tributadas integralmente pelo IBS e CBS.;)_g
(;17.01;t_t;Assessoria Ou Consultoria De Qualquer Natureza, Não Contida Em Outros Itens Desta Lista; Análise, Exame, Pesquisa, Coleta, Compilação E Fornecimento De Dados E Informações De Qualquer Natureza, Inclusive Cadastro E Similares.;t_t;1.1303.10.00;t_t;Serviços de consultoria tributária para pessoas jurídicas;t_t;100301;t_t;Domicílio principal do adquirente;t_t;000001;t_t;Situações tributadas integralmente pelo IBS e CBS.;)_g
(;17.01;t_t;Assessoria Ou Consultoria De Qualquer Natureza, Não Contida Em Outros Itens Desta Lista; Análise, Exame, Pesquisa, Coleta, Compilação E Fornecimento De Dados E Informações De Qualquer Natureza, Inclusive Cadastro E Similares.;t_t;1.1303.20.00;t_t;Serviços de consultoria tributária para pessoas físicas;t_t;100301;t_t;Domicílio principal do adquirente;t_t;000001;t_t;Situações tributadas integralmente pelo IBS e CBS.;)_g
(;17.01;t_t;Assessoria Ou Consultoria De Qualquer Natureza, Não Contida Em Outros Itens Desta Lista; Análise, Exame, Pesquisa, Coleta, Compilação E Fornecimento De Dados E Informações De Qualquer Natureza, Inclusive Cadastro E Similares.;t_t;1.1401.11.00;t_t;Serviços de consultoria em gestão estratégica;t_t;100301;t_t;Domicílio principal do adquirente;t_t;000001;t_t;Situações tributadas integralmente pelo IBS e CBS.;)_g
(;17.01;t_t;Assessoria Ou Consultoria De Qualquer Natureza, Não Contida Em Outros Itens Desta Lista; Análise, Exame, Pesquisa, Coleta, Compilação E Fornecimento De Dados E Informações De Qualquer Natureza, Inclusive Cadastro E Similares.;t_t;1.1401.13.00;t_t;Serviços de consultoria em gestão de recursos humanos;t_t;100301;t_t;Domicílio principal do adquirente;t_t;000001;t_t;Situações tributadas integralmente pelo IBS e CBS.;)_g
(;17.01;t_t;Assessoria Ou Consultoria De Qualquer Natureza, Não Contida Em Outros Itens Desta Lista; Análise, Exame, Pesquisa, Coleta, Compilação E Fornecimento De Dados E Informações De Qualquer Natureza, Inclusive Cadastro E Similares.;t_t;1.1401.14.00;t_t;Serviços de consultoria em gestão de marketing ;t_t;100301;t_t;Domicílio principal do adquirente;t_t;000001;t_t;Situações tributadas integralmente pelo IBS e CBS.;)_g
(;17.01;t_t;Assessoria Ou Consultoria De Qualquer Natureza, Não Contida Em Outros Itens Desta Lista; Análise, Exame, Pesquisa, Coleta, Compilação E Fornecimento De Dados E Informações De Qualquer Natureza, Inclusive Cadastro E Similares.;t_t;1.1401.15.00;t_t;Serviços de consultoria em gestão operacional;t_t;100301;t_t;Domicílio principal do adquirente;t_t;000001;t_t;Situações tributadas integralmente pelo IBS e CBS.;)_g
(;17.01;t_t;Assessoria Ou Consultoria De Qualquer Natureza, Não Contida Em Outros Itens Desta Lista; Análise, Exame, Pesquisa, Coleta, Compilação E Fornecimento De Dados E Informações De Qualquer Natureza, Inclusive Cadastro E Similares.;t_t;1.1401.16.00;t_t;Serviços de consultoria em gestão energética;t_t;100301;t_t;Domicílio principal do adquirente;t_t;000001;t_t;Situações tributadas integralmente pelo IBS e CBS.;)_g
(;17.01;t_t;Assessoria Ou Consultoria De Qualquer Natureza, Não Contida Em Outros Itens Desta Lista; Análise, Exame, Pesquisa, Coleta, Compilação E Fornecimento De Dados E Informações De Qualquer Natureza, Inclusive Cadastro E Similares.;t_t;1.1401.17.00;t_t;Serviços de consultoria em gestão de cadeia logística;t_t;100301;t_t;Domicílio principal do adquirente;t_t;000001;t_t;Situações tributadas integralmente pelo IBS e CBS.;)_g
(;17.01;t_t;Assessoria Ou Consultoria De Qualquer Natureza, Não Contida Em Outros Itens Desta Lista; Análise, Exame, Pesquisa, Coleta, Compilação E Fornecimento De Dados E Informações De Qualquer Natureza, Inclusive Cadastro E Similares.;t_t;1.1401.18.00;t_t;Serviços de consultoria em gestão hospitalar;t_t;100301;t_t;Domicílio principal do adquirente;t_t;000001;t_t;Situações tributadas integralmente pelo IBS e CBS.;)_g
(;17.01;t_t;Assessoria Ou Consultoria De Qualquer Natureza, Não Contida Em Outros Itens Desta Lista; Análise, Exame, Pesquisa, Coleta, Compilação E Fornecimento De Dados E Informações De Qualquer Natureza, Inclusive Cadastro E Similares.;t_t;1.1401.19.00;t_t;Serviços de consultoria em gestão empresarial não classificados em subposições anteriores;t_t;100301;t_t;Domicílio principal do adquirente;t_t;000001;t_t;Situações tributadas integralmente pelo IBS e CBS.;)_g
(;17.01;t_t;Assessoria Ou Consultoria De Qualquer Natureza, Não Contida Em Outros Itens Desta Lista; Análise, Exame, Pesquisa, Coleta, Compilação E Fornecimento De Dados E Informações De Qualquer Natureza, Inclusive Cadastro E Similares.;t_t;1.1401.39.00;t_t;Serviços de assessoria empresarial não classificados em subposições anteriores;t_t;100301;t_t;Domicílio principal do adquirente;t_t;000001;t_t;Situações tributadas integralmente pelo IBS e CBS.;)_g
(;17.01;t_t;Assessoria Ou Consultoria De Qualquer Natureza, Não Contida Em Outros Itens Desta Lista; Análise, Exame, Pesquisa, Coleta, Compilação E Fornecimento De Dados E Informações De Qualquer Natureza, Inclusive Cadastro E Similares.;t_t;1.1410.10.00;t_t;Serviços de consultoria ambiental;t_t;100301;t_t;Domicílio principal do adquirente;t_t;000001;t_t;Situações tributadas integralmente pelo IBS e CBS.;)_g
(;17.01;t_t;Assessoria Ou Consultoria De Qualquer Natureza, Não Contida Em Outros Itens Desta Lista; Análise, Exame, Pesquisa, Coleta, Compilação E Fornecimento De Dados E Informações De Qualquer Natureza, Inclusive Cadastro E Similares.;t_t;1.1410.90.00;t_t;Serviços de consultoria técnica e científica não classificados em subposições anteriores;t_t;100301;t_t;Domicílio principal do adquirente;t_t;000001;t_t;Situações tributadas integralmente pelo IBS e CBS.;)_g
(;17.01;t_t;Assessoria Ou Consultoria De Qualquer Natureza, Não Contida Em Outros Itens Desta Lista; Análise, Exame, Pesquisa, Coleta, Compilação E Fornecimento De Dados E Informações De Qualquer Natureza, Inclusive Cadastro E Similares.;t_t;1.1412.00.00;t_t;Serviços para registros de marcas comerciais e de franquias empresariais, exceto as licenças de uso de direito;t_t;100301;t_t;Domicílio principal do adquirente;t_t;000001;t_t;Situações tributadas integralmente pelo IBS e CBS.;)_g
(;17.01;t_t;Assessoria Ou Consultoria De Qualquer Natureza, Não Contida Em Outros Itens Desta Lista; Análise, Exame, Pesquisa, Coleta, Compilação E Fornecimento De Dados E Informações De Qualquer Natureza, Inclusive Cadastro E Similares.;t_t;1.1413.00.00;t_t;Serviços de prospecção de clientes;t_t;100301;t_t;Domicílio principal do adquirente;t_t;000001;t_t;Situações tributadas integralmente pelo IBS e CBS.;)_g
(;17.01;t_t;Assessoria Ou Consultoria De Qualquer Natureza, Não Contida Em Outros Itens Desta Lista; Análise, Exame, Pesquisa, Coleta, Compilação E Fornecimento De Dados E Informações De Qualquer Natureza, Inclusive Cadastro E Similares.;t_t;1.1414.00.00;t_t;Serviços de prospecção de fornecedores;t_t;100301;t_t;Domicílio principal do adquirente;t_t;000001;t_t;Situações tributadas integralmente pelo IBS e CBS.;)_g
(;17.01;t_t;Assessoria Ou Consultoria De Qualquer Natureza, Não Contida Em Outros Itens Desta Lista; Análise, Exame, Pesquisa, Coleta, Compilação E Fornecimento De Dados E Informações De Qualquer Natureza, Inclusive Cadastro E Similares.;t_t;1.1407.00.00;t_t;Pesquisas de mercado e serviços de pesquisa de opinião pública;t_t;100301;t_t;Domicílio principal do adquirente;t_t;000001;t_t;Situações tributadas integralmente pelo IBS e CBS.;)_g
(;17.01;t_t;Assessoria Ou Consultoria De Qualquer Natureza, Não Contida Em Outros Itens Desta Lista; Análise, Exame, Pesquisa, Coleta, Compilação E Fornecimento De Dados E Informações De Qualquer Natureza, Inclusive Cadastro E Similares.;t_t;1.1806.10.00;t_t;Serviços de informação cadastral e análise de crédito;t_t;100301;t_t;Domicílio principal do adquirente;t_t;000001;t_t;Situações tributadas integralmente pelo IBS e CBS.;)_g
(;17.02;t_t;Datilografia, Digitação, Estenografia, Expediente, Secretaria Em Geral, Resposta Audível, Redação, Edição, Interpretação, Revisão, Tradução, Apoio E Infra-Estrutura Administrativa E Congêneres.;t_t;1.1411.00.00;t_t;Serviços de tradução e de intérpretes;t_t;100301;t_t;Domicílio principal do adquirente;t_t;000001;t_t;Situações tributadas integralmente pelo IBS e CBS.;)_g
(;17.02;t_t;Datilografia, Digitação, Estenografia, Expediente, Secretaria Em Geral, Resposta Audível, Redação, Edição, Interpretação, Revisão, Tradução, Apoio E Infra-Estrutura Administrativa E Congêneres.;t_t;1.1806.31.00;t_t;Serviços de call center ;t_t;100301;t_t;Domicílio principal do adquirente;t_t;000001;t_t;Situações tributadas integralmente pelo IBS e CBS.;)_g
(;17.02;t_t;Datilografia, Digitação, Estenografia, Expediente, Secretaria Em Geral, Resposta Audível, Redação, Edição, Interpretação, Revisão, Tradução, Apoio E Infra-Estrutura Administrativa E Congêneres.;t_t;1.1806.39.00;t_t;Serviços de apoio às atividades empresariais por meio de telefone não classificados em subposições anteriores;t_t;100301;t_t;Domicílio principal do adquirente;t_t;000001;t_t;Situações tributadas integralmente pelo IBS e CBS.;)_g
(;17.02;t_t;Datilografia, Digitação, Estenografia, Expediente, Secretaria Em Geral, Resposta Audível, Redação, Edição, Interpretação, Revisão, Tradução, Apoio E Infra-Estrutura Administrativa E Congêneres.;t_t;1.1806.40.00;t_t;Serviços combinados de escritório e apoio administrativo ;t_t;100301;t_t;Domicílio principal do adquirente;t_t;000001;t_t;Situações tributadas integralmente pelo IBS e CBS.;)_g
(;17.02;t_t;Datilografia, Digitação, Estenografia, Expediente, Secretaria Em Geral, Resposta Audível, Redação, Edição, Interpretação, Revisão, Tradução, Apoio E Infra-Estrutura Administrativa E Congêneres.;t_t;1.1806.52.00;t_t;Serviços de execução e envio de mala direta e de elaboração de listas de endereços ;t_t;100301;t_t;Domicílio principal do adquirente;t_t;000001;t_t;Situações tributadas integralmente pelo IBS e CBS.;)_g
(;17.02;t_t;Datilografia, Digitação, Estenografia, Expediente, Secretaria Em Geral, Resposta Audível, Redação, Edição, Interpretação, Revisão, Tradução, Apoio E Infra-Estrutura Administrativa E Congêneres.;t_t;1.1806.53.00;t_t;Serviços de preparação de documentos ;t_t;100301;t_t;Domicílio principal do adquirente;t_t;000001;t_t;Situações tributadas integralmente pelo IBS e CBS.;)_g
(;17.02;t_t;Datilografia, Digitação, Estenografia, Expediente, Secretaria Em Geral, Resposta Audível, Redação, Edição, Interpretação, Revisão, Tradução, Apoio E Infra-Estrutura Administrativa E Congêneres.;t_t;1.1806.59.00;t_t;Serviços especializados de apoio a escritório não classificados em subposições anteriores;t_t;100301;t_t;Domicílio principal do adquirente;t_t;000001;t_t;Situações tributadas integralmente pelo IBS e CBS.;)_g
(;17.03;t_t;Planejamento, Coordenação, Programação Ou Organização Técnica, Financeira Ou Administrativa.;t_t;1.1401.29.00;t_t;Serviços de gestão não classificados em subposições anteriores;t_t;100301;t_t;Domicílio principal do adquirente;t_t;000001;t_t;Situações tributadas integralmente pelo IBS e CBS.;)_g
(;17.03;t_t;Planejamento, Coordenação, Programação Ou Organização Técnica, Financeira Ou Administrativa.;t_t;1.1401.39.00;t_t;Serviços de assessoria empresarial não classificados em subposições anteriores;t_t;100301;t_t;Domicílio principal do adquirente;t_t;000001;t_t;Situações tributadas integralmente pelo IBS e CBS.;)_g
(;17.04;t_t;Recrutamento, Agenciamento, Seleção E Colocação De Mão-De-Obra.;t_t;1.1801.11.00;t_t;Serviço de recrutamento e seleção de profissionais executivos;t_t;100301;t_t;Domicílio principal do adquirente;t_t;000001;t_t;Situações tributadas integralmente pelo IBS e CBS.;)_g
(;17.04;t_t;Recrutamento, Agenciamento, Seleção E Colocação De Mão-De-Obra.;t_t;1.1801.12.00;t_t;Serviço de recrutamento e seleção de profissionais, exceto executivos;t_t;100301;t_t;Domicílio principal do adquirente;t_t;000001;t_t;Situações tributadas integralmente pelo IBS e CBS.;)_g
(;17.05;t_t;Fornecimento De Mão-De-Obra, Mesmo Em Caráter Temporário, Inclusive De Empregados Ou Trabalhadores, Avulsos Ou Temporários, Contratados Pelo Prestador De Serviço.;t_t;1.1801.21.00;t_t;Serviços de fornecimento de mão de obra terceirizada, exceto temporária;t_t;100301;t_t;Domicílio principal do adquirente;t_t;000001;t_t;Situações tributadas integralmente pelo IBS e CBS.;)_g
(;17.05;t_t;Fornecimento De Mão-De-Obra, Mesmo Em Caráter Temporário, Inclusive De Empregados Ou Trabalhadores, Avulsos Ou Temporários, Contratados Pelo Prestador De Serviço.;t_t;1.1801.22.00;t_t;Serviços de fornecimento de mão de obra temporária;t_t;100301;t_t;Domicílio principal do adquirente;t_t;000001;t_t;Situações tributadas integralmente pelo IBS e CBS.;)_g
(;17.05;t_t;Fornecimento De Mão-De-Obra, Mesmo Em Caráter Temporário, Inclusive De Empregados Ou Trabalhadores, Avulsos Ou Temporários, Contratados Pelo Prestador De Serviço.;t_t;1.1801.29.00;t_t;Serviços de fornecimento de mão de obra não classificados em subposições anteriores;t_t;100301;t_t;Domicílio principal do adquirente;t_t;000001;t_t;Situações tributadas integralmente pelo IBS e CBS.;)_g
(;17.06;t_t;Propaganda E Publicidade, Inclusive Promoção De Vendas, Planejamento De Campanhas Ou Sistemas De Publicidade, Elaboração De Desenhos, Textos E Demais Materiais Publicitários.;t_t;1.1406.11.00;t_t;Serviços de campanhas publicitárias ;t_t;100301;t_t;Domicílio principal do adquirente;t_t;000001;t_t;Situações tributadas integralmente pelo IBS e CBS.;)_g
(;17.06;t_t;Propaganda E Publicidade, Inclusive Promoção De Vendas, Planejamento De Campanhas Ou Sistemas De Publicidade, Elaboração De Desenhos, Textos E Demais Materiais Publicitários.;t_t;1.1406.12.00;t_t;Serviços de marketing direto e mala direta;t_t;100301;t_t;Domicílio principal do adquirente;t_t;000001;t_t;Situações tributadas integralmente pelo IBS e CBS.;)_g
(;17.06;t_t;Propaganda E Publicidade, Inclusive Promoção De Vendas, Planejamento De Campanhas Ou Sistemas De Publicidade, Elaboração De Desenhos, Textos E Demais Materiais Publicitários.;t_t;1.1406.19.00;t_t;Serviços de propaganda não classificados em subposições anteriores;t_t;100301;t_t;Domicílio principal do adquirente;t_t;000001;t_t;Situações tributadas integralmente pelo IBS e CBS.;)_g
(;17.06;t_t;Propaganda E Publicidade, Inclusive Promoção De Vendas, Planejamento De Campanhas Ou Sistemas De Publicidade, Elaboração De Desenhos, Textos E Demais Materiais Publicitários.;t_t;1.1407.00.00;t_t;Pesquisas de mercado e serviços de pesquisa de opinião pública;t_t;100301;t_t;Domicílio principal do adquirente;t_t;000001;t_t;Situações tributadas integralmente pelo IBS e CBS.;)_g
(;17.08;t_t;Franquia (Franchising).;t_t;1.1110.00.00;t_t;Franquia;t_t;100301;t_t;Domicílio principal do adquirente;t_t;000001;t_t;Situações tributadas integralmente pelo IBS e CBS.;)_g
(;17.09;t_t;Perícias, Laudos, Exames Técnicos E Análises Técnicas.;t_t;1.1404.41.00;t_t;Serviços de análise laboratorial de solos, sementes e outros materiais propagativos, fitossanitários,água de produção, bromatologia e sanidade animal;t_t;100301;t_t;Domicílio principal do adquirente;t_t;200038;t_t;Fornecimento dos insumos agropecuários e aquícolas (Anexo IX);)_g
(;17.09;t_t;Perícias, Laudos, Exames Técnicos E Análises Técnicas.;t_t;1.1404.41.00;t_t;Serviços de análise e de exames técnicos sobre pureza e composição;t_t;100301;t_t;Domicílio principal do adquirente;t_t;000001;t_t;Situações tributadas integralmente pelo IBS e CBS.;)_g
(;17.09;t_t;Perícias, Laudos, Exames Técnicos E Análises Técnicas.;t_t;1.1404.42.00;t_t;Serviços de análise e de exames técnicos de propriedades físicas;t_t;100301;t_t;Domicílio principal do adquirente;t_t;000001;t_t;Situações tributadas integralmente pelo IBS e CBS.;)_g
(;17.09;t_t;Perícias, Laudos, Exames Técnicos E Análises Técnicas.;t_t;1.1404.43.00;t_t;Serviços de análise e de exames técnicos de sistemas elétricos e mecânicos;t_t;100301;t_t;Domicílio principal do adquirente;t_t;000001;t_t;Situações tributadas integralmente pelo IBS e CBS.;)_g
(;17.09;t_t;Perícias, Laudos, Exames Técnicos E Análises Técnicas.;t_t;1.1404.44.00;t_t;Serviços de inspeção técnica de veículos de transporte rodoviário;t_t;100301;t_t;Domicílio principal do adquirente;t_t;000001;t_t;Situações tributadas integralmente pelo IBS e CBS.;)_g
(;17.09;t_t;Perícias, Laudos, Exames Técnicos E Análises Técnicas.;t_t;1.1404.49.00;t_t;Serviços de análise e de exames técnicos não classificados em subposições anteriores;t_t;100301;t_t;Domicílio principal do adquirente;t_t;000001;t_t;Situações tributadas integralmente pelo IBS e CBS.;)_g
(;17.10;t_t;Planejamento, Organização E Administração De Feiras, Exposições, Congressos E Congêneres.;t_t;1.1806.61.00;t_t;Serviços de assistência e organização de convenções ;t_t;040101;t_t;local do evento;t_t;000001;t_t;Situações tributadas integralmente pelo IBS e CBS.;)_g
(;17.10;t_t;Planejamento, Organização E Administração De Feiras, Exposições, Congressos E Congêneres.;t_t;1.1806.62.00;t_t;Serviços de assistência e organização de feiras de negócios;t_t;040101;t_t;local do evento;t_t;000001;t_t;Situações tributadas integralmente pelo IBS e CBS.;)_g
(;17.10;t_t;Planejamento, Organização E Administração De Feiras, Exposições, Congressos E Congêneres.;t_t;1.1806.63.00;t_t;Serviços de assistência e organização de exposições e outros eventos ;t_t;040101;t_t;local do evento;t_t;000001;t_t;Situações tributadas integralmente pelo IBS e CBS.;)_g
(;17.11;t_t;Organização De Festas E Recepções; Bufê (Exceto O Fornecimento De Alimentação E Bebidas, Que Fica Sujeito Ao ICMS).;t_t;1.1806.63.00;t_t;Serviços de assistência e organização de exposições e outros eventos ;t_t;100301;t_t;Domicílio principal do adquirente;t_t;000001;t_t;Situações tributadas integralmente pelo IBS e CBS.;)_g
(;17.11;t_t;Organização De Festas E Recepções; Bufê (Exceto O Fornecimento De Alimentação E Bebidas, Que Fica Sujeito Ao ICMS).;t_t;1.0301.10.00;t_t;Fornecimento de refeições acompanhado de serviços de restaurante;t_t;030101;t_t;local da prestação;t_t;000001;t_t;Situações tributadas integralmente pelo IBS e CBS.;)_g
(;17.11;t_t;Organização De Festas E Recepções; Bufê (Exceto O Fornecimento De Alimentação E Bebidas, Que Fica Sujeito Ao ICMS).;t_t;1.0301.10.00;t_t;Fornecimento de refeições acompanhado de serviços de restaurante;t_t;030102;t_t;local da prestação;t_t;000001;t_t;Situações tributadas integralmente pelo IBS e CBS.;)_g
(;17.11;t_t;Organização De Festas E Recepções; Bufê (Exceto O Fornecimento De Alimentação E Bebidas, Que Fica Sujeito Ao ICMS).;t_t;1.0301.10.00;t_t;Fornecimento de refeições acompanhado de serviços de restaurante;t_t;030103;t_t;local da prestação;t_t;000001;t_t;Situações tributadas integralmente pelo IBS e CBS.;)_g
(;17.11;t_t;Organização De Festas E Recepções; Bufê (Exceto O Fornecimento De Alimentação E Bebidas, Que Fica Sujeito Ao ICMS).;t_t;1.0301.10.00;t_t;Fornecimento de refeições acompanhado de serviços de restaurante;t_t;030104;t_t;local da prestação;t_t;000001;t_t;Situações tributadas integralmente pelo IBS e CBS.;)_g
(;17.11;t_t;Organização De Festas E Recepções; Bufê (Exceto O Fornecimento De Alimentação E Bebidas, Que Fica Sujeito Ao ICMS).;t_t;1.0301.31.00;t_t;Fornecimento de alimentação para eventos;t_t;030101;t_t;local da prestação;t_t;000001;t_t;Situações tributadas integralmente pelo IBS e CBS.;)_g
(;17.11;t_t;Organização De Festas E Recepções; Bufê (Exceto O Fornecimento De Alimentação E Bebidas, Que Fica Sujeito Ao ICMS).;t_t;1.0301.31.00;t_t;Fornecimento de alimentação para eventos;t_t;030102;t_t;local da prestação;t_t;000001;t_t;Situações tributadas integralmente pelo IBS e CBS.;)_g
(;17.11;t_t;Organização De Festas E Recepções; Bufê (Exceto O Fornecimento De Alimentação E Bebidas, Que Fica Sujeito Ao ICMS).;t_t;1.0301.31.00;t_t;Fornecimento de alimentação para eventos;t_t;030103;t_t;local da prestação;t_t;000001;t_t;Situações tributadas integralmente pelo IBS e CBS.;)_g
(;17.11;t_t;Organização De Festas E Recepções; Bufê (Exceto O Fornecimento De Alimentação E Bebidas, Que Fica Sujeito Ao ICMS).;t_t;1.0301.31.00;t_t;Fornecimento de alimentação para eventos;t_t;030104;t_t;local da prestação;t_t;000001;t_t;Situações tributadas integralmente pelo IBS e CBS.;)_g
(;17.11;t_t;Organização De Festas E Recepções; Bufê (Exceto O Fornecimento De Alimentação E Bebidas, Que Fica Sujeito Ao ICMS).;t_t;1.0301.39.00;t_t;Fornecimento de alimentação, incluindo refeições, sob contrato não classificado em subposições anteriores;t_t;030101;t_t;local da prestação;t_t;000001;t_t;Situações tributadas integralmente pelo IBS e CBS.;)_g
(;17.11;t_t;Organização De Festas E Recepções; Bufê (Exceto O Fornecimento De Alimentação E Bebidas, Que Fica Sujeito Ao ICMS).;t_t;1.0301.39.00;t_t;Fornecimento de alimentação, incluindo refeições, sob contrato não classificado em subposições anteriores;t_t;030102;t_t;local da prestação;t_t;000001;t_t;Situações tributadas integralmente pelo IBS e CBS.;)_g
(;17.11;t_t;Organização De Festas E Recepções; Bufê (Exceto O Fornecimento De Alimentação E Bebidas, Que Fica Sujeito Ao ICMS).;t_t;1.0301.39.00;t_t;Fornecimento de alimentação, incluindo refeições, sob contrato não classificado em subposições anteriores;t_t;030103;t_t;local da prestação;t_t;000001;t_t;Situações tributadas integralmente pelo IBS e CBS.;)_g
(;17.11;t_t;Organização De Festas E Recepções; Bufê (Exceto O Fornecimento De Alimentação E Bebidas, Que Fica Sujeito Ao ICMS).;t_t;1.0301.39.00;t_t;Fornecimento de alimentação, incluindo refeições, sob contrato não classificado em subposições anteriores;t_t;030104;t_t;local da prestação;t_t;000001;t_t;Situações tributadas integralmente pelo IBS e CBS.;)_g
(;17.12;t_t;Administração Em Geral, Inclusive De Bens E Negócios De Terceiros.;t_t;1.1001.11.00;t_t;Serviços de administração e locação de imóveis residenciais;t_t;020301;t_t;local do imóvel;t_t;200046;t_t;Operações com bens imóveis;)_g
(;17.12;t_t;Administração Em Geral, Inclusive De Bens E Negócios De Terceiros.;t_t;1.1001.12.90;t_t;Serviços de administração e locação de outros imóveis não residenciais;t_t;020301;t_t;local do imóvel;t_t;200046;t_t;Operações com bens imóveis;)_g
(;17.12;t_t;Administração Em Geral, Inclusive De Bens E Negócios De Terceiros.;t_t;1.1401.21.00;t_t;Serviços de gestão em processos de negócios ;t_t;100301;t_t;Domicílio principal do adquirente;t_t;000001;t_t;Situações tributadas integralmente pelo IBS e CBS.;)_g
(;17.12;t_t;Administração Em Geral, Inclusive De Bens E Negócios De Terceiros.;t_t;1.1401.22.00;t_t;Serviços de gestão hospitalar;t_t;100301;t_t;Domicílio principal do adquirente;t_t;000001;t_t;Situações tributadas integralmente pelo IBS e CBS.;)_g
(;17.13;t_t;Leilão E Congêneres.;t_t;1.1806.90.00;t_t;Serviços de apoio não classificados em subposições anteriores;t_t;100301;t_t;Domicílio principal do adquirente;t_t;000001;t_t;Situações tributadas integralmente pelo IBS e CBS.;)_g
(;17.14;t_t;Advocacia.;t_t;1.1301.10.00;t_t;Serviços de representação e consultoria jurídica criminal;t_t;100301;t_t;Domicílio principal do adquirente;t_t;200052;t_t;Prestação de serviços de profissões intelectuais;)_g
(;17.14;t_t;Advocacia.;t_t;1.1301.20.00;t_t;Serviços de representação e consultoria jurídica em outras áreas do direito, exceto consultoria tributária;t_t;100301;t_t;Domicílio principal do adquirente;t_t;200052;t_t;Prestação de serviços de profissões intelectuais;)_g
(;17.14;t_t;Advocacia.;t_t;1.1301.90.00;t_t;Serviços jurídicos não classificados em subposições anteriores;t_t;100301;t_t;Domicílio principal do adquirente;t_t;200052;t_t;Prestação de serviços de profissões intelectuais;)_g
(;17.15;t_t;Arbitragem De Qualquer Espécie, Inclusive Jurídica.;t_t;1.1301.40.00;t_t;Serviços de arbitragem, conciliação e mediação;t_t;100301;t_t;Domicílio principal do adquirente;t_t;000001;t_t;Situações tributadas integralmente pelo IBS e CBS.;)_g
(;17.16;t_t;Auditoria.;t_t;1.1302.11.00;t_t;Serviços de auditoria contábil;t_t;100301;t_t;Domicílio principal do adquirente;t_t;200052;t_t;Prestação de serviços de profissões intelectuais;)_g
(;17.16;t_t;Auditoria.;t_t;1.1302.19.00;t_t;Serviços de auditoria não classificados em subposições anteriores;t_t;100301;t_t;Domicílio principal do adquirente;t_t;000001;t_t;Situações tributadas integralmente pelo IBS e CBS.;)_g
(;17.17;t_t;Análise De Organização E Métodos.;t_t;1.1806.90.00;t_t;Serviços de apoio não classificados em subposições anteriores;t_t;100301;t_t;Domicílio principal do adquirente;t_t;000001;t_t;Situações tributadas integralmente pelo IBS e CBS.;)_g
(;17.18;t_t;Atuária E Cálculos Técnicos De Qualquer Natureza.;t_t;1.0906.30.00;t_t;Serviços atuariais ;t_t;100301;t_t;Domicílio principal do adquirente;t_t;000001;t_t;Situações tributadas integralmente pelo IBS e CBS.;)_g
(;17.19;t_t;Contabilidade, Inclusive Serviços Técnicos E Auxiliares.;t_t;1.1302.21.00;t_t;Serviços de contabilidade;t_t;100301;t_t;Domicílio principal do adquirente;t_t;200052;t_t;Prestação de serviços de profissões intelectuais;)_g
(;17.19;t_t;Contabilidade, Inclusive Serviços Técnicos E Auxiliares.;t_t;1.1302.22.00;t_t;Serviços de escrituração mercantil;t_t;100301;t_t;Domicílio principal do adquirente;t_t;200052;t_t;Prestação de serviços de profissões intelectuais;)_g
(;17.19;t_t;Contabilidade, Inclusive Serviços Técnicos E Auxiliares.;t_t;1.1302.23.00;t_t;Serviços de folha de pagamento;t_t;100301;t_t;Domicílio principal do adquirente;t_t;200052;t_t;Prestação de serviços de profissões intelectuais;)_g
(;17.20;t_t;Consultoria E Assessoria Econômica Ou Financeira.;t_t;1.0905.50.00;t_t;Serviços de consultoria financeira ;t_t;100301;t_t;Domicílio principal do adquirente;t_t;200052;t_t;Prestação de serviços de profissões intelectuais;)_g
(;17.20;t_t;Consultoria E Assessoria Econômica Ou Financeira.;t_t;1.0905.70.00;t_t;Serviços de classificação de risco (rating);t_t;100301;t_t;Domicílio principal do adquirente;t_t;200052;t_t;Prestação de serviços de profissões intelectuais;)_g
(;17.20;t_t;Consultoria E Assessoria Econômica Ou Financeira.;t_t;1.0905.80.00;t_t;Serviços fiduciários ;t_t;100301;t_t;Domicílio principal do adquirente;t_t;200052;t_t;Prestação de serviços de profissões intelectuais;)_g
(;17.20;t_t;Consultoria E Assessoria Econômica Ou Financeira.;t_t;1.1401.12.00;t_t;Serviços de consultoria em gestão financeira ;t_t;100301;t_t;Domicílio principal do adquirente;t_t;200052;t_t;Prestação de serviços de profissões intelectuais;)_g
(;17.21;t_t;Estatística.;t_t;1.1415.00.00;t_t;Serviços profissionais, técnicos e gerenciais não classificados em posições anteriores;t_t;100301;t_t;Domicílio principal do adquirente;t_t;200052;t_t;Prestação de serviços de profissões intelectuais;)_g
(;17.22;t_t;Cobrança Em Geral.;t_t;1.1806.20.00;t_t;Serviços de cobrança ;t_t;100301;t_t;Domicílio principal do adquirente;t_t;000001;t_t;Situações tributadas integralmente pelo IBS e CBS.;)_g
(;17.23;t_t;Assessoria, Análise, Avaliação, Atendimento, Consulta, Cadastro, Seleção, Gerenciamento De Informações, Administração De Contas A Receber Ou A Pagar E Em Geral, Relacionados A Operações De Faturização (Factoring).;t_t;1.0908.00.00;t_t;Fomento comercial (factoring);t_t;100301;t_t;Domicílio principal do adquirente;t_t;000001;t_t;Situações tributadas integralmente pelo IBS e CBS.;)_g
(;17.24;t_t;Apresentação De Palestras, Conferências, Seminários E Congêneres.;t_t;1.2205.14.00;t_t;Serviços de palestras e conferências;t_t;030101;t_t;local da prestação;t_t;000001;t_t;Situações tributadas integralmente pelo IBS e CBS.;)_g
(;17.24;t_t;Apresentação De Palestras, Conferências, Seminários E Congêneres.;t_t;1.2205.14.00;t_t;Serviços de palestras e conferências;t_t;030102;t_t;local da prestação;t_t;000001;t_t;Situações tributadas integralmente pelo IBS e CBS.;)_g
(;17.24;t_t;Apresentação De Palestras, Conferências, Seminários E Congêneres.;t_t;1.2205.14.00;t_t;Serviços de palestras e conferências;t_t;030103;t_t;local da prestação;t_t;000001;t_t;Situações tributadas integralmente pelo IBS e CBS.;)_g
(;17.24;t_t;Apresentação De Palestras, Conferências, Seminários E Congêneres.;t_t;1.2205.14.00;t_t;Serviços de palestras e conferências;t_t;030104;t_t;local da prestação;t_t;000001;t_t;Situações tributadas integralmente pelo IBS e CBS.;)_g
(;17.24;t_t;Apresentação De Palestras, Conferências, Seminários E Congêneres.;t_t;1.2205.14.00;t_t;Serviços de palestras e conferências;t_t;100301;t_t;Domicílio principal do adquirente;t_t;000001;t_t;Situações tributadas integralmente pelo IBS e CBS.;)_g
(;17.25;t_t;Inserção De Textos, Desenhos E Outros Materiais De Propaganda E Publicidade, Em Qualquer Meio (Exceto Em Livros, Jornais, Periódicos E Nas Modalidades De Serviços De Radiodifusão Sonora E De Sons E Imagens De Recepção Livre E Gratuita).(Incluído Pela Lei Complementar Nº 157, De 2016);t_t;1.1406.33.00;t_t;Venda de espaço para propaganda na rede mundial de computadores, exceto sob comissão ;t_t;100101;t_t;Domicílio principal do adquirente;t_t;000001;t_t;Situações tributadas integralmente pelo IBS e CBS.;)_g
(;17.25;t_t;Inserção De Textos, Desenhos E Outros Materiais De Propaganda E Publicidade, Em Qualquer Meio (Exceto Em Livros, Jornais, Periódicos E Nas Modalidades De Serviços De Radiodifusão Sonora E De Sons E Imagens De Recepção Livre E Gratuita).(Incluído Pela Lei Complementar Nº 157, De 2016);t_t;1.1406.34.00;t_t;Venda de espaço para propaganda em mídia exterior, exceto sob comissão;t_t;100101;t_t;Domicílio principal do adquirente;t_t;000001;t_t;Situações tributadas integralmente pelo IBS e CBS.;)_g
(;17.25;t_t;Inserção De Textos, Desenhos E Outros Materiais De Propaganda E Publicidade, Em Qualquer Meio (Exceto Em Livros, Jornais, Periódicos E Nas Modalidades De Serviços De Radiodifusão Sonora E De Sons E Imagens De Recepção Livre E Gratuita).(Incluído Pela Lei Complementar Nº 157, De 2016);t_t;1.1406.39.00;t_t;Venda de espaço ou tempo para propaganda, exceto sob comissão não classificados em subposições anteriores;t_t;100101;t_t;Domicílio principal do adquirente;t_t;000001;t_t;Situações tributadas integralmente pelo IBS e CBS.;)_g
(;18.01;t_t;Serviços De Regulação De Sinistros Vinculados A Contratos De Seguros; Inspeção E Avaliação De Riscos Para Cobertura De Contratos De Seguros; Prevenção E Gerência De Riscos Seguráveis E Congêneres.;t_t;1.0906.20.00;t_t;Serviços de perícia e avaliação de seguros e resseguros;t_t;100301;t_t;Domicílio principal do adquirente;t_t;000001;t_t;Situações tributadas integralmente pelo IBS e CBS.;)_g
(;19.01;t_t;Serviços De Distribuição E Venda De Bilhetes E Demais Produtos De Loteria, Bingos, Cartões, Pules Ou Cupons De Apostas, Sorteios, Prêmios, Inclusive Os Decorrentes De Títulos De Capitalização E Congêneres.;t_t;1.0905.11.00;t_t;Serviços de corretagem de títulos;t_t;100301;t_t;Domicílio principal do adquirente;t_t;000001;t_t;Situações tributadas integralmente pelo IBS e CBS.;)_g
(;20.01;t_t;Serviços Portuários, Ferroportuários, Utilização De Porto, Movimentação De Passageiros, Reboque De Embarcações, Rebocador Escoteiro, Atracação, Desatracação, Serviços De Praticagem, Capatazia, Armazenagem De Qualquer Natureza, Serviços Acessórios, Movimentação De Mercadorias, Serviços De Apoio Marítimo, De Movimentação Ao Largo, Serviços De Armadores, Estiva, Conferência, Logística E Congêneres.;t_t;1.0401.21.20;t_t;Serviços de transporte aquaviário local de passageiros, por navegação interior, em embarcações para cruzeiros;t_t;050201;t_t;local da prestação;t_t;000001;t_t;Situações tributadas integralmente pelo IBS e CBS.;)_g
(;20.01;t_t;Serviços Portuários, Ferroportuários, Utilização De Porto, Movimentação De Passageiros, Reboque De Embarcações, Rebocador Escoteiro, Atracação, Desatracação, Serviços De Praticagem, Capatazia, Armazenagem De Qualquer Natureza, Serviços Acessórios, Movimentação De Mercadorias, Serviços De Apoio Marítimo, De Movimentação Ao Largo, Serviços De Armadores, Estiva, Conferência, Logística E Congêneres.;t_t;1.0601.10.00;t_t;Serviços de manuseio de contêineres ;t_t;050201;t_t;local da prestação;t_t;000001;t_t;Situações tributadas integralmente pelo IBS e CBS.;)_g
(;20.01;t_t;Serviços Portuários, Ferroportuários, Utilização De Porto, Movimentação De Passageiros, Reboque De Embarcações, Rebocador Escoteiro, Atracação, Desatracação, Serviços De Praticagem, Capatazia, Armazenagem De Qualquer Natureza, Serviços Acessórios, Movimentação De Mercadorias, Serviços De Apoio Marítimo, De Movimentação Ao Largo, Serviços De Armadores, Estiva, Conferência, Logística E Congêneres.;t_t;1.0601.90.00;t_t;Serviços de manuseio de cargas não classificados em subposições anteriores ;t_t;050201;t_t;local da prestação;t_t;000001;t_t;Situações tributadas integralmente pelo IBS e CBS.;)_g
(;20.01;t_t;Serviços Portuários, Ferroportuários, Utilização De Porto, Movimentação De Passageiros, Reboque De Embarcações, Rebocador Escoteiro, Atracação, Desatracação, Serviços De Praticagem, Capatazia, Armazenagem De Qualquer Natureza, Serviços Acessórios, Movimentação De Mercadorias, Serviços De Apoio Marítimo, De Movimentação Ao Largo, Serviços De Armadores, Estiva, Conferência, Logística E Congêneres.;t_t;1.0605.10.00;t_t;Serviços de operação de portos e canais, exceto manuseio de cargas ;t_t;050201;t_t;local da prestação;t_t;000001;t_t;Situações tributadas integralmente pelo IBS e CBS.;)_g
(;20.01;t_t;Serviços Portuários, Ferroportuários, Utilização De Porto, Movimentação De Passageiros, Reboque De Embarcações, Rebocador Escoteiro, Atracação, Desatracação, Serviços De Praticagem, Capatazia, Armazenagem De Qualquer Natureza, Serviços Acessórios, Movimentação De Mercadorias, Serviços De Apoio Marítimo, De Movimentação Ao Largo, Serviços De Armadores, Estiva, Conferência, Logística E Congêneres.;t_t;1.0605.20.00;t_t;Serviços de praticagem e de atracação;t_t;050201;t_t;local da prestação;t_t;000001;t_t;Situações tributadas integralmente pelo IBS e CBS.;)_g
(;20.01;t_t;Serviços Portuários, Ferroportuários, Utilização De Porto, Movimentação De Passageiros, Reboque De Embarcações, Rebocador Escoteiro, Atracação, Desatracação, Serviços De Praticagem, Capatazia, Armazenagem De Qualquer Natureza, Serviços Acessórios, Movimentação De Mercadorias, Serviços De Apoio Marítimo, De Movimentação Ao Largo, Serviços De Armadores, Estiva, Conferência, Logística E Congêneres.;t_t;1.0605.30.00;t_t;Serviços de salvamento de embarcações ;t_t;050201;t_t;local da prestação;t_t;000001;t_t;Situações tributadas integralmente pelo IBS e CBS.;)_g
(;20.01;t_t;Serviços Portuários, Ferroportuários, Utilização De Porto, Movimentação De Passageiros, Reboque De Embarcações, Rebocador Escoteiro, Atracação, Desatracação, Serviços De Praticagem, Capatazia, Armazenagem De Qualquer Natureza, Serviços Acessórios, Movimentação De Mercadorias, Serviços De Apoio Marítimo, De Movimentação Ao Largo, Serviços De Armadores, Estiva, Conferência, Logística E Congêneres.;t_t;1.0605.40.00;t_t;Serviços de navegação de apoio ;t_t;050201;t_t;local da prestação;t_t;000001;t_t;Situações tributadas integralmente pelo IBS e CBS.;)_g
(;20.01;t_t;Serviços Portuários, Ferroportuários, Utilização De Porto, Movimentação De Passageiros, Reboque De Embarcações, Rebocador Escoteiro, Atracação, Desatracação, Serviços De Praticagem, Capatazia, Armazenagem De Qualquer Natureza, Serviços Acessórios, Movimentação De Mercadorias, Serviços De Apoio Marítimo, De Movimentação Ao Largo, Serviços De Armadores, Estiva, Conferência, Logística E Congêneres.;t_t;1.0605.90.00;t_t;Serviços de apoio ao transporte aquaviário não classificados em subposições anteriores;t_t;050201;t_t;local da prestação;t_t;000001;t_t;Situações tributadas integralmente pelo IBS e CBS.;)_g
(;20.01;t_t;Serviços Portuários, Ferroportuários, Utilização De Porto, Movimentação De Passageiros, Reboque De Embarcações, Rebocador Escoteiro, Atracação, Desatracação, Serviços De Praticagem, Capatazia, Armazenagem De Qualquer Natureza, Serviços Acessórios, Movimentação De Mercadorias, Serviços De Apoio Marítimo, De Movimentação Ao Largo, Serviços De Armadores, Estiva, Conferência, Logística E Congêneres.;t_t;1.0602.10.00;t_t;Serviços de armazenagem frigorificada ;t_t;050201;t_t;local da prestação;t_t;000001;t_t;Situações tributadas integralmente pelo IBS e CBS.;)_g
(;20.01;t_t;Serviços Portuários, Ferroportuários, Utilização De Porto, Movimentação De Passageiros, Reboque De Embarcações, Rebocador Escoteiro, Atracação, Desatracação, Serviços De Praticagem, Capatazia, Armazenagem De Qualquer Natureza, Serviços Acessórios, Movimentação De Mercadorias, Serviços De Apoio Marítimo, De Movimentação Ao Largo, Serviços De Armadores, Estiva, Conferência, Logística E Congêneres.;t_t;1.0602.21.00;t_t;Serviços de armazenagem de petróleo e seus derivados ;t_t;050201;t_t;local da prestação;t_t;000001;t_t;Situações tributadas integralmente pelo IBS e CBS.;)_g
(;20.01;t_t;Serviços Portuários, Ferroportuários, Utilização De Porto, Movimentação De Passageiros, Reboque De Embarcações, Rebocador Escoteiro, Atracação, Desatracação, Serviços De Praticagem, Capatazia, Armazenagem De Qualquer Natureza, Serviços Acessórios, Movimentação De Mercadorias, Serviços De Apoio Marítimo, De Movimentação Ao Largo, Serviços De Armadores, Estiva, Conferência, Logística E Congêneres.;t_t;1.0602.22.00;t_t;Serviços de armazenagem de combustíveis, lubrificantes e GLP, inclusive apresentado em botijões metálicos ;t_t;050201;t_t;local da prestação;t_t;000001;t_t;Situações tributadas integralmente pelo IBS e CBS.;)_g
(;20.01;t_t;Serviços Portuários, Ferroportuários, Utilização De Porto, Movimentação De Passageiros, Reboque De Embarcações, Rebocador Escoteiro, Atracação, Desatracação, Serviços De Praticagem, Capatazia, Armazenagem De Qualquer Natureza, Serviços Acessórios, Movimentação De Mercadorias, Serviços De Apoio Marítimo, De Movimentação Ao Largo, Serviços De Armadores, Estiva, Conferência, Logística E Congêneres.;t_t;1.0602.23.00;t_t;Serviços de armazenagem de produtos químicos perigosos ;t_t;050201;t_t;local da prestação;t_t;000001;t_t;Situações tributadas integralmente pelo IBS e CBS.;)_g
(;20.01;t_t;Serviços Portuários, Ferroportuários, Utilização De Porto, Movimentação De Passageiros, Reboque De Embarcações, Rebocador Escoteiro, Atracação, Desatracação, Serviços De Praticagem, Capatazia, Armazenagem De Qualquer Natureza, Serviços Acessórios, Movimentação De Mercadorias, Serviços De Apoio Marítimo, De Movimentação Ao Largo, Serviços De Armadores, Estiva, Conferência, Logística E Congêneres.;t_t;1.0602.29.00;t_t;Serviços de armazenagem de produtos perigosos não classificados em subposições anteriores;t_t;050201;t_t;local da prestação;t_t;000001;t_t;Situações tributadas integralmente pelo IBS e CBS.;)_g
(;20.01;t_t;Serviços Portuários, Ferroportuários, Utilização De Porto, Movimentação De Passageiros, Reboque De Embarcações, Rebocador Escoteiro, Atracação, Desatracação, Serviços De Praticagem, Capatazia, Armazenagem De Qualquer Natureza, Serviços Acessórios, Movimentação De Mercadorias, Serviços De Apoio Marítimo, De Movimentação Ao Largo, Serviços De Armadores, Estiva, Conferência, Logística E Congêneres.;t_t;1.0602.31.00;t_t;Serviços de armazenagem de granéis sólidos ;t_t;050201;t_t;local da prestação;t_t;000001;t_t;Situações tributadas integralmente pelo IBS e CBS.;)_g
(;20.01;t_t;Serviços Portuários, Ferroportuários, Utilização De Porto, Movimentação De Passageiros, Reboque De Embarcações, Rebocador Escoteiro, Atracação, Desatracação, Serviços De Praticagem, Capatazia, Armazenagem De Qualquer Natureza, Serviços Acessórios, Movimentação De Mercadorias, Serviços De Apoio Marítimo, De Movimentação Ao Largo, Serviços De Armadores, Estiva, Conferência, Logística E Congêneres.;t_t;1.0602.32.00;t_t;Serviços de armazenagem de granéis líquidos ou liquefeitos ;t_t;050201;t_t;local da prestação;t_t;000001;t_t;Situações tributadas integralmente pelo IBS e CBS.;)_g
(;20.01;t_t;Serviços Portuários, Ferroportuários, Utilização De Porto, Movimentação De Passageiros, Reboque De Embarcações, Rebocador Escoteiro, Atracação, Desatracação, Serviços De Praticagem, Capatazia, Armazenagem De Qualquer Natureza, Serviços Acessórios, Movimentação De Mercadorias, Serviços De Apoio Marítimo, De Movimentação Ao Largo, Serviços De Armadores, Estiva, Conferência, Logística E Congêneres.;t_t;1.0602.33.00;t_t;Serviços de armazenagem de granéis gasosos ;t_t;050201;t_t;local da prestação;t_t;000001;t_t;Situações tributadas integralmente pelo IBS e CBS.;)_g
(;20.01;t_t;Serviços Portuários, Ferroportuários, Utilização De Porto, Movimentação De Passageiros, Reboque De Embarcações, Rebocador Escoteiro, Atracação, Desatracação, Serviços De Praticagem, Capatazia, Armazenagem De Qualquer Natureza, Serviços Acessórios, Movimentação De Mercadorias, Serviços De Apoio Marítimo, De Movimentação Ao Largo, Serviços De Armadores, Estiva, Conferência, Logística E Congêneres.;t_t;1.0602.90.00;t_t;Serviços de armazenagem não classificados em subposições anteriores;t_t;050201;t_t;local da prestação;t_t;000001;t_t;Situações tributadas integralmente pelo IBS e CBS.;)_g
(;20.02;t_t;Serviços Aeroportuários, Utilização De Aeroporto, Movimentação De Passageiros, Armazenagem De Qualquer Natureza, Capatazia, Movimentação De Aeronaves, Serviços De Apoio Aeroportuários, Serviços Acessórios, Movimentação De Mercadorias, Logística E Congêneres.;t_t;1.0601.90.00;t_t;Serviços de manuseio de cargas não classificados em subposições anteriores ;t_t;050101;t_t;local da prestação;t_t;000001;t_t;Situações tributadas integralmente pelo IBS e CBS.;)_g
(;20.02;t_t;Serviços Aeroportuários, Utilização De Aeroporto, Movimentação De Passageiros, Armazenagem De Qualquer Natureza, Capatazia, Movimentação De Aeronaves, Serviços De Apoio Aeroportuários, Serviços Acessórios, Movimentação De Mercadorias, Logística E Congêneres.;t_t;1.0602.90.00;t_t;Serviços de armazenagem não classificados em subposições anteriores;t_t;050101;t_t;local da prestação;t_t;000001;t_t;Situações tributadas integralmente pelo IBS e CBS.;)_g
(;20.02;t_t;Serviços Aeroportuários, Utilização De Aeroporto, Movimentação De Passageiros, Armazenagem De Qualquer Natureza, Capatazia, Movimentação De Aeronaves, Serviços De Apoio Aeroportuários, Serviços Acessórios, Movimentação De Mercadorias, Logística E Congêneres.;t_t;1.0606.11.00;t_t;Serviços de operação aeroportuária, exceto manuseio de cargas ;t_t;100301;t_t;Domicílio principal do adquirente;t_t;000001;t_t;Situações tributadas integralmente pelo IBS e CBS.;)_g
(;20.02;t_t;Serviços Aeroportuários, Utilização De Aeroporto, Movimentação De Passageiros, Armazenagem De Qualquer Natureza, Capatazia, Movimentação De Aeronaves, Serviços De Apoio Aeroportuários, Serviços Acessórios, Movimentação De Mercadorias, Logística E Congêneres.;t_t;1.0606.12.00;t_t;Serviços de controle de tráfego aéreo ;t_t;100301;t_t;Domicílio principal do adquirente;t_t;000001;t_t;Situações tributadas integralmente pelo IBS e CBS.;)_g
(;20.02;t_t;Serviços Aeroportuários, Utilização De Aeroporto, Movimentação De Passageiros, Armazenagem De Qualquer Natureza, Capatazia, Movimentação De Aeronaves, Serviços De Apoio Aeroportuários, Serviços Acessórios, Movimentação De Mercadorias, Logística E Congêneres.;t_t;1.0606.19.00;t_t;Serviços de apoio ao transporte aéreo não classificados em subposições anteriores;t_t;100301;t_t;Domicílio principal do adquirente;t_t;000001;t_t;Situações tributadas integralmente pelo IBS e CBS.;)_g
(;20.02;t_t;Serviços Aeroportuários, Utilização De Aeroporto, Movimentação De Passageiros, Armazenagem De Qualquer Natureza, Capatazia, Movimentação De Aeronaves, Serviços De Apoio Aeroportuários, Serviços Acessórios, Movimentação De Mercadorias, Logística E Congêneres.;t_t;1.0606.20.00;t_t;Serviços de apoio ao transporte aeroespacial;t_t;100301;t_t;Domicílio principal do adquirente;t_t;000001;t_t;Situações tributadas integralmente pelo IBS e CBS.;)_g
(;20.03;t_t;Serviços De Terminais Rodoviários, Ferroviários, Metroviários, Movimentação De Passageiros, Mercadorias, Inclusive Suas Operações, Logística E Congêneres.;t_t;1.0601.90.00;t_t;Serviços de manuseio de cargas não classificados em subposições anteriores ;t_t;050101;t_t;local da prestação;t_t;000001;t_t;Situações tributadas integralmente pelo IBS e CBS.;)_g
(;20.03;t_t;Serviços De Terminais Rodoviários, Ferroviários, Metroviários, Movimentação De Passageiros, Mercadorias, Inclusive Suas Operações, Logística E Congêneres.;t_t;1.0603.00.00;t_t;Serviços de apoio ao transporte ferroviário ;t_t;100301;t_t;Domicílio principal do adquirente;t_t;000001;t_t;Situações tributadas integralmente pelo IBS e CBS.;)_g
(;20.03;t_t;Serviços De Terminais Rodoviários, Ferroviários, Metroviários, Movimentação De Passageiros, Mercadorias, Inclusive Suas Operações, Logística E Congêneres.;t_t;1.0604.10.00;t_t;Serviços de estações rodoviárias ;t_t;100301;t_t;Domicílio principal do adquirente;t_t;000001;t_t;Situações tributadas integralmente pelo IBS e CBS.;)_g
(;20.03;t_t;Serviços De Terminais Rodoviários, Ferroviários, Metroviários, Movimentação De Passageiros, Mercadorias, Inclusive Suas Operações, Logística E Congêneres.;t_t;1.0604.90.00;t_t;Serviços de apoio ao transporte rodoviário não classificados em subposições anteriores;t_t;100301;t_t;Domicílio principal do adquirente;t_t;000001;t_t;Situações tributadas integralmente pelo IBS e CBS.;)_g
(;21.01;t_t;Serviços De Registros Públicos, Cartorários E Notariais.;t_t;1.1304.00.00;t_t;Serviços notariais e de registro;t_t;100301;t_t;Domicílio principal do adquirente;t_t;000001;t_t;Situações tributadas integralmente pelo IBS e CBS.;)_g
(;22.01;t_t;Serviços De Exploração De Rodovia Mediante Cobrança De Preço Ou Pedágio Dos Usuários, Envolvendo Execução De Serviços De Conservação, Manutenção, Melhoramentos Para Adequação De Capacidade E Segurança De Trânsito, Operação, Monitoração, Assistência Aos Usuários E Outros Serviços Definidos Em Contratos, Atos De Concessão Ou De Permissão Ou Em Normas Oficiais.;t_t;1.0604.21.00;t_t;Serviços de operação de rodovias ;t_t;080101;t_t;via explorada;t_t;000002;t_t;Exploração de via;)_g
(;22.01;t_t;Serviços De Exploração De Rodovia Mediante Cobrança De Preço Ou Pedágio Dos Usuários, Envolvendo Execução De Serviços De Conservação, Manutenção, Melhoramentos Para Adequação De Capacidade E Segurança De Trânsito, Operação, Monitoração, Assistência Aos Usuários E Outros Serviços Definidos Em Contratos, Atos De Concessão Ou De Permissão Ou Em Normas Oficiais.;t_t;1.0604.22.00;t_t;Serviços de operação de pontes e túneis ;t_t;080101;t_t;via explorada;t_t;000002;t_t;Exploração de via;)_g
(;23.01;t_t;Serviços De Programação E Comunicação Visual, Desenho Industrial E Congêneres.;t_t;1.1409.21.00;t_t;Serviços de desenho industrial de embalagens, expositores de loja e objetos promocionais para comunicação e vendas;t_t;100301;t_t;Domicílio principal do adquirente;t_t;000001;t_t;Situações tributadas integralmente pelo IBS e CBS.;)_g
(;23.01;t_t;Serviços De Programação E Comunicação Visual, Desenho Industrial E Congêneres.;t_t;1.1409.22.00;t_t;Serviços de desenho industrial de produtos, utensílios, equipamentos, vestuário, calçados, ornamentos, joias e objetos pessoais;t_t;100301;t_t;Domicílio principal do adquirente;t_t;000001;t_t;Situações tributadas integralmente pelo IBS e CBS.;)_g
(;23.01;t_t;Serviços De Programação E Comunicação Visual, Desenho Industrial E Congêneres.;t_t;1.1409.23.00;t_t;Serviços de desenho industrial de máquinas, equipamentos, acessórios e objetos de uso industrial de qualquer natureza;t_t;100301;t_t;Domicílio principal do adquirente;t_t;000001;t_t;Situações tributadas integralmente pelo IBS e CBS.;)_g
(;23.01;t_t;Serviços De Programação E Comunicação Visual, Desenho Industrial E Congêneres.;t_t;1.1409.24.00;t_t;Serviços de desenho industrial de mobiliários e itens de decoração;t_t;100301;t_t;Domicílio principal do adquirente;t_t;000001;t_t;Situações tributadas integralmente pelo IBS e CBS.;)_g
(;23.01;t_t;Serviços De Programação E Comunicação Visual, Desenho Industrial E Congêneres.;t_t;1.1409.25.00;t_t;Serviços de desenho industrial de utensílios e equipamentos eletrodomésticos e eletroeletrônicos;t_t;100301;t_t;Domicílio principal do adquirente;t_t;000001;t_t;Situações tributadas integralmente pelo IBS e CBS.;)_g
(;23.01;t_t;Serviços De Programação E Comunicação Visual, Desenho Industrial E Congêneres.;t_t;1.1409.29.00;t_t;Serviços de desenho industrial não classificados em subposições anteriores;t_t;100301;t_t;Domicílio principal do adquirente;t_t;000001;t_t;Situações tributadas integralmente pelo IBS e CBS.;)_g
(;23.01;t_t;Serviços De Programação E Comunicação Visual, Desenho Industrial E Congêneres.;t_t;1.1409.30.00;t_t;Serviços de design de marcas, imagens, objetos gráficos e digitais;t_t;100301;t_t;Domicílio principal do adquirente;t_t;000001;t_t;Situações tributadas integralmente pelo IBS e CBS.;)_g
(;23.01;t_t;Serviços De Programação E Comunicação Visual, Desenho Industrial E Congêneres.;t_t;1.1409.90.00;t_t;Serviços especializados de design não classificados em subposições anteriores;t_t;100301;t_t;Domicílio principal do adquirente;t_t;000001;t_t;Situações tributadas integralmente pelo IBS e CBS.;)_g
(;24.01;t_t;Serviços De Chaveiros, Confecção De Carimbos, Placas, Sinalização Visual, Banners, Adesivos E Congêneres.;t_t;1.2606.00.00;t_t;Serviços pessoais não classificados em posições anteriores;t_t;050101;t_t;local da prestação;t_t;000001;t_t;Situações tributadas integralmente pelo IBS e CBS.;)_g
(;24.01;t_t;Serviços De Chaveiros, Confecção De Carimbos, Placas, Sinalização Visual, Banners, Adesivos E Congêneres.;t_t;1.2606.00.00;t_t;Serviços pessoais não classificados em posições anteriores;t_t;050102;t_t;local da prestação;t_t;000001;t_t;Situações tributadas integralmente pelo IBS e CBS.;)_g
(;24.01;t_t;Serviços De Chaveiros, Confecção De Carimbos, Placas, Sinalização Visual, Banners, Adesivos E Congêneres.;t_t;1.2606.00.00;t_t;Serviços pessoais não classificados em posições anteriores;t_t;050103;t_t;local da prestação;t_t;000001;t_t;Situações tributadas integralmente pelo IBS e CBS.;)_g
(;24.01;t_t;Serviços De Chaveiros, Confecção De Carimbos, Placas, Sinalização Visual, Banners, Adesivos E Congêneres.;t_t;1.2606.00.00;t_t;Serviços pessoais não classificados em posições anteriores;t_t;050104;t_t;local da prestação;t_t;000001;t_t;Situações tributadas integralmente pelo IBS e CBS.;)_g
(;24.01;t_t;Serviços De Chaveiros, Confecção De Carimbos, Placas, Sinalização Visual, Banners, Adesivos E Congêneres.;t_t;1.2606.00.00;t_t;Serviços pessoais não classificados em posições anteriores;t_t;100301;t_t;Domicílio principal do adquirente;t_t;000001;t_t;Situações tributadas integralmente pelo IBS e CBS.;)_g
(;25.01;t_t;Funerais, Inclusive Fornecimento De Caixão, Urna Ou Esquifes; Aluguel De Capela; Transporte Do Corpo Cadavérico; Fornecimento De Flores, Coroas E Outros Paramentos; Desembaraço De Certidão De Óbito; Fornecimento De Véu, Essa E Outros Adornos; Embalsamento, Embelezamento, Conservação Ou Restauração De Cadáveres.;t_t;1.1405.30.00;t_t;Serviços funerários, de cremação e de embalsamamento de animais;t_t;100301;t_t;Domicílio principal do adquirente;t_t;000001;t_t;Situações tributadas integralmente pelo IBS e CBS.;)_g
(;25.01;t_t;Funerais, Inclusive Fornecimento De Caixão, Urna Ou Esquifes; Aluguel De Capela; Transporte Do Corpo Cadavérico; Fornecimento De Flores, Coroas E Outros Paramentos; Desembaraço De Certidão De Óbito; Fornecimento De Véu, Essa E Outros Adornos; Embalsamento, Embelezamento, Conservação Ou Restauração De Cadáveres.;t_t;1.2603.00.00;t_t;Serviços funerários, de cremação e de embalsamamento;t_t;100301;t_t;Domicílio principal do adquirente;t_t;200029;t_t;Fornecimento dos serviços de saúde humana (Anexo III);)_g
(;25.02;t_t;Translado Intramunicipal E Cremação De Corpos E Partes De Corpos Cadavéricos. (Redação Dada Pela Lei Complementar Nº 157, De 2016);t_t;1.1405.30.00;t_t;Serviços funerários, de cremação e de embalsamamento de animais;t_t;100301;t_t;Domicílio principal do adquirente;t_t;000001;t_t;Situações tributadas integralmente pelo IBS e CBS.;)_g
(;25.02;t_t;Translado Intramunicipal E Cremação De Corpos E Partes De Corpos Cadavéricos. (Redação Dada Pela Lei Complementar Nº 157, De 2016);t_t;1.2603.00.00;t_t;Serviços funerários, de cremação e de embalsamamento;t_t;100301;t_t;Domicílio principal do adquirente;t_t;200029;t_t;Fornecimento dos serviços de saúde humana (Anexo III);)_g
(;25.03;t_t;Planos Ou Convênio Funerários.;t_t;1.2603.00.00;t_t;Serviços funerários, de cremação e de embalsamamento;t_t;100301;t_t;Domicílio principal do adquirente;t_t;011001;t_t;Planos de assistência funerária.;)_g
(;25.04;t_t;Manutenção E Conservação De Jazigos E Cemitérios.;t_t;1.2603.00.00;t_t;Serviços funerários, de cremação e de embalsamamento;t_t;020201;t_t;local do imóvel;t_t;000001;t_t;Situações tributadas integralmente pelo IBS e CBS.;)_g
(;25.05;t_t;Cessão De Uso De Espaços Em Cemitérios Para Sepultamento. (Incluído Pela Lei Complementar Nº 157, De 2016);t_t;1.2603.00.00;t_t;Serviços funerários, de cremação e de embalsamamento;t_t;020101;t_t;local do imóvel;t_t;000001;t_t;Situações tributadas integralmente pelo IBS e CBS.;)_g
(;26.01;t_t;Serviços De Coleta, Remessa Ou Entrega De Correspondências, Documentos, Objetos, Bens Ou Valores, Inclusive Pelos Correios E Suas Agências Franqueadas; Courrier E Congêneres.;t_t;1.0501.15.00;t_t;Serviços de transporte rodoviário de cargas postais e malotes;t_t;070100;t_t;local da prestação;t_t;000001;t_t;Situações tributadas integralmente pelo IBS e CBS.;)_g
(;26.01;t_t;Serviços De Coleta, Remessa Ou Entrega De Correspondências, Documentos, Objetos, Bens Ou Valores, Inclusive Pelos Correios E Suas Agências Franqueadas; Courrier E Congêneres.;t_t;1.0608.10.00;t_t;Serviços de coleta e entrega de cargas no transporte multimodal;t_t;070100;t_t;local da prestação;t_t;000001;t_t;Situações tributadas integralmente pelo IBS e CBS.;)_g
(;26.01;t_t;Serviços De Coleta, Remessa Ou Entrega De Correspondências, Documentos, Objetos, Bens Ou Valores, Inclusive Pelos Correios E Suas Agências Franqueadas; Courrier E Congêneres.;t_t;1.0701.00.00;t_t;Serviços postais e de telegrama;t_t;070100;t_t;local da prestação;t_t;000001;t_t;Situações tributadas integralmente pelo IBS e CBS.;)_g
(;26.01;t_t;Serviços De Coleta, Remessa Ou Entrega De Correspondências, Documentos, Objetos, Bens Ou Valores, Inclusive Pelos Correios E Suas Agências Franqueadas; Courrier E Congêneres.;t_t;1.0702.00.00;t_t;Serviços de coleta, transporte, remessa ou entrega de documentos ou encomendas, exceto remessas expressas;t_t;070100;t_t;local da prestação;t_t;000001;t_t;Situações tributadas integralmente pelo IBS e CBS.;)_g
(;26.01;t_t;Serviços De Coleta, Remessa Ou Entrega De Correspondências, Documentos, Objetos, Bens Ou Valores, Inclusive Pelos Correios E Suas Agências Franqueadas; Courrier E Congêneres.;t_t;1.0703.00.00;t_t;Serviços de remessas expressas;t_t;070100;t_t;local da prestação;t_t;000001;t_t;Situações tributadas integralmente pelo IBS e CBS.;)_g
(;26.01;t_t;Serviços De Coleta, Remessa Ou Entrega De Correspondências, Documentos, Objetos, Bens Ou Valores, Inclusive Pelos Correios E Suas Agências Franqueadas; Courrier E Congêneres.;t_t;1.1802.40.00;t_t;Serviços de carro-forte;t_t;070100;t_t;local da prestação;t_t;000001;t_t;Situações tributadas integralmente pelo IBS e CBS.;)_g
(;27.01;t_t;Serviços De Assistência Social.;t_t;1.2304.11.00;t_t;Serviços de reabilitação vocacional para pessoas com deficiência;t_t;030101;t_t;local da prestação;t_t;200052;t_t;Prestação de serviços de profissões intelectuais;)_g
(;27.01;t_t;Serviços De Assistência Social.;t_t;1.2304.11.00;t_t;Serviços de reabilitação vocacional para pessoas com deficiência;t_t;030102;t_t;local da prestação;t_t;200052;t_t;Prestação de serviços de profissões intelectuais;)_g
(;27.01;t_t;Serviços De Assistência Social.;t_t;1.2304.11.00;t_t;Serviços de reabilitação vocacional para pessoas com deficiência;t_t;030103;t_t;local da prestação;t_t;200052;t_t;Prestação de serviços de profissões intelectuais;)_g
(;27.01;t_t;Serviços De Assistência Social.;t_t;1.2304.11.00;t_t;Serviços de reabilitação vocacional para pessoas com deficiência;t_t;030104;t_t;local da prestação;t_t;200052;t_t;Prestação de serviços de profissões intelectuais;)_g
(;27.01;t_t;Serviços De Assistência Social.;t_t;1.2304.12.00;t_t;Serviços de reabilitação vocacional para desempregados;t_t;030101;t_t;local da prestação;t_t;200052;t_t;Prestação de serviços de profissões intelectuais;)_g
(;27.01;t_t;Serviços De Assistência Social.;t_t;1.2304.12.00;t_t;Serviços de reabilitação vocacional para desempregados;t_t;030102;t_t;local da prestação;t_t;200052;t_t;Prestação de serviços de profissões intelectuais;)_g
(;27.01;t_t;Serviços De Assistência Social.;t_t;1.2304.12.00;t_t;Serviços de reabilitação vocacional para desempregados;t_t;030103;t_t;local da prestação;t_t;200052;t_t;Prestação de serviços de profissões intelectuais;)_g
(;27.01;t_t;Serviços De Assistência Social.;t_t;1.2304.12.00;t_t;Serviços de reabilitação vocacional para desempregados;t_t;030104;t_t;local da prestação;t_t;200052;t_t;Prestação de serviços de profissões intelectuais;)_g
(;27.01;t_t;Serviços De Assistência Social.;t_t;1.2304.19.00;t_t;Serviço de reabilitação vocacional não classificados nas subposições anteriores;t_t;030101;t_t;local da prestação;t_t;200052;t_t;Prestação de serviços de profissões intelectuais;)_g
(;27.01;t_t;Serviços De Assistência Social.;t_t;1.2304.19.00;t_t;Serviço de reabilitação vocacional não classificados nas subposições anteriores;t_t;030102;t_t;local da prestação;t_t;200052;t_t;Prestação de serviços de profissões intelectuais;)_g
(;27.01;t_t;Serviços De Assistência Social.;t_t;1.2304.19.00;t_t;Serviço de reabilitação vocacional não classificados nas subposições anteriores;t_t;030103;t_t;local da prestação;t_t;200052;t_t;Prestação de serviços de profissões intelectuais;)_g
(;27.01;t_t;Serviços De Assistência Social.;t_t;1.2304.19.00;t_t;Serviço de reabilitação vocacional não classificados nas subposições anteriores;t_t;030104;t_t;local da prestação;t_t;200052;t_t;Prestação de serviços de profissões intelectuais;)_g
(;27.01;t_t;Serviços De Assistência Social.;t_t;1.2304.20.00;t_t;Serviços de orientação e aconselhamento relacionados a crianças e adolescentes;t_t;030101;t_t;local da prestação;t_t;200052;t_t;Prestação de serviços de profissões intelectuais;)_g
(;27.01;t_t;Serviços De Assistência Social.;t_t;1.2304.20.00;t_t;Serviços de orientação e aconselhamento relacionados a crianças e adolescentes;t_t;030102;t_t;local da prestação;t_t;200052;t_t;Prestação de serviços de profissões intelectuais;)_g
(;27.01;t_t;Serviços De Assistência Social.;t_t;1.2304.20.00;t_t;Serviços de orientação e aconselhamento relacionados a crianças e adolescentes;t_t;030103;t_t;local da prestação;t_t;200052;t_t;Prestação de serviços de profissões intelectuais;)_g
(;27.01;t_t;Serviços De Assistência Social.;t_t;1.2304.20.00;t_t;Serviços de orientação e aconselhamento relacionados a crianças e adolescentes;t_t;030104;t_t;local da prestação;t_t;200052;t_t;Prestação de serviços de profissões intelectuais;)_g
(;27.01;t_t;Serviços De Assistência Social.;t_t;1.2304.90.00;t_t;Serviços de assistência social sem acomodação não classificados em subposições anteriores;t_t;100301;t_t;Domicílio principal do adquirente;t_t;200052;t_t;Prestação de serviços de profissões intelectuais;)_g
(;28.01;t_t;Serviços De Avaliação De Bens E Serviços De Qualquer Natureza.;t_t;1.1404.14.00;t_t;Serviços de informações para avaliação e exploração de recursos naturais;t_t;100301;t_t;Domicílio principal do adquirente;t_t;000001;t_t;Situações tributadas integralmente pelo IBS e CBS.;)_g
(;28.01;t_t;Serviços De Avaliação De Bens E Serviços De Qualquer Natureza.;t_t;1.1001.30.00;t_t;Serviços de avaliação de imóveis;t_t;100301;t_t;Domicílio principal do adquirente;t_t;000001;t_t;Situações tributadas integralmente pelo IBS e CBS.;)_g
(;28.01;t_t;Serviços De Avaliação De Bens E Serviços De Qualquer Natureza.;t_t;1.0902.10.00;t_t;Serviços de valoração de ativos;t_t;100301;t_t;Domicílio principal do adquirente;t_t;000001;t_t;Situações tributadas integralmente pelo IBS e CBS.;)_g
(;29.01;t_t;Serviços De Biblioteconomia.;t_t;1.1705.10.00;t_t;Serviços de biblioteca;t_t;100301;t_t;Domicílio principal do adquirente;t_t;200052;t_t;Prestação de serviços de profissões intelectuais;)_g
(;29.01;t_t;Serviços De Biblioteconomia.;t_t;1.1705.20.00;t_t;Serviços de arquivo;t_t;100301;t_t;Domicílio principal do adquirente;t_t;200052;t_t;Prestação de serviços de profissões intelectuais;)_g
(;30.01;t_t;Serviços De Biologia, Biotecnologia E Química.;t_t;1.1415.00.00;t_t;Serviços profissionais, técnicos e gerenciais não classificados em posições anteriores;t_t;100301;t_t;Domicílio principal do adquirente;t_t;200052;t_t;Prestação de serviços de profissões intelectuais;)_g
(;31.01;t_t;Serviços Técnicos Em Edificações, Eletrônica, Eletrotécnica, Mecânica, Telecomunicações E Congêneres.;t_t;1.1415.00.00;t_t;Serviços profissionais, técnicos e gerenciais não classificados em posições anteriores;t_t;100301;t_t;Domicílio principal do adquirente;t_t;200052;t_t;Prestação de serviços de profissões intelectuais;)_g
(;32.01;t_t;Serviços De Desenhos Técnicos.;t_t;1.1409.90.00;t_t;Serviços especializados de design não classificados em subposições anteriores;t_t;100301;t_t;Domicílio principal do adquirente;t_t;000001;t_t;Situações tributadas integralmente pelo IBS e CBS.;)_g
(;33.01;t_t;Serviços De Desembaraço Aduaneiro, Comissários, Despachantes E Congêneres.;t_t;1.0204.00.00;t_t;Serviços de despacho aduaneiro;t_t;100301;t_t;Domicílio principal do adquirente;t_t;000001;t_t;Situações tributadas integralmente pelo IBS e CBS.;)_g
(;33.01;t_t;Serviços De Desembaraço Aduaneiro, Comissários, Despachantes E Congêneres.;t_t;1.2606.00.00;t_t;Serviços pessoais não classificados em posições anteriores;t_t;100301;t_t;Domicílio principal do adquirente;t_t;000001;t_t;Situações tributadas integralmente pelo IBS e CBS.;)_g
(;34.01;t_t;Serviços De Investigações Particulares, Detetives E Congêneres.;t_t;1.1802.10.00;t_t;Serviços de investigação ;t_t;100301;t_t;Domicílio principal do adquirente;t_t;000001;t_t;Situações tributadas integralmente pelo IBS e CBS.;)_g
(;35.01;t_t;Serviços De Reportagem, Assessoria De Imprensa, Jornalismo E Relações Públicas.;t_t;1.1401.31.00;t_t;Serviços de assessoria de imprensa;t_t;100301;t_t;Domicílio principal do adquirente;t_t;000001;t_t;Situações tributadas integralmente pelo IBS e CBS.;)_g
(;35.01;t_t;Serviços De Reportagem, Assessoria De Imprensa, Jornalismo E Relações Públicas.;t_t;1.1401.31.00;t_t;Serviços de assessoria de imprensa;t_t;100301;t_t;Domicílio principal do adquirente;t_t;200040;t_t;Fornecimento de serviços de comunicação institucional à administração pública;)_g
(;35.01;t_t;Serviços De Reportagem, Assessoria De Imprensa, Jornalismo E Relações Públicas.;t_t;1.1401.32.00;t_t;Serviços de relações públicas;t_t;100301;t_t;Domicílio principal do adquirente;t_t;200052;t_t;Prestação de serviços de profissões intelectuais;)_g
(;35.01;t_t;Serviços De Reportagem, Assessoria De Imprensa, Jornalismo E Relações Públicas.;t_t;1.1401.32.00;t_t;Serviços de relações públicas;t_t;100301;t_t;Domicílio principal do adquirente;t_t;200040;t_t;Fornecimento de serviços de comunicação institucional à administração pública;)_g
(;35.01;t_t;Serviços De Reportagem, Assessoria De Imprensa, Jornalismo E Relações Públicas.;t_t;1.1704.10.00;t_t;Serviços de agências de notícias para jornais e periódicos;t_t;100301;t_t;Domicílio principal do adquirente;t_t;000001;t_t;Situações tributadas integralmente pelo IBS e CBS.;)_g
(;35.01;t_t;Serviços De Reportagem, Assessoria De Imprensa, Jornalismo E Relações Públicas.;t_t;1.1704.20.00;t_t;Serviços de agências de notícias para mídia audiovisual;t_t;100301;t_t;Domicílio principal do adquirente;t_t;000001;t_t;Situações tributadas integralmente pelo IBS e CBS.;)_g
(;36.01;t_t;Serviços De Meteorologia.;t_t;1.1404.30.00;t_t;Serviços meteorológicos e de previsão do tempo;t_t;100301;t_t;Domicílio principal do adquirente;t_t;000001;t_t;Situações tributadas integralmente pelo IBS e CBS.;)_g
(;37.01;t_t;Serviços De Artistas, Atletas, Modelos E Manequins.;t_t;1.1806.81.00;t_t;Serviços de agenciamento de modelos;t_t;100301;t_t;Domicílio principal do adquirente;t_t;000001;t_t;Situações tributadas integralmente pelo IBS e CBS.;)_g
(;37.01;t_t;Serviços De Artistas, Atletas, Modelos E Manequins.;t_t;1.1806.82.00;t_t;Serviços de agenciamento de artistas;t_t;100301;t_t;Domicílio principal do adquirente;t_t;000001;t_t;Situações tributadas integralmente pelo IBS e CBS.;)_g
(;37.01;t_t;Serviços De Artistas, Atletas, Modelos E Manequins.;t_t;1.1806.83.00;t_t;Serviços de agenciamento de atletas;t_t;100301;t_t;Domicílio principal do adquirente;t_t;000001;t_t;Situações tributadas integralmente pelo IBS e CBS.;)_g
(;37.01;t_t;Serviços De Artistas, Atletas, Modelos E Manequins.;t_t;1.2506.00.00;t_t;Serviços fornecidos por atletas e desportistas, por conta própria, e serviços de apoio relacionados com desportes e recreação desportiva;t_t;100301;t_t;Domicílio principal do adquirente;t_t;000001;t_t;Situações tributadas integralmente pelo IBS e CBS.;)_g
(;37.01;t_t;Serviços De Artistas, Atletas, Modelos E Manequins.;t_t;1.2503.10.00;t_t;Serviços de atuação artística;t_t;100301;t_t;Domicílio principal do adquirente;t_t;000001;t_t;Situações tributadas integralmente pelo IBS e CBS.;)_g
(;37.01;t_t;Serviços De Artistas, Atletas, Modelos E Manequins.;t_t;1.2503.10.00;t_t;Serviços de atuação artística;t_t;100301;t_t;Domicílio principal do adquirente;t_t;200039;t_t;Fornecimento dos serviços e o licenciamento ou cessão dos direitos destinados às produções nacionais artísticas (Anexo X);)_g
(;38.01;t_t;Serviços De Museologia;t_t;1.2504.11.00;t_t;Serviços de museus;t_t;030101;t_t;local da prestação;t_t;200039;t_t;Fornecimento dos serviços e o licenciamento ou cessão dos direitos destinados às produções nacionais artísticas (Anexo X);)_g
(;38.01;t_t;Serviços De Museologia;t_t;1.2504.11.00;t_t;Serviços de museus;t_t;030101;t_t;local da prestação;t_t;000001;t_t;Situações tributadas integralmente pelo IBS e CBS.;)_g
(;38.01;t_t;Serviços De Museologia;t_t;1.2504.12.00;t_t;Serviços de preservação e operação de locais e construções históricas;t_t;030101;t_t;local da prestação;t_t;000001;t_t;Situações tributadas integralmente pelo IBS e CBS.;)_g
(;38.01;t_t;Serviços De Museologia;t_t;1.2504.12.00;t_t;Serviços de preservação e operação de locais e construções históricas;t_t;020201;t_t;local do imóvel;t_t;000001;t_t;Situações tributadas integralmente pelo IBS e CBS.;)_g
(;39.01;t_t;Serviços De Ourivesaria E Lapidação (Quando O Material For Fornecido Pelo Tomador Do Serviço).;t_t;1.2002.20.00;t_t;Serviços de manutenção e reparação de relógios e joias;t_t;050101;t_t;local da prestação;t_t;000001;t_t;Situações tributadas integralmente pelo IBS e CBS.;)_g
(;39.01;t_t;Serviços De Ourivesaria E Lapidação (Quando O Material For Fornecido Pelo Tomador Do Serviço).;t_t;1.2002.20.00;t_t;Serviços de manutenção e reparação de relógios e joias;t_t;050102;t_t;local da prestação;t_t;000001;t_t;Situações tributadas integralmente pelo IBS e CBS.;)_g
(;39.01;t_t;Serviços De Ourivesaria E Lapidação (Quando O Material For Fornecido Pelo Tomador Do Serviço).;t_t;1.2002.20.00;t_t;Serviços de manutenção e reparação de relógios e joias;t_t;050103;t_t;local da prestação;t_t;000001;t_t;Situações tributadas integralmente pelo IBS e CBS.;)_g
(;39.01;t_t;Serviços De Ourivesaria E Lapidação (Quando O Material For Fornecido Pelo Tomador Do Serviço).;t_t;1.2002.20.00;t_t;Serviços de manutenção e reparação de relógios e joias;t_t;050104;t_t;local da prestação;t_t;000001;t_t;Situações tributadas integralmente pelo IBS e CBS.;)_g
(;40.01;t_t;Obras De Arte Sob Encomenda.;t_t;1.1109.90.00;t_t;Cessão definitiva de outros direitos não classificada em subposições anteriores;t_t;100301;t_t;Domicílio principal do adquirente;t_t;000001;t_t;Situações tributadas integralmente pelo IBS e CBS.;)_g
(;40.01;t_t;Obras De Arte Sob Encomenda.;t_t;1.2503.20.00;t_t;Serviços de autores, compositores, escultores, pintores e outros artistas, exceto os de atuação artística;t_t;100301;t_t;Domicílio principal do adquirente;t_t;000001;t_t;Situações tributadas integralmente pelo IBS e CBS.;)_g
